date,B28H1804_2
2012-06-06 20:00:00,19.384
2012-06-07 20:00:00,19.382
2012-06-08 20:00:00,19.367
2012-06-09 20:00:00,19.339
2012-06-10 20:00:00,19.308
2012-06-11 20:00:00,19.298
2012-06-12 20:00:00,19.269
2012-06-13 20:00:00,19.239
2012-06-14 20:00:00,19.206
2012-06-15 20:00:00,19.255
2012-06-16 20:00:00,19.253
2012-06-17 20:00:00,19.26
2012-06-18 20:00:00,19.327
2012-06-19 20:00:00,19.292
2012-06-20 20:00:00,19.255
2012-06-21 20:00:00,19.238
2012-06-22 20:00:00,19.309
2012-06-23 20:00:00,19.252
2012-06-24 20:00:00,19.358
2012-06-25 20:00:00,19.34
2012-06-26 20:00:00,19.288
2012-06-27 20:00:00,19.281
2012-06-28 20:00:00,19.231
2012-06-29 20:00:00,19.2
2012-06-30 20:00:00,19.14
2012-07-01 20:00:00,19.109
2012-07-02 20:00:00,19.076
2012-07-03 20:00:00,19.056
2012-07-04 20:00:00,19.02
2012-07-05 20:00:00,19.01
2012-07-06 20:00:00,18.989
2012-07-07 20:00:00,18.972
2012-07-08 20:00:00,19.155
2012-07-09 20:00:00,19.132
2012-07-10 20:00:00,19.1
2012-07-11 20:00:00,19.062
2012-07-12 20:00:00,19.147
2012-07-13 20:00:00,19.249
2012-07-14 20:00:00,19.232
2012-07-15 20:00:00,19.211
2012-07-16 20:00:00,19.242
2012-07-17 20:00:00,19.362
2012-07-18 20:00:00,19.332
2012-07-19 20:00:00,19.407
2012-07-20 20:00:00,19.353
2012-07-21 20:00:00,19.321
2012-07-22 20:00:00,19.28
2012-07-23 20:00:00,19.225
2012-07-24 20:00:00,19.163
2012-07-25 20:00:00,19.096
2012-07-26 20:00:00,19.057
2012-07-27 20:00:00,19.023
2012-07-28 20:00:00,19.251
2012-07-29 20:00:00,19.287
2012-07-30 20:00:00,19.26
2012-07-31 20:00:00,19.237
2012-08-01 20:00:00,19.181
2012-08-02 20:00:00,19.138
2012-08-03 20:00:00,19.091
2012-08-04 20:00:00,19.06
2012-08-05 20:00:00,19.053
2012-08-06 20:00:00,19.111
2012-08-07 20:00:00,19.13
2012-08-08 20:00:00,19.253
2012-08-09 20:00:00,19.229
2012-08-10 20:00:00,19.175
2012-08-11 20:00:00,19.138
2012-08-12 20:00:00,19.071
2012-08-13 20:00:00,19.015
2012-08-14 20:00:00,18.978
2012-08-15 20:00:00,18.94
2012-08-16 20:00:00,18.953
2012-08-17 20:00:00,18.918
2012-08-18 20:00:00,18.876
2012-08-19 20:00:00,18.849
2012-08-20 20:00:00,18.85
2012-08-21 20:00:00,18.869
2012-08-22 20:00:00,18.849
2012-08-23 20:00:00,18.847
2012-08-24 20:00:00,18.839
2012-08-25 20:00:00,18.883
2012-08-26 20:00:00,18.991
2012-08-27 20:00:00,18.982
2012-08-28 20:00:00,18.989
2012-08-29 20:00:00,18.942
2012-08-30 20:00:00,18.916
2012-08-31 20:00:00,18.944
2012-09-01 20:00:00,18.899
2012-09-02 20:00:00,18.871
2012-09-03 20:00:00,18.857
2012-09-04 20:00:00,18.836
2012-09-05 20:00:00,18.827
2012-09-06 20:00:00,18.83
2012-09-07 20:00:00,18.832
2012-09-08 20:00:00,18.815
2012-09-09 20:00:00,18.782
2012-09-10 20:00:00,18.791
2012-09-11 20:00:00,18.877
2012-09-12 20:00:00,18.888
2012-09-13 20:00:00,18.882
2012-09-14 20:00:00,18.934
2012-09-15 20:00:00,18.916
2012-09-16 20:00:00,18.891
2012-09-17 20:00:00,18.876
2012-09-18 20:00:00,18.884
2012-09-19 20:00:00,18.929
2012-09-20 20:00:00,18.933
2012-09-21 20:00:00,18.913
2012-09-22 20:00:00,18.866
2012-09-23 20:00:00,18.877
2012-09-24 20:00:00,19.209
2012-09-25 20:00:00,19.157
2012-09-26 20:00:00,19.173
2012-09-27 20:00:00,19.253
2012-09-28 20:00:00,19.219
2012-09-29 20:00:00,19.174
2012-09-30 20:00:00,19.127
2012-10-01 20:00:00,19.095
2012-10-02 20:00:00,19.092
2012-10-03 20:00:00,19.217
2012-10-04 20:00:00,19.357
2012-10-05 20:00:00,19.407
2012-10-06 20:00:00,19.499
2012-10-07 20:00:00,19.455
2012-10-08 20:00:00,19.442
2012-10-09 20:00:00,19.418
2012-10-10 20:00:00,19.409
2012-10-11 20:00:00,19.393
2012-10-12 20:00:00,19.446
2012-10-13 20:00:00,19.505
2012-10-14 20:00:00,19.515
2012-10-15 20:00:00,19.485
2012-10-16 20:00:00,19.479
2012-10-17 20:00:00,19.467
2012-10-18 20:00:00,19.446
2012-10-19 20:00:00,19.425
2012-10-20 20:00:00,19.424
2012-10-21 20:00:00,19.433
2012-10-22 20:00:00,19.425
2012-10-23 20:00:00,19.43
2012-10-24 20:00:00,19.442
2012-10-25 20:00:00,19.437
2012-10-26 20:00:00,19.435
2012-10-27 20:00:00,19.427
2012-10-28 20:00:00,19.425
2012-10-29 20:00:00,19.449
2012-10-30 20:00:00,19.488
2012-10-31 20:00:00,19.479
2012-11-01 20:00:00,19.507
2012-11-02 20:00:00,19.488
2012-11-03 20:00:00,19.495
2012-11-04 20:00:00,19.5
2012-11-05 20:00:00,19.491
2012-11-06 20:00:00,19.481
2012-11-07 20:00:00,19.506
2012-11-08 20:00:00,19.501
2012-11-09 20:00:00,19.506
2012-11-10 20:00:00,19.506
2012-11-11 20:00:00,19.489
2012-11-12 20:00:00,19.48
2012-11-13 20:00:00,19.477
2012-11-14 20:00:00,19.478
2012-11-15 20:00:00,19.481
2012-11-16 20:00:00,19.479
2012-11-17 20:00:00,19.478
2012-11-18 20:00:00,19.498
2012-11-19 20:00:00,19.498
2012-11-20 20:00:00,19.495
2012-11-21 20:00:00,19.495
2012-11-22 20:00:00,19.487
2012-11-23 20:00:00,19.507
2012-11-24 20:00:00,19.499
2012-11-25 20:00:00,19.517
2012-11-26 20:00:00,19.527
2012-11-27 20:00:00,19.52
2012-11-28 20:00:00,19.516
2012-11-29 20:00:00,19.511
2012-11-30 20:00:00,19.503
2012-12-01 20:00:00,19.503
2012-12-02 20:00:00,19.529
2012-12-03 20:00:00,19.537
2012-12-04 20:00:00,19.569
2012-12-05 20:00:00,19.562
2012-12-06 20:00:00,19.545
2012-12-07 20:00:00,19.542
2012-12-08 20:00:00,19.52
2012-12-09 20:00:00,19.591
2012-12-10 20:00:00,19.603
2012-12-11 20:00:00,19.588
2012-12-12 20:00:00,19.602
2012-12-13 20:00:00,19.587
2012-12-14 20:00:00,19.594
2012-12-15 20:00:00,19.613
2012-12-16 20:00:00,19.615
2012-12-17 20:00:00,19.623
2012-12-18 20:00:00,19.636
2012-12-19 20:00:00,19.63
2012-12-20 20:00:00,19.606
2012-12-21 20:00:00,19.623
2012-12-22 20:00:00,19.625
2012-12-23 20:00:00,19.674
2012-12-24 20:00:00,19.66
2012-12-25 20:00:00,19.685
2012-12-26 20:00:00,19.671
2012-12-27 20:00:00,19.684
2012-12-28 20:00:00,19.652
2012-12-29 20:00:00,19.649
2012-12-30 20:00:00,19.659
2012-12-31 20:00:00,19.65
2013-01-01 20:00:00,19.703
2013-01-02 20:00:00,19.681
2013-01-03 20:00:00,19.658
2013-01-04 20:00:00,19.645
2013-01-05 20:00:00,19.637
2013-01-06 20:00:00,19.635
2013-01-07 20:00:00,19.633
2013-01-08 20:00:00,19.628
2013-01-09 20:00:00,19.671
2013-01-10 20:00:00,19.696
2013-01-11 20:00:00,19.662
2013-01-12 20:00:00,19.651
2013-01-13 20:00:00,19.635
2013-01-14 20:00:00,19.632
2013-01-15 20:00:00,19.623
2013-01-16 20:00:00,19.618
2013-01-17 20:00:00,19.614
2013-01-18 20:00:00,19.624
2013-01-19 20:00:00,19.617
2013-01-20 20:00:00,19.61
2013-01-21 20:00:00,19.608
2013-01-22 20:00:00,19.605
2013-01-23 20:00:00,19.604
2013-01-24 20:00:00,19.595
2013-01-25 20:00:00,19.598
2013-01-26 20:00:00,19.597
2013-01-27 20:00:00,19.646
2013-01-28 20:00:00,19.653
2013-01-29 20:00:00,19.669
2013-01-30 20:00:00,19.709
2013-01-31 20:00:00,19.704
2013-02-01 20:00:00,19.705
2013-02-02 20:00:00,19.679
2013-02-03 20:00:00,19.662
2013-02-04 20:00:00,19.689
2013-02-05 20:00:00,19.701
2013-02-06 20:00:00,19.679
2013-02-07 20:00:00,19.668
2013-02-08 20:00:00,19.658
2013-02-09 20:00:00,19.651
2013-02-10 20:00:00,19.653
2013-02-11 20:00:00,19.637
2013-02-12 20:00:00,19.623
2013-02-13 20:00:00,19.619
2013-02-14 20:00:00,19.617
2013-02-15 20:00:00,19.624
2013-02-16 20:00:00,19.627
2013-02-17 20:00:00,19.625
2013-02-18 20:00:00,19.619
2013-02-19 20:00:00,19.617
2013-02-20 20:00:00,19.608
2013-02-21 20:00:00,19.603
2013-02-22 20:00:00,19.598
2013-02-23 20:00:00,19.589
2013-02-24 20:00:00,19.586
2013-02-25 20:00:00,19.605
2013-02-26 20:00:00,19.61
2013-02-27 20:00:00,19.61
2013-02-28 20:00:00,19.606
2013-03-01 20:00:00,19.602
2013-03-02 20:00:00,19.597
2013-03-03 20:00:00,19.592
2013-03-04 20:00:00,19.592
2013-03-05 20:00:00,19.59
2013-03-06 20:00:00,19.584
2013-03-07 20:00:00,19.581
2013-03-08 20:00:00,19.576999999999998
2013-03-09 20:00:00,19.629
2013-03-10 20:00:00,19.642
2013-03-11 20:00:00,19.629
2013-03-12 20:00:00,19.62
2013-03-13 20:00:00,19.609
2013-03-14 20:00:00,19.607
2013-03-15 20:00:00,19.607
2013-03-16 20:00:00,19.614
2013-03-17 20:00:00,19.615
2013-03-18 20:00:00,19.618
2013-03-19 20:00:00,19.602
2013-03-20 20:00:00,19.591
2013-03-21 20:00:00,19.583
2013-03-22 20:00:00,19.581
2013-03-23 20:00:00,19.571
2013-03-24 20:00:00,19.563
2013-03-25 20:00:00,19.559
2013-03-26 20:00:00,19.558
2013-03-27 20:00:00,19.558
2013-03-28 20:00:00,19.556
2013-03-29 20:00:00,19.559
2013-03-30 20:00:00,19.555
2013-03-31 20:00:00,19.551
2013-04-01 20:00:00,19.547
2013-04-02 20:00:00,19.539
2013-04-03 20:00:00,19.537
2013-04-04 20:00:00,19.535
2013-04-05 20:00:00,19.531
2013-04-06 20:00:00,19.521
2013-04-07 20:00:00,19.522
2013-04-08 20:00:00,19.525
2013-04-09 20:00:00,19.528
2013-04-10 20:00:00,19.529
2013-04-11 20:00:00,19.552
2013-04-12 20:00:00,19.563
2013-04-13 20:00:00,19.546
2013-04-14 20:00:00,19.54
2013-04-15 20:00:00,19.538
2013-04-16 20:00:00,19.535
2013-04-17 20:00:00,19.534
2013-04-18 20:00:00,19.525
2013-04-19 20:00:00,19.542
2013-04-20 20:00:00,19.514
2013-04-21 20:00:00,19.516
2013-04-22 20:00:00,19.513
2013-04-23 20:00:00,19.506
2013-04-24 20:00:00,19.5
2013-04-25 20:00:00,19.502
2013-04-26 20:00:00,19.553
2013-04-27 20:00:00,19.532
2013-04-28 20:00:00,19.523
2013-04-29 20:00:00,19.52
2013-04-30 20:00:00,19.508
2013-05-01 20:00:00,19.503
2013-05-02 20:00:00,19.495
2013-05-03 20:00:00,19.485
2013-05-04 20:00:00,19.473
2013-05-05 20:00:00,19.463
2013-05-06 20:00:00,19.457
2013-05-07 20:00:00,19.469
2013-05-08 20:00:00,19.465
2013-05-09 20:00:00,19.453
2013-05-10 20:00:00,19.449
2013-05-11 20:00:00,19.467
2013-05-12 20:00:00,19.461
2013-05-13 20:00:00,19.469
2013-05-14 20:00:00,19.477
2013-05-15 20:00:00,19.474
2013-05-16 20:00:00,19.531
2013-05-17 20:00:00,19.524
2013-05-18 20:00:00,19.525
2013-05-19 20:00:00,19.511
2013-05-20 20:00:00,19.513
2013-05-21 20:00:00,19.529
2013-05-22 20:00:00,19.532
2013-05-23 20:00:00,19.54
2013-05-24 20:00:00,19.515
2013-05-25 20:00:00,19.498
2013-05-26 20:00:00,19.522
2013-05-27 20:00:00,19.491
2013-05-28 20:00:00,19.474
2013-05-29 20:00:00,19.515
2013-05-30 20:00:00,19.489
2013-05-31 20:00:00,19.463
2013-06-01 20:00:00,19.46
2013-06-02 20:00:00,19.43
2013-06-03 20:00:00,19.417
2013-06-04 20:00:00,19.393
2013-06-05 20:00:00,19.365
2013-06-06 20:00:00,19.335
2013-06-07 20:00:00,19.309
2013-06-08 20:00:00,19.288
2013-06-09 20:00:00,19.273
2013-06-10 20:00:00,19.256
2013-06-11 20:00:00,19.236
2013-06-12 20:00:00,19.229
2013-06-13 20:00:00,19.287
2013-06-14 20:00:00,19.248
2013-06-15 20:00:00,19.214
2013-06-16 20:00:00,19.184
2013-06-17 20:00:00,19.15
2013-06-18 20:00:00,19.099
2013-06-19 20:00:00,19.088
2013-06-20 20:00:00,19.426
2013-06-21 20:00:00,19.47
2013-06-22 20:00:00,19.428
2013-06-23 20:00:00,19.424
2013-06-24 20:00:00,19.437
2013-06-25 20:00:00,19.395
2013-06-26 20:00:00,19.377
2013-06-27 20:00:00,19.376
2013-06-28 20:00:00,19.464
2013-06-29 20:00:00,19.473
2013-06-30 20:00:00,19.45
2013-07-01 20:00:00,19.42
2013-07-02 20:00:00,19.391
2013-07-03 20:00:00,19.392
2013-07-04 20:00:00,19.366
2013-07-05 20:00:00,19.346
2013-07-06 20:00:00,19.294
2013-07-07 20:00:00,19.256
2013-07-08 20:00:00,19.212
2013-07-09 20:00:00,19.174
2013-07-10 20:00:00,19.179
2013-07-11 20:00:00,19.137
2013-07-12 20:00:00,19.152
2013-07-13 20:00:00,19.102
2013-07-14 20:00:00,19.096
2013-07-15 20:00:00,19.053
2013-07-16 20:00:00,19.027
2013-07-17 20:00:00,19.008
2013-07-18 20:00:00,18.976
2013-07-19 20:00:00,18.96
2013-07-20 20:00:00,18.957
2013-07-21 20:00:00,18.917
2013-07-22 20:00:00,18.885
2013-07-23 20:00:00,18.846
2013-07-24 20:00:00,19.007
2013-07-25 20:00:00,18.996
2013-07-26 20:00:00,19.039
2013-07-27 20:00:00,19.224
2013-07-28 20:00:00,19.207
2013-07-29 20:00:00,19.144
2013-07-30 20:00:00,19.112
2013-07-31 20:00:00,19.116
2013-08-01 20:00:00,19.037
2013-08-02 20:00:00,18.957
2013-08-03 20:00:00,18.93
2013-08-04 20:00:00,18.894
2013-08-05 20:00:00,18.853
2013-08-06 20:00:00,18.862
2013-08-07 20:00:00,18.985
2013-08-08 20:00:00,18.949
2013-08-09 20:00:00,18.913
2013-08-10 20:00:00,18.896
2013-08-11 20:00:00,18.877
2013-08-12 20:00:00,18.876
2013-08-13 20:00:00,18.888
2013-08-14 20:00:00,18.849
2013-08-15 20:00:00,18.871
2013-08-16 20:00:00,18.82
2013-08-17 20:00:00,18.847
2013-08-18 20:00:00,18.885
2013-08-19 20:00:00,19.01
2013-08-20 20:00:00,19.007
2013-08-21 20:00:00,18.964
2013-08-22 20:00:00,18.926
2013-08-23 20:00:00,18.881
2013-08-24 20:00:00,18.841
2013-08-25 20:00:00,18.826
2013-08-26 20:00:00,18.797
2013-08-27 20:00:00,18.777
2013-08-28 20:00:00,18.751
2013-08-29 20:00:00,18.762
2013-08-30 20:00:00,18.75
2013-08-31 20:00:00,18.753
2013-09-01 20:00:00,18.75
2013-09-02 20:00:00,18.789
2013-09-03 20:00:00,18.804
2013-09-04 20:00:00,18.76
2013-09-05 20:00:00,18.705
2013-09-06 20:00:00,18.725
2013-09-07 20:00:00,18.829
2013-09-08 20:00:00,19.23
2013-09-09 20:00:00,19.189
2013-09-10 20:00:00,19.488
2013-09-11 20:00:00,19.474
2013-09-12 20:00:00,19.432
2013-09-13 20:00:00,19.412
2013-09-14 20:00:00,19.449
2013-09-15 20:00:00,19.418
2013-09-16 20:00:00,19.455
2013-09-17 20:00:00,19.428
2013-09-18 20:00:00,19.441
2013-09-19 20:00:00,19.424
2013-09-20 20:00:00,19.409
2013-09-21 20:00:00,19.4
2013-09-22 20:00:00,19.391
2013-09-23 20:00:00,19.39
2013-09-24 20:00:00,19.392
2013-09-25 20:00:00,19.387
2013-09-26 20:00:00,19.366
2013-09-27 20:00:00,19.349
2013-09-28 20:00:00,19.328
2013-09-29 20:00:00,19.306
2013-09-30 20:00:00,19.292
2013-10-01 20:00:00,19.275
2013-10-02 20:00:00,19.252
2013-10-03 20:00:00,19.23
2013-10-04 20:00:00,19.266
2013-10-05 20:00:00,19.258
2013-10-06 20:00:00,19.262
2013-10-07 20:00:00,19.25
2013-10-08 20:00:00,19.241
2013-10-09 20:00:00,19.255
2013-10-10 20:00:00,19.27
2013-10-11 20:00:00,19.451
2013-10-12 20:00:00,19.571
2013-10-13 20:00:00,19.557
2013-10-14 20:00:00,19.543
2013-10-15 20:00:00,19.566
2013-10-16 20:00:00,19.553
2013-10-17 20:00:00,19.527
2013-10-18 20:00:00,19.516
2013-10-19 20:00:00,19.511
2013-10-20 20:00:00,19.519
2013-10-21 20:00:00,19.505
2013-10-22 20:00:00,19.496
2013-10-23 20:00:00,19.549
2013-10-24 20:00:00,19.534
2013-10-25 20:00:00,19.531
2013-10-26 20:00:00,19.529
2013-10-27 20:00:00,19.544
2013-10-28 20:00:00,19.581
2013-10-29 20:00:00,19.56
2013-10-30 20:00:00,19.555
2013-10-31 20:00:00,19.551
2013-11-01 20:00:00,19.55
2013-11-02 20:00:00,19.6
2013-11-03 20:00:00,19.651
2013-11-04 20:00:00,19.694
2013-11-05 20:00:00,19.686
2013-11-06 20:00:00,19.673000000000002
2013-11-07 20:00:00,19.688
2013-11-08 20:00:00,19.684
2013-11-09 20:00:00,19.677
2013-11-10 20:00:00,19.692
2013-11-11 20:00:00,19.674
2013-11-12 20:00:00,19.676
2013-11-13 20:00:00,19.667
2013-11-14 20:00:00,19.662
2013-11-15 20:00:00,19.648
2013-11-16 20:00:00,19.643
2013-11-17 20:00:00,19.643
2013-11-18 20:00:00,19.646
2013-11-19 20:00:00,19.642
2013-11-20 20:00:00,19.645
2013-11-21 20:00:00,19.628
2013-11-22 20:00:00,19.62
2013-11-23 20:00:00,19.614
2013-11-24 20:00:00,19.606
2013-11-25 20:00:00,19.606
2013-11-26 20:00:00,19.604
2013-11-27 20:00:00,19.601
2013-11-28 20:00:00,19.601
2013-11-29 20:00:00,19.619
2013-11-30 20:00:00,19.625
2013-12-01 20:00:00,19.616
2013-12-02 20:00:00,19.614
2013-12-03 20:00:00,19.611
2013-12-04 20:00:00,19.609
2013-12-05 20:00:00,19.652
2013-12-06 20:00:00,19.652
2013-12-07 20:00:00,19.646
2013-12-08 20:00:00,19.647
2013-12-09 20:00:00,19.642
2013-12-10 20:00:00,19.634
2013-12-11 20:00:00,19.627
2013-12-12 20:00:00,19.627
2013-12-13 20:00:00,19.62
2013-12-14 20:00:00,19.626
2013-12-15 20:00:00,19.628
2013-12-16 20:00:00,19.621
2013-12-17 20:00:00,19.612
2013-12-18 20:00:00,19.616
2013-12-19 20:00:00,19.643
2013-12-20 20:00:00,19.626
2013-12-21 20:00:00,19.623
2013-12-22 20:00:00,19.629
2013-12-23 20:00:00,19.628
2013-12-24 20:00:00,19.68
2013-12-25 20:00:00,19.706
2013-12-26 20:00:00,19.685
2013-12-27 20:00:00,19.678
2013-12-28 20:00:00,19.713
2013-12-29 20:00:00,19.688
2013-12-30 20:00:00,19.678
2013-12-31 20:00:00,19.675
2014-01-01 20:00:00,19.671
2014-01-02 20:00:00,19.664
2014-01-03 20:00:00,19.672
2014-01-04 20:00:00,19.681
2014-01-05 20:00:00,19.673000000000002
2014-01-06 20:00:00,19.673000000000002
2014-01-07 20:00:00,19.667
2014-01-08 20:00:00,19.682
2014-01-09 20:00:00,19.678
2014-01-10 20:00:00,19.669
2014-01-11 20:00:00,19.667
2014-01-12 20:00:00,19.662
2014-01-13 20:00:00,19.658
2014-01-14 20:00:00,19.653
2014-01-15 20:00:00,19.654
2014-01-16 20:00:00,19.67
2014-01-17 20:00:00,19.662
2014-01-18 20:00:00,19.672
2014-01-19 20:00:00,19.663
2014-01-20 20:00:00,19.655
2014-01-21 20:00:00,19.655
2014-01-22 20:00:00,19.649
2014-01-23 20:00:00,19.652
2014-01-24 20:00:00,19.647
2014-01-25 20:00:00,19.651
2014-01-26 20:00:00,19.694
2014-01-27 20:00:00,19.716
2014-01-28 20:00:00,19.698
2014-01-29 20:00:00,19.681
2014-01-30 20:00:00,19.664
2014-01-31 20:00:00,19.661
2014-02-01 20:00:00,19.665
2014-02-02 20:00:00,19.654
2014-02-03 20:00:00,19.65
2014-02-04 20:00:00,19.647
2014-02-05 20:00:00,19.645
2014-02-06 20:00:00,19.639
2014-02-07 20:00:00,19.7
2014-02-08 20:00:00,19.71
2014-02-09 20:00:00,19.699
2014-02-10 20:00:00,19.687
2014-02-11 20:00:00,19.675
2014-02-12 20:00:00,19.669
2014-02-13 20:00:00,19.682
2014-02-14 20:00:00,19.683
2014-02-15 20:00:00,19.684
2014-02-16 20:00:00,19.667
2014-02-17 20:00:00,19.657
2014-02-18 20:00:00,19.654
2014-02-19 20:00:00,19.65
2014-02-20 20:00:00,19.65
2014-02-21 20:00:00,19.663
2014-02-22 20:00:00,19.646
2014-02-23 20:00:00,19.637
2014-02-24 20:00:00,19.635
2014-02-25 20:00:00,19.628
2014-02-26 20:00:00,19.617
2014-02-27 20:00:00,19.624
2014-02-28 20:00:00,19.624
2014-03-01 20:00:00,19.621
2014-03-02 20:00:00,19.617
2014-03-03 20:00:00,19.61
2014-03-04 20:00:00,19.595
2014-03-05 20:00:00,19.586
2014-03-06 20:00:00,19.583
2014-03-07 20:00:00,19.576999999999998
2014-03-08 20:00:00,19.573
2014-03-09 20:00:00,19.568
2014-03-10 20:00:00,19.564
2014-03-11 20:00:00,19.56
2014-03-12 20:00:00,19.561
2014-03-13 20:00:00,19.557
2014-03-14 20:00:00,19.564
2014-03-15 20:00:00,19.557
2014-03-16 20:00:00,19.566
2014-03-17 20:00:00,19.559
2014-03-18 20:00:00,19.567
2014-03-19 20:00:00,19.574
2014-03-20 20:00:00,19.569
2014-03-21 20:00:00,19.613
2014-03-22 20:00:00,19.609
2014-03-23 20:00:00,19.61
2014-03-24 20:00:00,19.606
2014-03-25 20:00:00,19.596
2014-03-26 20:00:00,19.583
2014-03-27 20:00:00,19.575
2014-03-28 20:00:00,19.563
2014-03-29 20:00:00,19.555
2014-03-30 20:00:00,19.548000000000002
2014-03-31 20:00:00,19.546
2014-04-01 20:00:00,19.544
2014-04-02 20:00:00,19.541
2014-04-03 20:00:00,19.537
2014-04-04 20:00:00,19.535
2014-04-05 20:00:00,19.528
2014-04-06 20:00:00,19.526
2014-04-07 20:00:00,19.527
2014-04-08 20:00:00,19.575
2014-04-09 20:00:00,19.583
2014-04-10 20:00:00,19.573
2014-04-11 20:00:00,19.563
2014-04-12 20:00:00,19.55
2014-04-13 20:00:00,19.54
2014-04-14 20:00:00,19.536
2014-04-15 20:00:00,19.52
2014-04-16 20:00:00,19.515
2014-04-17 20:00:00,19.515
2014-04-18 20:00:00,19.509
2014-04-19 20:00:00,19.497
2014-04-20 20:00:00,19.493
2014-04-21 20:00:00,19.506
2014-04-22 20:00:00,19.487
2014-04-23 20:00:00,19.48
2014-04-24 20:00:00,19.505
2014-04-25 20:00:00,19.493
2014-04-26 20:00:00,19.489
2014-04-27 20:00:00,19.533
2014-04-28 20:00:00,19.522
2014-04-29 20:00:00,19.529
2014-04-30 20:00:00,19.554
2014-05-01 20:00:00,19.557
2014-05-02 20:00:00,19.536
2014-05-03 20:00:00,19.517
2014-05-04 20:00:00,19.506
2014-05-05 20:00:00,19.495
2014-05-06 20:00:00,19.488
2014-05-07 20:00:00,19.559
2014-05-08 20:00:00,19.567
2014-05-09 20:00:00,19.617
2014-05-10 20:00:00,19.635
2014-05-11 20:00:00,19.631
2014-05-12 20:00:00,19.637
2014-05-13 20:00:00,19.613
2014-05-14 20:00:00,19.616
2014-05-15 20:00:00,19.601
2014-05-16 20:00:00,19.586
2014-05-17 20:00:00,19.572
2014-05-18 20:00:00,19.556
2014-05-19 20:00:00,19.537
2014-05-20 20:00:00,19.517
2014-05-21 20:00:00,19.508
2014-05-22 20:00:00,19.494
2014-05-23 20:00:00,19.527
2014-05-24 20:00:00,19.502
2014-05-25 20:00:00,19.475
2014-05-26 20:00:00,19.595
2014-05-27 20:00:00,19.668
2014-05-28 20:00:00,19.705
2014-05-29 20:00:00,19.687
2014-05-30 20:00:00,19.658
2014-05-31 20:00:00,19.632
2014-06-01 20:00:00,19.612
2014-06-02 20:00:00,19.593
2014-06-03 20:00:00,19.575
2014-06-04 20:00:00,19.592
2014-06-05 20:00:00,19.607
2014-06-06 20:00:00,19.571
2014-06-07 20:00:00,19.542
2014-06-08 20:00:00,19.531
2014-06-09 20:00:00,19.607
2014-06-10 20:00:00,19.609
2014-06-11 20:00:00,19.575
2014-06-12 20:00:00,19.551
2014-06-13 20:00:00,19.533
2014-06-14 20:00:00,19.512
2014-06-15 20:00:00,19.495
2014-06-16 20:00:00,19.496
2014-06-17 20:00:00,19.476
2014-06-18 20:00:00,19.473
2014-06-19 20:00:00,19.498
2014-06-20 20:00:00,19.473
2014-06-21 20:00:00,19.46
2014-06-22 20:00:00,19.443
2014-06-23 20:00:00,19.426
2014-06-24 20:00:00,19.417
2014-06-25 20:00:00,19.393
2014-06-26 20:00:00,19.376
2014-06-27 20:00:00,19.367
2014-06-28 20:00:00,19.362
2014-06-29 20:00:00,19.45
2014-06-30 20:00:00,19.47
2014-07-01 20:00:00,19.441
2014-07-02 20:00:00,19.413
2014-07-03 20:00:00,19.374
2014-07-04 20:00:00,19.34
2014-07-05 20:00:00,19.333
2014-07-06 20:00:00,19.318
2014-07-07 20:00:00,19.429
2014-07-08 20:00:00,19.511
2014-07-09 20:00:00,19.536
2014-07-10 20:00:00,19.503
2014-07-11 20:00:00,19.478
2014-07-12 20:00:00,19.445
2014-07-13 20:00:00,19.438
2014-07-14 20:00:00,19.423
2014-07-15 20:00:00,19.413
2014-07-16 20:00:00,19.377
2014-07-17 20:00:00,19.334
2014-07-18 20:00:00,19.301
2014-07-19 20:00:00,19.263
2014-07-20 20:00:00,19.334
2014-07-21 20:00:00,19.46
2014-07-22 20:00:00,19.433
2014-07-23 20:00:00,19.396
2014-07-24 20:00:00,19.358
2014-07-25 20:00:00,19.392
2014-07-26 20:00:00,19.436
2014-07-27 20:00:00,19.409
2014-07-28 20:00:00,19.416
2014-07-29 20:00:00,19.417
2014-07-30 20:00:00,19.387
2014-07-31 20:00:00,19.353
2014-08-01 20:00:00,19.314
2014-08-02 20:00:00,19.288
2014-08-03 20:00:00,19.253
2014-08-04 20:00:00,19.225
2014-08-05 20:00:00,19.197
2014-08-06 20:00:00,19.181
2014-08-07 20:00:00,19.197
2014-08-08 20:00:00,19.191
2014-08-09 20:00:00,19.296
2014-08-10 20:00:00,19.429
2014-08-11 20:00:00,19.434
2014-08-12 20:00:00,19.414
2014-08-13 20:00:00,19.389
2014-08-14 20:00:00,19.403
2014-08-15 20:00:00,19.456
2014-08-16 20:00:00,19.47
2014-08-17 20:00:00,19.494
2014-08-18 20:00:00,19.522
2014-08-19 20:00:00,19.534
2014-08-20 20:00:00,19.527
2014-08-21 20:00:00,19.509
2014-08-22 20:00:00,19.511
2014-08-23 20:00:00,19.529
2014-08-24 20:00:00,19.532
2014-08-25 20:00:00,19.524
2014-08-26 20:00:00,19.523
2014-08-27 20:00:00,19.497
2014-08-28 20:00:00,19.485
2014-08-29 20:00:00,19.49
2014-08-30 20:00:00,19.508
2014-08-31 20:00:00,19.507
2014-09-01 20:00:00,19.488
2014-09-02 20:00:00,19.483
2014-09-03 20:00:00,19.469
2014-09-04 20:00:00,19.453
2014-09-05 20:00:00,19.447
2014-09-06 20:00:00,19.448
2014-09-07 20:00:00,19.432
2014-09-08 20:00:00,19.418
2014-09-09 20:00:00,19.411
2014-09-10 20:00:00,19.403
2014-09-11 20:00:00,19.384
2014-09-12 20:00:00,19.366
2014-09-13 20:00:00,19.352
2014-09-14 20:00:00,19.351
2014-09-15 20:00:00,19.352
2014-09-16 20:00:00,19.331
2014-09-17 20:00:00,19.313
2014-09-18 20:00:00,19.294
2014-09-19 20:00:00,19.3
2014-09-20 20:00:00,19.332
2014-09-21 20:00:00,19.333
2014-09-22 20:00:00,19.34
2014-09-23 20:00:00,19.324
2014-09-24 20:00:00,19.35
2014-09-25 20:00:00,19.339
2014-09-26 20:00:00,19.333
2014-09-27 20:00:00,19.32
2014-09-28 20:00:00,19.304
2014-09-29 20:00:00,19.315
2014-09-30 20:00:00,19.308
2014-10-01 20:00:00,19.31
2014-10-02 20:00:00,19.296
2014-10-03 20:00:00,19.289
2014-10-04 20:00:00,19.274
2014-10-05 20:00:00,19.289
2014-10-06 20:00:00,19.295
2014-10-07 20:00:00,19.364
2014-10-08 20:00:00,19.374
2014-10-09 20:00:00,19.373
2014-10-10 20:00:00,19.357
2014-10-11 20:00:00,19.397
2014-10-12 20:00:00,19.404
2014-10-13 20:00:00,19.431
2014-10-14 20:00:00,19.42
2014-10-15 20:00:00,19.412
2014-10-16 20:00:00,19.449
2014-10-17 20:00:00,19.441
2014-10-18 20:00:00,19.432
2014-10-19 20:00:00,19.428
2014-10-20 20:00:00,19.427
2014-10-21 20:00:00,19.477
2014-10-22 20:00:00,19.501
2014-10-23 20:00:00,19.489
2014-10-24 20:00:00,19.482
2014-10-25 20:00:00,19.491
2014-10-26 20:00:00,19.486
2014-10-27 20:00:00,19.484
2014-10-28 20:00:00,19.486
2014-10-29 20:00:00,19.493
2014-10-30 20:00:00,19.494
2014-10-31 20:00:00,19.492
2014-11-01 20:00:00,19.487
2014-11-02 20:00:00,19.485
2014-11-03 20:00:00,19.535
2014-11-04 20:00:00,19.542
2014-11-05 20:00:00,19.531
2014-11-06 20:00:00,19.523
2014-11-07 20:00:00,19.519
2014-11-08 20:00:00,19.512
2014-11-09 20:00:00,19.507
2014-11-10 20:00:00,19.515
2014-11-11 20:00:00,19.52
2014-11-12 20:00:00,19.515
2014-11-13 20:00:00,19.512
2014-11-14 20:00:00,19.514
2014-11-15 20:00:00,19.509
2014-11-16 20:00:00,19.592
2014-11-17 20:00:00,19.586
2014-11-18 20:00:00,19.576
2014-11-19 20:00:00,19.562
2014-11-20 20:00:00,19.556
2014-11-21 20:00:00,19.556
2014-11-22 20:00:00,19.549
2014-11-23 20:00:00,19.546
2014-11-24 20:00:00,19.545
2014-11-25 20:00:00,19.543
2014-11-26 20:00:00,19.546
2014-11-27 20:00:00,19.544
2014-11-28 20:00:00,19.537
2014-11-29 20:00:00,19.53
2014-11-30 20:00:00,19.526
2014-12-01 20:00:00,19.524
2014-12-02 20:00:00,19.515
2014-12-03 20:00:00,19.51
2014-12-04 20:00:00,19.512
2014-12-05 20:00:00,19.509
2014-12-06 20:00:00,19.501
2014-12-07 20:00:00,19.521
2014-12-08 20:00:00,19.523
2014-12-09 20:00:00,19.517
2014-12-10 20:00:00,19.542
2014-12-11 20:00:00,19.563
2014-12-12 20:00:00,19.611
2014-12-13 20:00:00,19.602
2014-12-14 20:00:00,19.592
2014-12-15 20:00:00,19.6
2014-12-16 20:00:00,19.598
2014-12-17 20:00:00,19.62
2014-12-18 20:00:00,19.618
2014-12-19 20:00:00,19.665
2014-12-20 20:00:00,19.648
2014-12-21 20:00:00,19.639
2014-12-22 20:00:00,19.636
2014-12-23 20:00:00,19.638
2014-12-24 20:00:00,19.653
2014-12-25 20:00:00,19.654
2014-12-26 20:00:00,19.644
2014-12-27 20:00:00,19.639
2014-12-28 20:00:00,19.611
2014-12-29 20:00:00,19.613
2014-12-30 20:00:00,19.618
2014-12-31 20:00:00,19.623
2015-01-01 20:00:00,19.62
2015-01-02 20:00:00,19.633
2015-01-03 20:00:00,19.632
2015-01-04 20:00:00,19.615
2015-01-05 20:00:00,19.611
2015-01-06 20:00:00,19.61
2015-01-07 20:00:00,19.61
2015-01-08 20:00:00,19.658
2015-01-09 20:00:00,19.662
2015-01-10 20:00:00,19.685
2015-01-11 20:00:00,19.671
2015-01-12 20:00:00,19.669
2015-01-13 20:00:00,19.698
2015-01-14 20:00:00,19.692
2015-01-15 20:00:00,19.699
2015-01-16 20:00:00,19.685
2015-01-17 20:00:00,19.668
2015-01-18 20:00:00,19.671
2015-01-19 20:00:00,19.685
2015-01-20 20:00:00,19.673000000000002
2015-01-21 20:00:00,19.663
2015-01-22 20:00:00,19.646
2015-01-23 20:00:00,19.638
2015-01-24 20:00:00,19.639
2015-01-25 20:00:00,19.642
2015-01-26 20:00:00,19.683
2015-01-27 20:00:00,19.679
2015-01-28 20:00:00,19.705
2015-01-29 20:00:00,19.717
2015-01-30 20:00:00,19.721
2015-01-31 20:00:00,19.705
2015-02-01 20:00:00,19.693
2015-02-02 20:00:00,19.69
2015-02-03 20:00:00,19.678
2015-02-04 20:00:00,19.666
2015-02-05 20:00:00,19.652
2015-02-06 20:00:00,19.639
2015-02-07 20:00:00,19.635
2015-02-08 20:00:00,19.637
2015-02-09 20:00:00,19.638
2015-02-10 20:00:00,19.642
2015-02-11 20:00:00,19.641
2015-02-12 20:00:00,19.634
2015-02-13 20:00:00,19.636
2015-02-14 20:00:00,19.623
2015-02-15 20:00:00,19.617
2015-02-16 20:00:00,19.613
2015-02-17 20:00:00,19.601
2015-02-18 20:00:00,19.605
2015-02-19 20:00:00,19.61
2015-02-20 20:00:00,19.632
2015-02-21 20:00:00,19.675
2015-02-22 20:00:00,19.663
2015-02-23 20:00:00,19.666
2015-02-24 20:00:00,19.649
2015-02-25 20:00:00,19.655
2015-02-26 20:00:00,19.652
2015-02-27 20:00:00,19.681
2015-02-28 20:00:00,19.671
2015-03-01 20:00:00,19.673000000000002
2015-03-02 20:00:00,19.674
2015-03-03 20:00:00,19.685
2015-03-04 20:00:00,19.671
2015-03-05 20:00:00,19.656
2015-03-06 20:00:00,19.649
2015-03-07 20:00:00,19.645
2015-03-08 20:00:00,19.636
2015-03-09 20:00:00,19.63
2015-03-10 20:00:00,19.624
2015-03-11 20:00:00,19.621
2015-03-12 20:00:00,19.613
2015-03-13 20:00:00,19.608
2015-03-14 20:00:00,19.602
2015-03-15 20:00:00,19.602
2015-03-16 20:00:00,19.594
2015-03-17 20:00:00,19.59
2015-03-18 20:00:00,19.586
2015-03-19 20:00:00,19.587
2015-03-20 20:00:00,19.588
2015-03-21 20:00:00,19.608
2015-03-22 20:00:00,19.601
2015-03-23 20:00:00,19.598
2015-03-24 20:00:00,19.592
2015-03-25 20:00:00,19.62
2015-03-26 20:00:00,19.619
2015-03-27 20:00:00,19.618
2015-03-28 20:00:00,19.626
2015-03-29 20:00:00,19.683
2015-03-30 20:00:00,19.672
2015-03-31 20:00:00,19.707
2015-04-01 20:00:00,19.696
2015-04-02 20:00:00,19.702
2015-04-03 20:00:00,19.688
2015-04-04 20:00:00,19.67
2015-04-05 20:00:00,19.656
2015-04-06 20:00:00,19.647
2015-04-07 20:00:00,19.636
2015-04-08 20:00:00,19.631
2015-04-09 20:00:00,19.626
2015-04-10 20:00:00,19.62
2015-04-11 20:00:00,19.618
2015-04-12 20:00:00,19.612
2015-04-13 20:00:00,19.601
2015-04-14 20:00:00,19.596
2015-04-15 20:00:00,19.591
2015-04-16 20:00:00,19.588
2015-04-17 20:00:00,19.576
2015-04-18 20:00:00,19.568
2015-04-19 20:00:00,19.562
2015-04-20 20:00:00,19.554
2015-04-21 20:00:00,19.544
2015-04-22 20:00:00,19.547
2015-04-23 20:00:00,19.546
2015-04-24 20:00:00,19.54
2015-04-25 20:00:00,19.565
2015-04-26 20:00:00,19.589
2015-04-27 20:00:00,19.57
2015-04-28 20:00:00,19.558
2015-04-29 20:00:00,19.551
2015-04-30 20:00:00,19.551
2015-05-01 20:00:00,19.542
2015-05-02 20:00:00,19.532
2015-05-03 20:00:00,19.541
2015-05-04 20:00:00,19.53
2015-05-05 20:00:00,19.562
2015-05-06 20:00:00,19.552
2015-05-07 20:00:00,19.545
2015-05-08 20:00:00,19.537
2015-05-09 20:00:00,19.531
2015-05-10 20:00:00,19.52
2015-05-11 20:00:00,19.505
2015-05-12 20:00:00,19.5
2015-05-13 20:00:00,19.489
2015-05-14 20:00:00,19.487
2015-05-15 20:00:00,19.472
2015-05-16 20:00:00,19.489
2015-05-17 20:00:00,19.474
2015-05-18 20:00:00,19.488
2015-05-19 20:00:00,19.482
2015-05-20 20:00:00,19.489
2015-05-21 20:00:00,19.468
2015-05-22 20:00:00,19.458
2015-05-23 20:00:00,19.462
2015-05-24 20:00:00,19.446
2015-05-25 20:00:00,19.438
2015-05-26 20:00:00,19.431
2015-05-27 20:00:00,19.419
2015-05-28 20:00:00,19.462
2015-05-29 20:00:00,19.45
2015-05-30 20:00:00,19.441
2015-05-31 20:00:00,19.445
2015-06-01 20:00:00,19.458
2015-06-02 20:00:00,19.451
2015-06-03 20:00:00,19.418
2015-06-04 20:00:00,19.394
2015-06-05 20:00:00,19.356
2015-06-06 20:00:00,19.358
2015-06-07 20:00:00,19.328
2015-06-08 20:00:00,19.309
2015-06-09 20:00:00,19.292
2015-06-10 20:00:00,19.265
2015-06-11 20:00:00,19.233
2015-06-12 20:00:00,19.198
2015-06-13 20:00:00,19.235
2015-06-14 20:00:00,19.235
2015-06-15 20:00:00,19.185
2015-06-16 20:00:00,19.194
2015-06-17 20:00:00,19.168
2015-06-18 20:00:00,19.177
2015-06-19 20:00:00,19.241
2015-06-20 20:00:00,19.226
2015-06-21 20:00:00,19.355
2015-06-22 20:00:00,19.411
2015-06-23 20:00:00,19.396
2015-06-24 20:00:00,19.365
2015-06-25 20:00:00,19.323
2015-06-26 20:00:00,19.293
2015-06-27 20:00:00,19.302
2015-06-28 20:00:00,19.278
2015-06-29 20:00:00,19.229
2015-06-30 20:00:00,19.163
2015-07-01 20:00:00,19.096
2015-07-02 20:00:00,19.042
2015-07-03 20:00:00,19.03
2015-07-04 20:00:00,18.999
2015-07-05 20:00:00,19.041
2015-07-06 20:00:00,18.996
2015-07-07 20:00:00,18.983
2015-07-08 20:00:00,19.042
2015-07-09 20:00:00,19.065
2015-07-10 20:00:00,19.002
2015-07-11 20:00:00,18.958
2015-07-12 20:00:00,18.997
2015-07-13 20:00:00,19.088
2015-07-14 20:00:00,19.099
2015-07-15 20:00:00,19.094
2015-07-16 20:00:00,19.022
2015-07-17 20:00:00,18.961
2015-07-18 20:00:00,18.962
2015-07-19 20:00:00,19.079
2015-07-20 20:00:00,19.029
2015-07-21 20:00:00,18.969
2015-07-22 20:00:00,18.94
2015-07-23 20:00:00,18.924
2015-07-24 20:00:00,18.919
2015-07-25 20:00:00,19.166
2015-07-26 20:00:00,19.164
2015-07-27 20:00:00,19.225
2015-07-28 20:00:00,19.226
2015-07-29 20:00:00,19.254
2015-07-30 20:00:00,19.206
2015-07-31 20:00:00,19.159
2015-08-01 20:00:00,19.103
2015-08-02 20:00:00,19.049
2015-08-03 20:00:00,18.983
2015-08-04 20:00:00,19.113
2015-08-05 20:00:00,19.041
2015-08-06 20:00:00,18.968
2015-08-07 20:00:00,18.986
2015-08-08 20:00:00,18.974
2015-08-09 20:00:00,18.946
2015-08-10 20:00:00,18.994
2015-08-11 20:00:00,18.937
2015-08-12 20:00:00,18.926
2015-08-13 20:00:00,18.895
2015-08-14 20:00:00,18.951
2015-08-15 20:00:00,18.939
2015-08-16 20:00:00,19.31
2015-08-17 20:00:00,19.491
2015-08-18 20:00:00,19.494
2015-08-19 20:00:00,19.454
2015-08-20 20:00:00,19.422
2015-08-21 20:00:00,19.393
2015-08-22 20:00:00,19.364
2015-08-23 20:00:00,19.331
2015-08-24 20:00:00,19.328
2015-08-25 20:00:00,19.335
2015-08-26 20:00:00,19.309
2015-08-27 20:00:00,19.343
2015-08-28 20:00:00,19.325
2015-08-29 20:00:00,19.29
2015-08-30 20:00:00,19.331
2015-08-31 20:00:00,19.351
2015-09-01 20:00:00,19.341
2015-09-02 20:00:00,19.324
2015-09-03 20:00:00,19.31
2015-09-04 20:00:00,19.325
2015-09-05 20:00:00,19.355
2015-09-06 20:00:00,19.335
2015-09-07 20:00:00,19.379
2015-09-08 20:00:00,19.369
2015-09-09 20:00:00,19.344
2015-09-10 20:00:00,19.312
2015-09-11 20:00:00,19.293
2015-09-12 20:00:00,19.275
2015-09-13 20:00:00,19.291
2015-09-14 20:00:00,19.437
2015-09-15 20:00:00,19.479
2015-09-16 20:00:00,19.488
2015-09-17 20:00:00,19.486
2015-09-18 20:00:00,19.479
2015-09-19 20:00:00,19.489
2015-09-20 20:00:00,19.477
2015-09-21 20:00:00,19.469
2015-09-22 20:00:00,19.488
2015-09-23 20:00:00,19.522
2015-09-24 20:00:00,19.513
2015-09-25 20:00:00,19.502
2015-09-26 20:00:00,19.487
2015-09-27 20:00:00,19.477
2015-09-28 20:00:00,19.469
2015-09-29 20:00:00,19.456
2015-09-30 20:00:00,19.443
2015-10-01 20:00:00,19.435
2015-10-02 20:00:00,19.43
2015-10-03 20:00:00,19.427
2015-10-04 20:00:00,19.421
2015-10-05 20:00:00,19.414
2015-10-06 20:00:00,19.456
2015-10-07 20:00:00,19.448
2015-10-08 20:00:00,19.453
2015-10-09 20:00:00,19.453
2015-10-10 20:00:00,19.444
2015-10-11 20:00:00,19.43
2015-10-12 20:00:00,19.423
2015-10-13 20:00:00,19.42
2015-10-14 20:00:00,19.467
2015-10-15 20:00:00,19.506
2015-10-16 20:00:00,19.551
2015-10-17 20:00:00,19.558
2015-10-18 20:00:00,19.558
2015-10-19 20:00:00,19.554
2015-10-20 20:00:00,19.542
2015-10-21 20:00:00,19.538
2015-10-22 20:00:00,19.533
2015-10-23 20:00:00,19.524
2015-10-24 20:00:00,19.521
2015-10-25 20:00:00,19.511
2015-10-26 20:00:00,19.509
2015-10-27 20:00:00,19.509
2015-10-28 20:00:00,19.512
2015-10-29 20:00:00,19.503
2015-10-30 20:00:00,19.499
2015-10-31 20:00:00,19.5
2015-11-01 20:00:00,19.497
2015-11-02 20:00:00,19.502
2015-11-03 20:00:00,19.502
2015-11-04 20:00:00,19.496
2015-11-05 20:00:00,19.497
2015-11-06 20:00:00,19.529
2015-11-07 20:00:00,19.536
2015-11-08 20:00:00,19.548000000000002
2015-11-09 20:00:00,19.545
2015-11-10 20:00:00,19.548000000000002
2015-11-11 20:00:00,19.548000000000002
2015-11-12 20:00:00,19.542
2015-11-13 20:00:00,19.549
2015-11-14 20:00:00,19.551
2015-11-15 20:00:00,19.644
2015-11-16 20:00:00,19.636
2015-11-17 20:00:00,19.642
2015-11-18 20:00:00,19.629
2015-11-19 20:00:00,19.667
2015-11-20 20:00:00,19.662
2015-11-21 20:00:00,19.658
2015-11-22 20:00:00,19.652
2015-11-23 20:00:00,19.637
2015-11-24 20:00:00,19.665
2015-11-25 20:00:00,19.667
2015-11-26 20:00:00,19.649
2015-11-27 20:00:00,19.643
2015-11-28 20:00:00,19.648
2015-11-29 20:00:00,19.678
2015-11-30 20:00:00,19.721
2015-12-01 20:00:00,19.705
2015-12-02 20:00:00,19.688
2015-12-03 20:00:00,19.678
2015-12-04 20:00:00,19.676
2015-12-05 20:00:00,19.669
2015-12-06 20:00:00,19.655
2015-12-07 20:00:00,19.658
2015-12-08 20:00:00,19.651
2015-12-09 20:00:00,19.658
2015-12-10 20:00:00,19.654
2015-12-11 20:00:00,19.688
2015-12-12 20:00:00,19.687
2015-12-13 20:00:00,19.699
2015-12-14 20:00:00,19.684
2015-12-15 20:00:00,19.669
2015-12-16 20:00:00,19.674
2015-12-17 20:00:00,19.672
2015-12-18 20:00:00,19.661
2015-12-19 20:00:00,19.653
2015-12-20 20:00:00,19.647
2015-12-21 20:00:00,19.691
2015-12-22 20:00:00,19.687
2015-12-23 20:00:00,19.672
2015-12-24 20:00:00,19.665
2015-12-25 20:00:00,19.657
2015-12-26 20:00:00,19.65
2015-12-27 20:00:00,19.638
2015-12-28 20:00:00,19.64
2015-12-29 20:00:00,19.629
2015-12-30 20:00:00,19.632
2015-12-31 20:00:00,19.629
2016-01-01 20:00:00,19.628
2016-01-02 20:00:00,19.639
2016-01-03 20:00:00,19.663
2016-01-04 20:00:00,19.67
2016-01-05 20:00:00,19.667
2016-01-06 20:00:00,19.654
2016-01-07 20:00:00,19.673000000000002
2016-01-08 20:00:00,19.676
2016-01-09 20:00:00,19.668
2016-01-10 20:00:00,19.663
2016-01-11 20:00:00,19.663
2016-01-12 20:00:00,19.657
2016-01-13 20:00:00,19.656
2016-01-14 20:00:00,19.677
2016-01-15 20:00:00,19.683
2016-01-16 20:00:00,19.673000000000002
2016-01-17 20:00:00,19.662
2016-01-18 20:00:00,19.651
2016-01-19 20:00:00,19.635
2016-01-20 20:00:00,19.639
2016-01-21 20:00:00,19.632
2016-01-22 20:00:00,19.629
2016-01-23 20:00:00,19.646
2016-01-24 20:00:00,19.654
2016-01-25 20:00:00,19.655
2016-01-26 20:00:00,19.648
2016-01-27 20:00:00,19.666
2016-01-28 20:00:00,19.686
2016-01-29 20:00:00,19.673000000000002
2016-01-30 20:00:00,19.733
2016-01-31 20:00:00,19.708
2016-02-01 20:00:00,19.697
2016-02-02 20:00:00,19.705
2016-02-03 20:00:00,19.683
2016-02-04 20:00:00,19.691
2016-02-05 20:00:00,19.689
2016-02-06 20:00:00,19.687
2016-02-07 20:00:00,19.674
2016-02-08 20:00:00,19.684
2016-02-09 20:00:00,19.761
2016-02-10 20:00:00,19.733
2016-02-11 20:00:00,19.713
2016-02-12 20:00:00,19.702
2016-02-13 20:00:00,19.692
2016-02-14 20:00:00,19.705
2016-02-15 20:00:00,19.714
2016-02-16 20:00:00,19.691
2016-02-17 20:00:00,19.687
2016-02-18 20:00:00,19.677
2016-02-19 20:00:00,19.672
2016-02-20 20:00:00,19.689
2016-02-21 20:00:00,19.724
2016-02-22 20:00:00,19.751
2016-02-23 20:00:00,19.715
2016-02-24 20:00:00,19.7
2016-02-25 20:00:00,19.689
2016-02-26 20:00:00,19.68
2016-02-27 20:00:00,19.67
2016-02-28 20:00:00,19.656
2016-02-29 20:00:00,19.65
2016-03-01 20:00:00,19.669
2016-03-02 20:00:00,19.691
2016-03-03 20:00:00,19.697
2016-03-04 20:00:00,19.721
2016-03-05 20:00:00,19.704
2016-03-06 20:00:00,19.692
2016-03-07 20:00:00,19.678
2016-03-08 20:00:00,19.666
2016-03-09 20:00:00,19.66
2016-03-10 20:00:00,19.641
2016-03-11 20:00:00,19.634
2016-03-12 20:00:00,19.627
2016-03-13 20:00:00,19.621
2016-03-14 20:00:00,19.618
2016-03-15 20:00:00,19.617
2016-03-16 20:00:00,19.609
2016-03-17 20:00:00,19.608
2016-03-18 20:00:00,19.606
2016-03-19 20:00:00,19.602
2016-03-20 20:00:00,19.605
2016-03-21 20:00:00,19.609
2016-03-22 20:00:00,19.605
2016-03-23 20:00:00,19.603
2016-03-24 20:00:00,19.602
2016-03-25 20:00:00,19.634
2016-03-26 20:00:00,19.63
2016-03-27 20:00:00,19.646
2016-03-28 20:00:00,19.658
2016-03-29 20:00:00,19.664
2016-03-30 20:00:00,19.66
2016-03-31 20:00:00,19.642
2016-04-01 20:00:00,19.627
2016-04-02 20:00:00,19.618
2016-04-03 20:00:00,19.611
2016-04-04 20:00:00,19.605
2016-04-05 20:00:00,19.608
2016-04-06 20:00:00,19.607
2016-04-07 20:00:00,19.609
2016-04-08 20:00:00,19.6
2016-04-09 20:00:00,19.591
2016-04-10 20:00:00,19.578
2016-04-11 20:00:00,19.57
2016-04-12 20:00:00,19.569
2016-04-13 20:00:00,19.595
2016-04-14 20:00:00,19.595
2016-04-15 20:00:00,19.631
2016-04-16 20:00:00,19.627
2016-04-17 20:00:00,19.621
2016-04-18 20:00:00,19.61
2016-04-19 20:00:00,19.596
2016-04-20 20:00:00,19.588
2016-04-21 20:00:00,19.581
2016-04-22 20:00:00,19.575
2016-04-23 20:00:00,19.575
2016-04-24 20:00:00,19.578
2016-04-25 20:00:00,19.605
2016-04-26 20:00:00,19.626
2016-04-27 20:00:00,19.626
2016-04-28 20:00:00,19.618
2016-04-29 20:00:00,19.611
2016-04-30 20:00:00,19.596
2016-05-01 20:00:00,19.585
2016-05-02 20:00:00,19.576999999999998
2016-05-03 20:00:00,19.574
2016-05-04 20:00:00,19.56
2016-05-05 20:00:00,19.551
2016-05-06 20:00:00,19.54
2016-05-07 20:00:00,19.523
2016-05-08 20:00:00,19.504
2016-05-09 20:00:00,19.49
2016-05-10 20:00:00,19.486
2016-05-11 20:00:00,19.469
2016-05-12 20:00:00,19.455
2016-05-13 20:00:00,19.439
2016-05-14 20:00:00,19.449
2016-05-15 20:00:00,19.451
2016-05-16 20:00:00,19.453
2016-05-17 20:00:00,19.446
2016-05-18 20:00:00,19.434
2016-05-19 20:00:00,19.432
2016-05-20 20:00:00,19.443
2016-05-21 20:00:00,19.424
2016-05-22 20:00:00,19.441
2016-05-23 20:00:00,19.593
2016-05-24 20:00:00,19.574
2016-05-25 20:00:00,19.55
2016-05-26 20:00:00,19.526
2016-05-27 20:00:00,19.521
2016-05-28 20:00:00,19.5
2016-05-29 20:00:00,19.5
2016-05-30 20:00:00,19.542
2016-05-31 20:00:00,19.516
2016-06-01 20:00:00,19.495
2016-06-02 20:00:00,19.512
2016-06-03 20:00:00,19.482
2016-06-04 20:00:00,19.451
2016-06-05 20:00:00,19.42
2016-06-06 20:00:00,19.404
2016-06-07 20:00:00,19.388
2016-06-08 20:00:00,19.372
2016-06-09 20:00:00,19.368
2016-06-10 20:00:00,19.347
2016-06-11 20:00:00,19.332
2016-06-12 20:00:00,19.456
2016-06-13 20:00:00,19.479
2016-06-14 20:00:00,19.479
2016-06-15 20:00:00,19.53
2016-06-16 20:00:00,19.5
2016-06-17 20:00:00,19.538
2016-06-18 20:00:00,19.546
2016-06-19 20:00:00,19.519
2016-06-20 20:00:00,19.557
2016-06-21 20:00:00,19.556
2016-06-22 20:00:00,19.524
2016-06-23 20:00:00,19.495
2016-06-24 20:00:00,19.571
2016-06-25 20:00:00,19.595
2016-06-26 20:00:00,19.582
2016-06-27 20:00:00,19.584
2016-06-28 20:00:00,19.557
2016-06-29 20:00:00,19.539
2016-06-30 20:00:00,19.53
2016-07-01 20:00:00,19.538
2016-07-02 20:00:00,19.572
2016-07-03 20:00:00,19.561
2016-07-04 20:00:00,19.532
2016-07-05 20:00:00,19.524
2016-07-06 20:00:00,19.495
2016-07-07 20:00:00,19.47
2016-07-08 20:00:00,19.474
2016-07-09 20:00:00,19.451
2016-07-10 20:00:00,19.419
2016-07-11 20:00:00,19.398
2016-07-12 20:00:00,19.412
2016-07-13 20:00:00,19.446
2016-07-14 20:00:00,19.43
2016-07-15 20:00:00,19.396
2016-07-16 20:00:00,19.39
2016-07-17 20:00:00,19.373
2016-07-18 20:00:00,19.334
2016-07-19 20:00:00,19.293
2016-07-20 20:00:00,19.262
2016-07-21 20:00:00,19.414
2016-07-22 20:00:00,19.452
2016-07-23 20:00:00,19.44
2016-07-24 20:00:00,19.425
2016-07-25 20:00:00,19.41
2016-07-26 20:00:00,19.382
2016-07-27 20:00:00,19.362
2016-07-28 20:00:00,19.408
2016-07-29 20:00:00,19.428
2016-07-30 20:00:00,19.448
2016-07-31 20:00:00,19.433
2016-08-01 20:00:00,19.472
2016-08-02 20:00:00,19.475
2016-08-03 20:00:00,19.513
2016-08-04 20:00:00,19.486
2016-08-05 20:00:00,19.471
2016-08-06 20:00:00,19.472
2016-08-07 20:00:00,19.454
2016-08-08 20:00:00,19.436
2016-08-09 20:00:00,19.424
2016-08-10 20:00:00,19.452
2016-08-11 20:00:00,19.479
2016-08-12 20:00:00,19.513
2016-08-13 20:00:00,19.492
2016-08-14 20:00:00,19.469
2016-08-15 20:00:00,19.446
2016-08-16 20:00:00,19.427
2016-08-17 20:00:00,19.396
2016-08-18 20:00:00,19.37
2016-08-19 20:00:00,19.347
2016-08-20 20:00:00,19.347
2016-08-21 20:00:00,19.343
2016-08-22 20:00:00,19.371
2016-08-23 20:00:00,19.324
2016-08-24 20:00:00,19.281
2016-08-25 20:00:00,19.246
2016-08-26 20:00:00,19.213
2016-08-27 20:00:00,19.185
2016-08-28 20:00:00,19.186
2016-08-29 20:00:00,19.18
2016-08-30 20:00:00,19.158
2016-08-31 20:00:00,19.129
2016-09-01 20:00:00,19.182
2016-09-02 20:00:00,19.149
2016-09-03 20:00:00,19.149
2016-09-04 20:00:00,19.241
2016-09-05 20:00:00,19.214
2016-09-06 20:00:00,19.173
2016-09-07 20:00:00,19.135
2016-09-08 20:00:00,19.106
2016-09-09 20:00:00,19.108
2016-09-10 20:00:00,19.086
2016-09-11 20:00:00,19.086
2016-09-12 20:00:00,19.063
2016-09-13 20:00:00,19.045
2016-09-14 20:00:00,19.021
2016-09-15 20:00:00,19.007
2016-09-16 20:00:00,19.071
2016-09-17 20:00:00,19.086
2016-09-18 20:00:00,19.065
2016-09-19 20:00:00,19.046
2016-09-20 20:00:00,19.054
2016-09-21 20:00:00,19.019
2016-09-22 20:00:00,19.011
2016-09-23 20:00:00,19.007
2016-09-24 20:00:00,19.001
2016-09-25 20:00:00,18.984
2016-09-26 20:00:00,18.994
2016-09-27 20:00:00,18.982
2016-09-28 20:00:00,18.966
2016-09-29 20:00:00,19.029
2016-09-30 20:00:00,19.073
2016-10-01 20:00:00,19.069
2016-10-02 20:00:00,19.107
2016-10-03 20:00:00,19.102
2016-10-04 20:00:00,19.08
2016-10-05 20:00:00,19.054
2016-10-06 20:00:00,19.049
2016-10-07 20:00:00,19.039
2016-10-08 20:00:00,19.033
2016-10-09 20:00:00,19.039
2016-10-10 20:00:00,19.058
2016-10-11 20:00:00,19.081
2016-10-12 20:00:00,19.072
2016-10-13 20:00:00,19.064
2016-10-14 20:00:00,19.046
2016-10-15 20:00:00,19.063
2016-10-16 20:00:00,19.052
2016-10-17 20:00:00,19.048
2016-10-18 20:00:00,19.121
2016-10-19 20:00:00,19.276
2016-10-20 20:00:00,19.312
2016-10-21 20:00:00,19.355
2016-10-22 20:00:00,19.34
2016-10-23 20:00:00,19.326
2016-10-24 20:00:00,19.31
2016-10-25 20:00:00,19.297
2016-10-26 20:00:00,19.281
2016-10-27 20:00:00,19.274
2016-10-28 20:00:00,19.268
2016-10-29 20:00:00,19.264
2016-10-30 20:00:00,19.26
2016-10-31 20:00:00,19.256
2016-11-01 20:00:00,19.259
2016-11-02 20:00:00,19.274
2016-11-03 20:00:00,19.267
2016-11-04 20:00:00,19.267
2016-11-05 20:00:00,19.293
2016-11-06 20:00:00,19.286
2016-11-07 20:00:00,19.402
2016-11-08 20:00:00,19.402
2016-11-09 20:00:00,19.406
2016-11-10 20:00:00,19.399
2016-11-11 20:00:00,19.387
2016-11-12 20:00:00,19.382
2016-11-13 20:00:00,19.374
2016-11-14 20:00:00,19.374
2016-11-15 20:00:00,19.408
2016-11-16 20:00:00,19.421
2016-11-17 20:00:00,19.439
2016-11-18 20:00:00,19.505
2016-11-19 20:00:00,19.493
2016-11-20 20:00:00,19.497
2016-11-21 20:00:00,19.498
2016-11-22 20:00:00,19.486
2016-11-23 20:00:00,19.475
2016-11-24 20:00:00,19.47
2016-11-25 20:00:00,19.467
2016-11-26 20:00:00,19.463
2016-11-27 20:00:00,19.457
2016-11-28 20:00:00,19.45
2016-11-29 20:00:00,19.447
2016-11-30 20:00:00,19.445
2016-12-01 20:00:00,19.458
2016-12-02 20:00:00,19.458
2016-12-03 20:00:00,19.451
2016-12-04 20:00:00,19.445
2016-12-05 20:00:00,19.437
2016-12-06 20:00:00,19.43
2016-12-07 20:00:00,19.435
2016-12-08 20:00:00,19.443
2016-12-09 20:00:00,19.448
2016-12-10 20:00:00,19.453
2016-12-11 20:00:00,19.505
2016-12-12 20:00:00,19.495
2016-12-13 20:00:00,19.491
2016-12-14 20:00:00,19.484
2016-12-15 20:00:00,19.485
2016-12-16 20:00:00,19.478
2016-12-17 20:00:00,19.469
2016-12-18 20:00:00,19.472
2016-12-19 20:00:00,19.475
2016-12-20 20:00:00,19.472
2016-12-21 20:00:00,19.46
2016-12-22 20:00:00,19.505
2016-12-23 20:00:00,19.503
2016-12-24 20:00:00,19.498
2016-12-25 20:00:00,19.503
2016-12-26 20:00:00,19.506
2016-12-27 20:00:00,19.499
2016-12-28 20:00:00,19.495
2016-12-29 20:00:00,19.498
2016-12-30 20:00:00,19.494
2016-12-31 20:00:00,19.496
2017-01-01 20:00:00,19.5
2017-01-02 20:00:00,19.506
2017-01-03 20:00:00,19.516
2017-01-04 20:00:00,19.525
2017-01-05 20:00:00,19.508
2017-01-06 20:00:00,19.495
2017-01-07 20:00:00,19.495
2017-01-08 20:00:00,19.51
2017-01-09 20:00:00,19.525
2017-01-10 20:00:00,19.537
2017-01-11 20:00:00,19.544
2017-01-12 20:00:00,19.559
2017-01-13 20:00:00,19.61
2017-01-14 20:00:00,19.62
2017-01-15 20:00:00,19.599
2017-01-16 20:00:00,19.581
2017-01-17 20:00:00,19.568
2017-01-18 20:00:00,19.56
2017-01-19 20:00:00,19.558
2017-01-20 20:00:00,19.551
2017-01-21 20:00:00,19.55
2017-01-22 20:00:00,19.542
2017-01-23 20:00:00,19.534
2017-01-24 20:00:00,19.537
2017-01-25 20:00:00,19.537
2017-01-26 20:00:00,19.533
2017-01-27 20:00:00,19.526
2017-01-28 20:00:00,19.529
2017-01-29 20:00:00,19.566
2017-01-30 20:00:00,19.608
2017-01-31 20:00:00,19.596
2017-02-01 20:00:00,19.59
2017-02-02 20:00:00,19.594
2017-02-03 20:00:00,19.586
2017-02-04 20:00:00,19.581
2017-02-05 20:00:00,19.586
2017-02-06 20:00:00,19.569
2017-02-07 20:00:00,19.565
2017-02-08 20:00:00,19.556
2017-02-09 20:00:00,19.551
2017-02-10 20:00:00,19.55
2017-02-11 20:00:00,19.549
2017-02-12 20:00:00,19.548000000000002
2017-02-13 20:00:00,19.548000000000002
2017-02-14 20:00:00,19.543
2017-02-15 20:00:00,19.548000000000002
2017-02-16 20:00:00,19.553
2017-02-17 20:00:00,19.561
2017-02-18 20:00:00,19.557
2017-02-19 20:00:00,19.56
2017-02-20 20:00:00,19.565
2017-02-21 20:00:00,19.581
2017-02-22 20:00:00,19.632
2017-02-23 20:00:00,19.662
2017-02-24 20:00:00,19.636
2017-02-25 20:00:00,19.627
2017-02-26 20:00:00,19.631
2017-02-27 20:00:00,19.635
2017-02-28 20:00:00,19.646
2017-03-01 20:00:00,19.637
2017-03-02 20:00:00,19.655
2017-03-03 20:00:00,19.65
2017-03-04 20:00:00,19.638
2017-03-05 20:00:00,19.644
2017-03-06 20:00:00,19.633
2017-03-07 20:00:00,19.627
2017-03-08 20:00:00,19.66
2017-03-09 20:00:00,19.65
2017-03-10 20:00:00,19.636
2017-03-11 20:00:00,19.627
2017-03-12 20:00:00,19.618
2017-03-13 20:00:00,19.605
2017-03-14 20:00:00,19.602
2017-03-15 20:00:00,19.594
2017-03-16 20:00:00,19.596
2017-03-17 20:00:00,19.59
2017-03-18 20:00:00,19.622
2017-03-19 20:00:00,19.633
2017-03-20 20:00:00,19.639
2017-03-21 20:00:00,19.641
2017-03-22 20:00:00,19.626
2017-03-23 20:00:00,19.609
2017-03-24 20:00:00,19.596
2017-03-25 20:00:00,19.588
2017-03-26 20:00:00,19.583
2017-03-27 20:00:00,19.579
2017-03-28 20:00:00,19.574
2017-03-29 20:00:00,19.568
2017-03-30 20:00:00,19.567
2017-03-31 20:00:00,19.565
2017-04-01 20:00:00,19.564
2017-04-02 20:00:00,19.553
2017-04-03 20:00:00,19.548000000000002
2017-04-04 20:00:00,19.54
2017-04-05 20:00:00,19.533
2017-04-06 20:00:00,19.529
2017-04-07 20:00:00,19.528
2017-04-08 20:00:00,19.521
2017-04-09 20:00:00,19.52
2017-04-10 20:00:00,19.511
2017-04-11 20:00:00,19.509
2017-04-12 20:00:00,19.515
2017-04-13 20:00:00,19.517
2017-04-14 20:00:00,19.51
2017-04-15 20:00:00,19.507
2017-04-16 20:00:00,19.501
2017-04-17 20:00:00,19.501
2017-04-18 20:00:00,19.501
2017-04-19 20:00:00,19.491
2017-04-20 20:00:00,19.489
2017-04-21 20:00:00,19.492
2017-04-22 20:00:00,19.487
2017-04-23 20:00:00,19.484
2017-04-24 20:00:00,19.493
2017-04-25 20:00:00,19.502
2017-04-26 20:00:00,19.487
2017-04-27 20:00:00,19.483
2017-04-28 20:00:00,19.498
2017-04-29 20:00:00,19.487
2017-04-30 20:00:00,19.478
2017-05-01 20:00:00,19.471
2017-05-02 20:00:00,19.488
2017-05-03 20:00:00,19.498
2017-05-04 20:00:00,19.483
2017-05-05 20:00:00,19.487
2017-05-06 20:00:00,19.477
2017-05-07 20:00:00,19.465
2017-05-08 20:00:00,19.454
2017-05-09 20:00:00,19.448
2017-05-10 20:00:00,19.446
2017-05-11 20:00:00,19.441
2017-05-12 20:00:00,19.479
2017-05-13 20:00:00,19.463
2017-05-14 20:00:00,19.442
2017-05-15 20:00:00,19.422
2017-05-16 20:00:00,19.409
2017-05-17 20:00:00,19.39
2017-05-18 20:00:00,19.398
2017-05-19 20:00:00,19.412
2017-05-20 20:00:00,19.394
2017-05-21 20:00:00,19.374
2017-05-22 20:00:00,19.357
2017-05-23 20:00:00,19.331
2017-05-24 20:00:00,19.318
2017-05-25 20:00:00,19.298
2017-05-26 20:00:00,19.268
2017-05-27 20:00:00,19.227
2017-05-28 20:00:00,19.255
2017-05-29 20:00:00,19.226
2017-05-30 20:00:00,19.206
2017-05-31 20:00:00,19.171
2017-06-01 20:00:00,19.138
2017-06-02 20:00:00,19.107
2017-06-03 20:00:00,19.12
2017-06-04 20:00:00,19.096
2017-06-05 20:00:00,19.075
2017-06-06 20:00:00,19.096
2017-06-07 20:00:00,19.137
2017-06-08 20:00:00,19.1
2017-06-09 20:00:00,19.227
2017-06-10 20:00:00,19.167
2017-06-11 20:00:00,19.119
2017-06-12 20:00:00,19.092
2017-06-13 20:00:00,19.067
2017-06-14 20:00:00,19.03
2017-06-15 20:00:00,19.004
2017-06-16 20:00:00,18.993
2017-06-17 20:00:00,18.996
2017-06-18 20:00:00,18.965
2017-06-19 20:00:00,18.925
2017-06-20 20:00:00,18.895
2017-06-21 20:00:00,18.878
2017-06-22 20:00:00,18.853
2017-06-23 20:00:00,18.843
2017-06-24 20:00:00,18.924
2017-06-25 20:00:00,19.032
2017-06-26 20:00:00,19.01
2017-06-27 20:00:00,18.97
2017-06-28 20:00:00,19.112
2017-06-29 20:00:00,19.19
2017-06-30 20:00:00,19.169
2017-07-01 20:00:00,19.198
2017-07-02 20:00:00,19.154
2017-07-03 20:00:00,19.101
2017-07-04 20:00:00,19.039
2017-07-05 20:00:00,18.992
2017-07-06 20:00:00,18.948
2017-07-07 20:00:00,18.938
2017-07-08 20:00:00,18.926
2017-07-09 20:00:00,18.892
2017-07-10 20:00:00,18.908
2017-07-11 20:00:00,18.997
2017-07-12 20:00:00,19.289
2017-07-13 20:00:00,19.236
2017-07-14 20:00:00,19.215
2017-07-15 20:00:00,19.176
2017-07-16 20:00:00,19.161
2017-07-17 20:00:00,19.103
2017-07-18 20:00:00,19.036
2017-07-19 20:00:00,18.987
2017-07-20 20:00:00,19.022
2017-07-21 20:00:00,18.96
2017-07-22 20:00:00,18.925
2017-07-23 20:00:00,19.095
2017-07-24 20:00:00,19.196
2017-07-25 20:00:00,19.261
2017-07-26 20:00:00,19.2
2017-07-27 20:00:00,19.158
2017-07-28 20:00:00,19.116
2017-07-29 20:00:00,19.096
2017-07-30 20:00:00,19.143
2017-07-31 20:00:00,19.066
2017-08-01 20:00:00,19.032
2017-08-02 20:00:00,18.998
2017-08-03 20:00:00,18.988
2017-08-04 20:00:00,18.95
2017-08-05 20:00:00,18.973
2017-08-06 20:00:00,18.926
2017-08-07 20:00:00,18.891
2017-08-08 20:00:00,18.917
2017-08-09 20:00:00,18.89
2017-08-10 20:00:00,18.877
2017-08-11 20:00:00,18.973
2017-08-12 20:00:00,19.065
2017-08-13 20:00:00,19.004
2017-08-14 20:00:00,18.938
2017-08-15 20:00:00,19.276
2017-08-16 20:00:00,19.238
2017-08-17 20:00:00,19.262
2017-08-18 20:00:00,19.271
2017-08-19 20:00:00,19.299
2017-08-20 20:00:00,19.272
2017-08-21 20:00:00,19.238
2017-08-22 20:00:00,19.196
2017-08-23 20:00:00,19.151
2017-08-24 20:00:00,19.119
2017-08-25 20:00:00,19.077
2017-08-26 20:00:00,19.044
2017-08-27 20:00:00,19.008
2017-08-28 20:00:00,18.972
2017-08-29 20:00:00,18.943
2017-08-30 20:00:00,19.023
2017-08-31 20:00:00,19.133
2017-09-01 20:00:00,19.091
2017-09-02 20:00:00,19.054
2017-09-03 20:00:00,19.023
2017-09-04 20:00:00,18.987
2017-09-05 20:00:00,18.986
2017-09-06 20:00:00,19.148
2017-09-07 20:00:00,19.109
2017-09-08 20:00:00,19.252
2017-09-09 20:00:00,19.338
2017-09-10 20:00:00,19.315
2017-09-11 20:00:00,19.289
2017-09-12 20:00:00,19.267
2017-09-13 20:00:00,19.309
2017-09-14 20:00:00,19.348
2017-09-15 20:00:00,19.345
2017-09-16 20:00:00,19.346
2017-09-17 20:00:00,19.329
2017-09-18 20:00:00,19.346
2017-09-19 20:00:00,19.338
2017-09-20 20:00:00,19.335
2017-09-21 20:00:00,19.315
2017-09-22 20:00:00,19.304
2017-09-23 20:00:00,19.295
2017-09-24 20:00:00,19.282
2017-09-25 20:00:00,19.274
2017-09-26 20:00:00,19.261
2017-09-27 20:00:00,19.249
2017-09-28 20:00:00,19.273
2017-09-29 20:00:00,19.267
2017-09-30 20:00:00,19.467
2017-10-01 20:00:00,19.445
2017-10-02 20:00:00,19.43
2017-10-03 20:00:00,19.41
2017-10-04 20:00:00,19.401
2017-10-05 20:00:00,19.465
2017-10-06 20:00:00,19.466
2017-10-07 20:00:00,19.502
2017-10-08 20:00:00,19.494
2017-10-09 20:00:00,19.487
2017-10-10 20:00:00,19.5
2017-10-11 20:00:00,19.483
2017-10-12 20:00:00,19.466
2017-10-13 20:00:00,19.461
2017-10-14 20:00:00,19.452
2017-10-15 20:00:00,19.45
2017-10-16 20:00:00,19.445
2017-10-17 20:00:00,19.445
2017-10-18 20:00:00,19.441
2017-10-19 20:00:00,19.441
2017-10-20 20:00:00,19.462
2017-10-21 20:00:00,19.469
2017-10-22 20:00:00,19.502
2017-10-23 20:00:00,19.496
2017-10-24 20:00:00,19.503
2017-10-25 20:00:00,19.495
2017-10-26 20:00:00,19.492
2017-10-27 20:00:00,19.483
2017-10-28 20:00:00,19.503
2017-10-29 20:00:00,19.498
2017-10-30 20:00:00,19.49
2017-10-31 20:00:00,19.496
2017-11-01 20:00:00,19.501
2017-11-02 20:00:00,19.495
2017-11-03 20:00:00,19.493
2017-11-04 20:00:00,19.501
2017-11-05 20:00:00,19.49
2017-11-06 20:00:00,19.478
2017-11-07 20:00:00,19.484
2017-11-08 20:00:00,19.479
2017-11-09 20:00:00,19.481
2017-11-10 20:00:00,19.543
2017-11-11 20:00:00,19.557
2017-11-12 20:00:00,19.567
2017-11-13 20:00:00,19.552
2017-11-14 20:00:00,19.546
2017-11-15 20:00:00,19.541
2017-11-16 20:00:00,19.54
2017-11-17 20:00:00,19.538
2017-11-18 20:00:00,19.548000000000002
2017-11-19 20:00:00,19.547
2017-11-20 20:00:00,19.589
2017-11-21 20:00:00,19.621
2017-11-22 20:00:00,19.606
2017-11-23 20:00:00,19.591
2017-11-24 20:00:00,19.609
2017-11-25 20:00:00,19.597
2017-11-26 20:00:00,19.612
2017-11-27 20:00:00,19.636
2017-11-28 20:00:00,19.629
2017-11-29 20:00:00,19.614
2017-11-30 20:00:00,19.609
2017-12-01 20:00:00,19.593
2017-12-02 20:00:00,19.588
2017-12-03 20:00:00,19.603
2017-12-04 20:00:00,19.6
2017-12-05 20:00:00,19.597
2017-12-06 20:00:00,19.592
2017-12-07 20:00:00,19.615
2017-12-08 20:00:00,19.623
2017-12-09 20:00:00,19.647
2017-12-10 20:00:00,19.665
2017-12-11 20:00:00,19.672
2017-12-12 20:00:00,19.674
2017-12-13 20:00:00,19.712
2017-12-14 20:00:00,19.713
2017-12-15 20:00:00,19.69
2017-12-16 20:00:00,19.67
2017-12-17 20:00:00,19.659
2017-12-18 20:00:00,19.678
2017-12-19 20:00:00,19.671
2017-12-20 20:00:00,19.666
2017-12-21 20:00:00,19.663
2017-12-22 20:00:00,19.652
2017-12-23 20:00:00,19.65
2017-12-24 20:00:00,19.649
2017-12-25 20:00:00,19.647
2017-12-26 20:00:00,19.644
2017-12-27 20:00:00,19.648
2017-12-28 20:00:00,19.631
2017-12-29 20:00:00,19.641
2017-12-30 20:00:00,19.664
2017-12-31 20:00:00,19.701
2018-01-01 20:00:00,19.716
2018-01-02 20:00:00,19.708
2018-01-03 20:00:00,19.743
2018-01-04 20:00:00,19.736
2018-01-05 20:00:00,19.724
2018-01-06 20:00:00,19.697
2018-01-07 20:00:00,19.676
2018-01-08 20:00:00,19.667
2018-01-09 20:00:00,19.663
2018-01-10 20:00:00,19.673000000000002
2018-01-11 20:00:00,19.66
2018-01-12 20:00:00,19.652
2018-01-13 20:00:00,19.648
2018-01-14 20:00:00,19.644
2018-01-15 20:00:00,19.673000000000002
2018-01-16 20:00:00,19.712
2018-01-17 20:00:00,19.732
2018-01-18 20:00:00,19.733
2018-01-19 20:00:00,19.71
2018-01-20 20:00:00,19.709
2018-01-21 20:00:00,19.697
2018-01-22 20:00:00,19.692
2018-01-23 20:00:00,19.684
2018-01-24 20:00:00,19.683
2018-01-25 20:00:00,19.687
2018-01-26 20:00:00,19.672
2018-01-27 20:00:00,19.666
2018-01-28 20:00:00,19.664
2018-01-29 20:00:00,19.678
2018-01-30 20:00:00,19.675
2018-01-31 20:00:00,19.694
2018-02-01 20:00:00,19.688
2018-02-02 20:00:00,19.706
2018-02-03 20:00:00,19.694
2018-02-04 20:00:00,19.675
2018-02-05 20:00:00,19.669
2018-02-06 20:00:00,19.66
2018-02-07 20:00:00,19.637
2018-02-08 20:00:00,19.627
2018-02-09 20:00:00,19.63
2018-02-10 20:00:00,19.636
2018-02-11 20:00:00,19.666
2018-02-12 20:00:00,19.674
2018-02-13 20:00:00,19.676
2018-02-14 20:00:00,19.659
2018-02-15 20:00:00,19.666
2018-02-16 20:00:00,19.652
2018-02-17 20:00:00,19.648
2018-02-18 20:00:00,19.639
2018-02-19 20:00:00,19.639
2018-02-20 20:00:00,19.63
2018-02-21 20:00:00,19.621
2018-02-22 20:00:00,19.618
2018-02-23 20:00:00,19.613
2018-02-24 20:00:00,19.601
2018-02-25 20:00:00,19.59
2018-02-26 20:00:00,19.587
2018-02-27 20:00:00,19.579
2018-02-28 20:00:00,19.561
2018-03-01 20:00:00,19.555
2018-03-02 20:00:00,19.558
2018-03-03 20:00:00,19.551
2018-03-04 20:00:00,19.567
2018-03-05 20:00:00,19.6
2018-03-06 20:00:00,19.6
2018-03-07 20:00:00,19.598
2018-03-08 20:00:00,19.627
2018-03-09 20:00:00,19.623
2018-03-10 20:00:00,19.639
2018-03-11 20:00:00,19.637
2018-03-12 20:00:00,19.634
2018-03-13 20:00:00,19.648
2018-03-14 20:00:00,19.639
2018-03-15 20:00:00,19.63
2018-03-16 20:00:00,19.635
2018-03-17 20:00:00,19.623
2018-03-18 20:00:00,19.605
2018-03-19 20:00:00,19.598
2018-03-20 20:00:00,19.593
2018-03-21 20:00:00,19.593
2018-03-22 20:00:00,19.615
2018-03-23 20:00:00,19.617
2018-03-24 20:00:00,19.607
2018-03-25 20:00:00,19.595
2018-03-26 20:00:00,19.589
2018-03-27 20:00:00,19.592
2018-03-28 20:00:00,19.64
2018-03-29 20:00:00,19.657
2018-03-30 20:00:00,19.656
2018-03-31 20:00:00,19.662
2018-04-01 20:00:00,19.647
2018-04-02 20:00:00,19.644
2018-04-03 20:00:00,19.638
2018-04-04 20:00:00,19.644
2018-04-05 20:00:00,19.636
2018-04-06 20:00:00,19.629
2018-04-07 20:00:00,19.618
2018-04-08 20:00:00,19.611
2018-04-09 20:00:00,19.606
2018-04-10 20:00:00,19.597
2018-04-11 20:00:00,19.584
2018-04-12 20:00:00,19.582
2018-04-13 20:00:00,19.571
2018-04-14 20:00:00,19.564
2018-04-15 20:00:00,19.582
2018-04-16 20:00:00,19.564
2018-04-17 20:00:00,19.552
2018-04-18 20:00:00,19.542
2018-04-19 20:00:00,19.538
2018-04-20 20:00:00,19.53
2018-04-21 20:00:00,19.521
2018-04-22 20:00:00,19.526
2018-04-23 20:00:00,19.516
2018-04-24 20:00:00,19.519
2018-04-25 20:00:00,19.514
2018-04-26 20:00:00,19.512
2018-04-27 20:00:00,19.505
2018-04-28 20:00:00,19.495
2018-04-29 20:00:00,19.499
2018-04-30 20:00:00,19.591
2018-05-01 20:00:00,19.576999999999998
2018-05-02 20:00:00,19.561
2018-05-03 20:00:00,19.539
2018-05-04 20:00:00,19.524
2018-05-05 20:00:00,19.505
2018-05-06 20:00:00,19.485
2018-05-07 20:00:00,19.466
2018-05-08 20:00:00,19.45
2018-05-09 20:00:00,19.432
2018-05-10 20:00:00,19.433
2018-05-11 20:00:00,19.425
2018-05-12 20:00:00,19.412
2018-05-13 20:00:00,19.495
2018-05-14 20:00:00,19.479
2018-05-15 20:00:00,19.443
2018-05-16 20:00:00,19.43
2018-05-17 20:00:00,19.416
2018-05-18 20:00:00,19.403
2018-05-19 20:00:00,19.394
2018-05-20 20:00:00,19.375
2018-05-21 20:00:00,19.352
2018-05-22 20:00:00,19.328
2018-05-23 20:00:00,19.346
2018-05-24 20:00:00,19.321
2018-05-25 20:00:00,19.314
2018-05-26 20:00:00,19.265
2018-05-27 20:00:00,19.285
2018-05-28 20:00:00,19.236
2018-05-29 20:00:00,19.241
2018-05-30 20:00:00,19.3
2018-05-31 20:00:00,19.323
2018-06-01 20:00:00,19.32
2018-06-02 20:00:00,19.331
2018-06-03 20:00:00,19.306
2018-06-04 20:00:00,19.293
2018-06-05 20:00:00,19.264
2018-06-06 20:00:00,19.211
2018-06-07 20:00:00,19.164
2018-06-08 20:00:00,19.222
2018-06-09 20:00:00,19.162
2018-06-10 20:00:00,19.138
2018-06-11 20:00:00,19.108
2018-06-12 20:00:00,19.111
2018-06-13 20:00:00,19.092
2018-06-14 20:00:00,19.093
2018-06-15 20:00:00,19.078
2018-06-16 20:00:00,19.053
2018-06-17 20:00:00,19.046
2018-06-18 20:00:00,19.079
2018-06-19 20:00:00,19.078
2018-06-20 20:00:00,19.019
2018-06-21 20:00:00,19.035
2018-06-22 20:00:00,19.087
2018-06-23 20:00:00,19.026
2018-06-24 20:00:00,19.053
2018-06-25 20:00:00,19.007
2018-06-26 20:00:00,18.98
2018-06-27 20:00:00,18.944
2018-06-28 20:00:00,18.911
2018-06-29 20:00:00,18.881
2018-06-30 20:00:00,18.849
2018-07-01 20:00:00,18.818
2018-07-02 20:00:00,18.792
2018-07-03 20:00:00,18.776
2018-07-04 20:00:00,18.756
2018-07-05 20:00:00,18.745
2018-07-06 20:00:00,18.73
2018-07-07 20:00:00,18.713
2018-07-08 20:00:00,18.704
2018-07-09 20:00:00,18.732
2018-07-10 20:00:00,18.766
2018-07-11 20:00:00,18.765
2018-07-12 20:00:00,18.717
2018-07-13 20:00:00,18.692
2018-07-14 20:00:00,18.678
2018-07-15 20:00:00,18.661
2018-07-16 20:00:00,18.644
2018-07-17 20:00:00,18.625
2018-07-18 20:00:00,18.612
2018-07-19 20:00:00,18.604
2018-07-20 20:00:00,18.588
2018-07-21 20:00:00,18.576999999999998
2018-07-22 20:00:00,18.582
2018-07-23 20:00:00,18.567
2018-07-24 20:00:00,18.548000000000002
2018-07-25 20:00:00,18.524
2018-07-26 20:00:00,18.508
2018-07-27 20:00:00,18.486
2018-07-28 20:00:00,18.661
2018-07-29 20:00:00,18.611
2018-07-30 20:00:00,18.543
2018-07-31 20:00:00,18.512
2018-08-01 20:00:00,18.496
2018-08-02 20:00:00,18.479
2018-08-03 20:00:00,18.46
2018-08-04 20:00:00,18.449
2018-08-05 20:00:00,18.445
2018-08-06 20:00:00,18.44
2018-08-07 20:00:00,18.425
2018-08-08 20:00:00,18.445
2018-08-09 20:00:00,18.538
2018-08-10 20:00:00,18.505
2018-08-11 20:00:00,18.528
2018-08-12 20:00:00,18.501
2018-08-13 20:00:00,18.55
2018-08-14 20:00:00,18.557
2018-08-15 20:00:00,18.549
2018-08-16 20:00:00,18.515
2018-08-17 20:00:00,18.576
2018-08-18 20:00:00,18.559
2018-08-19 20:00:00,18.538
2018-08-20 20:00:00,18.555
2018-08-21 20:00:00,18.554
2018-08-22 20:00:00,18.51
2018-08-23 20:00:00,18.518
2018-08-24 20:00:00,18.561
2018-08-25 20:00:00,18.725
2018-08-26 20:00:00,18.683
2018-08-27 20:00:00,18.685
2018-08-28 20:00:00,18.669
2018-08-29 20:00:00,18.655
2018-08-30 20:00:00,18.724
2018-08-31 20:00:00,18.701
2018-09-01 20:00:00,18.661
2018-09-02 20:00:00,18.631
2018-09-03 20:00:00,18.625
2018-09-04 20:00:00,18.613
2018-09-05 20:00:00,18.582
2018-09-06 20:00:00,18.628
2018-09-07 20:00:00,18.642
2018-09-08 20:00:00,18.621
2018-09-09 20:00:00,18.595
2018-09-10 20:00:00,18.603
2018-09-11 20:00:00,18.585
2018-09-12 20:00:00,18.615
2018-09-13 20:00:00,18.589
2018-09-14 20:00:00,18.573
2018-09-15 20:00:00,18.564
2018-09-16 20:00:00,18.547
2018-09-17 20:00:00,18.527
2018-09-18 20:00:00,18.489
2018-09-19 20:00:00,18.479
2018-09-20 20:00:00,18.479
2018-09-21 20:00:00,18.516
2018-09-22 20:00:00,18.69
2018-09-23 20:00:00,18.781
2018-09-24 20:00:00,18.745
2018-09-25 20:00:00,18.732
2018-09-26 20:00:00,18.696
2018-09-27 20:00:00,18.666
2018-09-28 20:00:00,18.641
2018-09-29 20:00:00,18.646
2018-09-30 20:00:00,18.651
2018-10-01 20:00:00,18.643
2018-10-02 20:00:00,18.689
2018-10-03 20:00:00,18.654
2018-10-04 20:00:00,18.663
2018-10-05 20:00:00,18.655
2018-10-06 20:00:00,18.644
2018-10-07 20:00:00,18.656
2018-10-08 20:00:00,18.66
2018-10-09 20:00:00,18.653
2018-10-10 20:00:00,18.637
2018-10-11 20:00:00,18.629
2018-10-12 20:00:00,18.61
2018-10-13 20:00:00,18.594
2018-10-14 20:00:00,18.582
2018-10-15 20:00:00,18.575
2018-10-16 20:00:00,18.574
2018-10-17 20:00:00,18.581
2018-10-18 20:00:00,18.594
2018-10-19 20:00:00,18.601
2018-10-20 20:00:00,18.611
2018-10-21 20:00:00,18.621
2018-10-22 20:00:00,18.609
2018-10-23 20:00:00,18.637
2018-10-24 20:00:00,18.654
2018-10-25 20:00:00,18.684
2018-10-26 20:00:00,18.72
2018-10-27 20:00:00,18.719
2018-10-28 20:00:00,18.721
2018-10-29 20:00:00,18.741
2018-10-30 20:00:00,18.821
2018-10-31 20:00:00,18.8
2018-11-01 20:00:00,18.803
2018-11-02 20:00:00,18.799
2018-11-03 20:00:00,18.796
2018-11-04 20:00:00,18.796
2018-11-05 20:00:00,18.796
2018-11-06 20:00:00,18.79
2018-11-07 20:00:00,18.775
2018-11-08 20:00:00,18.767
2018-11-09 20:00:00,18.781
2018-11-10 20:00:00,18.787
2018-11-11 20:00:00,18.877
2018-11-12 20:00:00,18.909
2018-11-13 20:00:00,18.886
2018-11-14 20:00:00,18.869
2018-11-15 20:00:00,18.86
2018-11-16 20:00:00,18.853
2018-11-17 20:00:00,18.847
2018-11-18 20:00:00,18.849
2018-11-19 20:00:00,18.853
2018-11-20 20:00:00,18.854
2018-11-21 20:00:00,18.84
2018-11-22 20:00:00,18.844
2018-11-23 20:00:00,18.848
2018-11-24 20:00:00,18.85
2018-11-25 20:00:00,18.855
2018-11-26 20:00:00,18.854
2018-11-27 20:00:00,18.856
2018-11-28 20:00:00,18.863
2018-11-29 20:00:00,18.892
2018-11-30 20:00:00,18.899
2018-12-01 20:00:00,18.905
2018-12-02 20:00:00,18.932
2018-12-03 20:00:00,18.972
2018-12-04 20:00:00,18.995
2018-12-05 20:00:00,18.987
2018-12-06 20:00:00,18.993
2018-12-07 20:00:00,19.108
2018-12-08 20:00:00,19.158
2018-12-09 20:00:00,19.19
2018-12-10 20:00:00,19.171
2018-12-11 20:00:00,19.156
2018-12-12 20:00:00,19.14
2018-12-13 20:00:00,19.126
2018-12-14 20:00:00,19.111
2018-12-15 20:00:00,19.107
2018-12-16 20:00:00,19.1
2018-12-17 20:00:00,19.109
2018-12-18 20:00:00,19.116
2018-12-19 20:00:00,19.108
2018-12-20 20:00:00,19.108
2018-12-21 20:00:00,19.225
2018-12-22 20:00:00,19.303
2018-12-23 20:00:00,19.366
2018-12-24 20:00:00,19.373
2018-12-25 20:00:00,19.362
2018-12-26 20:00:00,19.351
2018-12-27 20:00:00,19.341
2018-12-28 20:00:00,19.332
2018-12-29 20:00:00,19.34
2018-12-30 20:00:00,19.334
2018-12-31 20:00:00,19.33
2019-01-01 20:00:00,19.332
2019-01-02 20:00:00,19.316
2019-01-03 20:00:00,19.315
2019-01-04 20:00:00,19.317
2019-01-05 20:00:00,19.347
2019-01-06 20:00:00,19.369
2019-01-07 20:00:00,19.382
2019-01-08 20:00:00,19.412
2019-01-09 20:00:00,19.419
2019-01-10 20:00:00,19.412
2019-01-11 20:00:00,19.427
2019-01-12 20:00:00,19.458
2019-01-13 20:00:00,19.5
2019-01-14 20:00:00,19.484
2019-01-15 20:00:00,19.48
2019-01-16 20:00:00,19.479
2019-01-17 20:00:00,19.501
2019-01-18 20:00:00,19.487
2019-01-19 20:00:00,19.477
2019-01-20 20:00:00,19.457
2019-01-21 20:00:00,19.449
2019-01-22 20:00:00,19.456
2019-01-23 20:00:00,19.449
2019-01-24 20:00:00,19.439
2019-01-25 20:00:00,19.447
2019-01-26 20:00:00,19.54
2019-01-27 20:00:00,19.551
2019-01-28 20:00:00,19.559
2019-01-29 20:00:00,19.552
2019-01-30 20:00:00,19.54
2019-01-31 20:00:00,19.539
2019-02-01 20:00:00,19.536
2019-02-02 20:00:00,19.539
2019-02-03 20:00:00,19.528
2019-02-04 20:00:00,19.528
2019-02-05 20:00:00,19.525
2019-02-06 20:00:00,19.56
2019-02-07 20:00:00,19.59
2019-02-08 20:00:00,19.579
2019-02-09 20:00:00,19.573
2019-02-10 20:00:00,19.609
2019-02-11 20:00:00,19.595
2019-02-12 20:00:00,19.582
2019-02-13 20:00:00,19.568
2019-02-14 20:00:00,19.563
2019-02-15 20:00:00,19.56
2019-02-16 20:00:00,19.553
2019-02-17 20:00:00,19.549
2019-02-18 20:00:00,19.547
2019-02-19 20:00:00,19.539
2019-02-20 20:00:00,19.533
2019-02-21 20:00:00,19.539
2019-02-22 20:00:00,19.537
2019-02-23 20:00:00,19.532
2019-02-24 20:00:00,19.524
2019-02-25 20:00:00,19.523
2019-02-26 20:00:00,19.521
2019-02-27 20:00:00,19.524
2019-02-28 20:00:00,19.522
2019-03-01 20:00:00,19.522
2019-03-02 20:00:00,19.524
2019-03-03 20:00:00,19.538
2019-03-04 20:00:00,19.542
2019-03-05 20:00:00,19.529
2019-03-06 20:00:00,19.544
2019-03-07 20:00:00,19.548000000000002
2019-03-08 20:00:00,19.555
2019-03-09 20:00:00,19.581
2019-03-10 20:00:00,19.638
2019-03-11 20:00:00,19.637
2019-03-12 20:00:00,19.635
2019-03-13 20:00:00,19.646
2019-03-14 20:00:00,19.658
2019-03-15 20:00:00,19.638
2019-03-16 20:00:00,19.644
2019-03-17 20:00:00,19.642
2019-03-18 20:00:00,19.63
2019-03-19 20:00:00,19.615
2019-03-20 20:00:00,19.606
2019-03-21 20:00:00,19.602
2019-03-22 20:00:00,19.599
2019-03-23 20:00:00,19.589
2019-03-24 20:00:00,19.587
2019-03-25 20:00:00,19.597
2019-03-26 20:00:00,19.59
2019-03-27 20:00:00,19.579
2019-03-28 20:00:00,19.575
2019-03-29 20:00:00,19.571
2019-03-30 20:00:00,19.569
2019-03-31 20:00:00,19.556
2019-04-01 20:00:00,19.555
2019-04-02 20:00:00,19.558
2019-04-03 20:00:00,19.554
2019-04-04 20:00:00,19.556
2019-04-05 20:00:00,19.56
2019-04-06 20:00:00,19.553
2019-04-07 20:00:00,19.544
2019-04-08 20:00:00,19.533
2019-04-09 20:00:00,19.522
2019-04-10 20:00:00,19.51
2019-04-11 20:00:00,19.506
2019-04-12 20:00:00,19.501
2019-04-13 20:00:00,19.499
2019-04-14 20:00:00,19.495
2019-04-15 20:00:00,19.494
2019-04-16 20:00:00,19.49
2019-04-17 20:00:00,19.479
2019-04-18 20:00:00,19.47
2019-04-19 20:00:00,19.461
2019-04-20 20:00:00,19.448
2019-04-21 20:00:00,19.446
2019-04-22 20:00:00,19.437
2019-04-23 20:00:00,19.429
2019-04-24 20:00:00,19.429
2019-04-25 20:00:00,19.456
2019-04-26 20:00:00,19.449
2019-04-27 20:00:00,19.475
2019-04-28 20:00:00,19.456
2019-04-29 20:00:00,19.448
2019-04-30 20:00:00,19.441
2019-05-01 20:00:00,19.437
2019-05-02 20:00:00,19.435
2019-05-03 20:00:00,19.423
2019-05-04 20:00:00,19.431
2019-05-05 20:00:00,19.428
2019-05-06 20:00:00,19.427
2019-05-07 20:00:00,19.423
2019-05-08 20:00:00,19.432
2019-05-09 20:00:00,19.418
2019-05-10 20:00:00,19.413
2019-05-11 20:00:00,19.391
2019-05-12 20:00:00,19.376
2019-05-13 20:00:00,19.366
2019-05-14 20:00:00,19.356
2019-05-15 20:00:00,19.34
2019-05-16 20:00:00,19.337
2019-05-17 20:00:00,19.341
2019-05-18 20:00:00,19.32
2019-05-19 20:00:00,19.347
2019-05-20 20:00:00,19.344
2019-05-21 20:00:00,19.334
2019-05-22 20:00:00,19.303
2019-05-23 20:00:00,19.28
2019-05-24 20:00:00,19.253
2019-05-25 20:00:00,19.238
2019-05-26 20:00:00,19.226
2019-05-27 20:00:00,19.258
2019-05-28 20:00:00,19.302
2019-05-29 20:00:00,19.267
2019-05-30 20:00:00,19.261
2019-05-31 20:00:00,19.226
2019-06-01 20:00:00,19.194
2019-06-02 20:00:00,19.151
2019-06-03 20:00:00,19.174
2019-06-04 20:00:00,19.139
2019-06-05 20:00:00,19.099
2019-06-06 20:00:00,19.194
2019-06-07 20:00:00,19.178
2019-06-08 20:00:00,19.171
2019-06-09 20:00:00,19.117
2019-06-10 20:00:00,19.158
2019-06-11 20:00:00,19.195
2019-06-12 20:00:00,19.269
2019-06-13 20:00:00,19.233
2019-06-14 20:00:00,19.185
2019-06-15 20:00:00,19.205
2019-06-16 20:00:00,19.157
2019-06-17 20:00:00,19.099
2019-06-18 20:00:00,19.051
2019-06-19 20:00:00,19.102
2019-06-20 20:00:00,19.098
2019-06-21 20:00:00,19.036
2019-06-22 20:00:00,18.991
2019-06-23 20:00:00,18.94
2019-06-24 20:00:00,18.892
2019-06-25 20:00:00,18.85
2019-06-26 20:00:00,18.832
2019-06-27 20:00:00,18.819
2019-06-28 20:00:00,18.801
2019-06-29 20:00:00,18.767
2019-06-30 20:00:00,18.739
2019-07-01 20:00:00,18.74
2019-07-02 20:00:00,18.73
2019-07-03 20:00:00,18.726
2019-07-04 20:00:00,18.719
2019-07-05 20:00:00,18.708
2019-07-06 20:00:00,18.74
2019-07-07 20:00:00,18.743
2019-07-08 20:00:00,18.752
2019-07-09 20:00:00,18.716
2019-07-10 20:00:00,18.723
2019-07-11 20:00:00,18.831
2019-07-12 20:00:00,18.893
2019-07-13 20:00:00,18.874
2019-07-14 20:00:00,18.865
2019-07-15 20:00:00,18.843
2019-07-16 20:00:00,18.859
2019-07-17 20:00:00,18.806
2019-07-18 20:00:00,18.75
2019-07-19 20:00:00,18.715
2019-07-20 20:00:00,18.727
2019-07-21 20:00:00,18.681
2019-07-22 20:00:00,18.655
2019-07-23 20:00:00,18.617
2019-07-24 20:00:00,18.575
2019-07-25 20:00:00,18.546
2019-07-26 20:00:00,18.512
2019-07-27 20:00:00,18.502
2019-07-28 20:00:00,18.507
2019-07-29 20:00:00,18.51
2019-07-30 20:00:00,18.485
2019-07-31 20:00:00,18.523
2019-08-01 20:00:00,18.536
2019-08-02 20:00:00,18.565
2019-08-03 20:00:00,18.569
2019-08-04 20:00:00,18.514
2019-08-05 20:00:00,18.494
2019-08-06 20:00:00,18.473
2019-08-07 20:00:00,18.467
2019-08-08 20:00:00,18.46
2019-08-09 20:00:00,18.593
2019-08-10 20:00:00,18.542
2019-08-11 20:00:00,18.497
2019-08-12 20:00:00,18.589
2019-08-13 20:00:00,18.632
2019-08-14 20:00:00,18.584
2019-08-15 20:00:00,18.701
2019-08-16 20:00:00,18.65
2019-08-17 20:00:00,18.718
2019-08-18 20:00:00,18.775
2019-08-19 20:00:00,18.716
2019-08-20 20:00:00,18.704
2019-08-21 20:00:00,18.684
2019-08-22 20:00:00,18.637
2019-08-23 20:00:00,18.605
2019-08-24 20:00:00,18.554
2019-08-25 20:00:00,18.527
2019-08-26 20:00:00,18.494
2019-08-27 20:00:00,18.461
2019-08-28 20:00:00,18.443
2019-08-29 20:00:00,18.588
2019-08-30 20:00:00,18.557
2019-08-31 20:00:00,18.525
2019-09-01 20:00:00,18.544
2019-09-02 20:00:00,18.525
2019-09-03 20:00:00,18.547
2019-09-04 20:00:00,18.566
2019-09-05 20:00:00,18.562
2019-09-06 20:00:00,18.539
2019-09-07 20:00:00,18.585
2019-09-08 20:00:00,18.625
2019-09-09 20:00:00,18.603
2019-09-10 20:00:00,18.571
2019-09-11 20:00:00,18.625
2019-09-12 20:00:00,18.626
2019-09-13 20:00:00,18.58
2019-09-14 20:00:00,18.567
2019-09-15 20:00:00,18.555
2019-09-16 20:00:00,18.669
2019-09-17 20:00:00,18.639
