Titel:,,,,,,,,,,,
Gebruikersnaam:,,,,,,,,,,,
Periode aangevraagd:,01-01-1800,tot:,26-06-2020,,,,,,,,
Gegevens beschikbaar:,14-02-2003,tot:,30-10-2013,,,,,,,,
Datum: ,26-06-2020,,,,,,,,,,
Referentie:,NAP,,,,,,,,,,

NAP:,Normaal Amsterdams Peil,,,,,,,,,,
MV:,Maaiveld,,,,,,,,,,
MP:,Meetpunt,,,,,,,,,,

Locatie,Filternummer,Externe aanduiding,X-coordinaat,Y-coordinaat,Maaiveld (cm t.o.v. NAP),Datum maaiveld gemeten,Startdatum,Einddatum,Meetpunt (cm t.o.v. NAP),Meetpunt (cm t.o.v. MV),Bovenkant filter (cm t.o.v. NAP),Onderkant filter (cm t.o.v. NAP)
B49F0555,001,,94532,399958,-61,01-01-2003,01-01-2003,01-07-2019,-15,46,-75,-175


Locatie,Filternummer,Peildatum,Stand (cm t.o.v. MP),Stand (cm t.o.v. MV),Stand (cm t.o.v. NAP),Bijzonderheid,Opmerking,,,
B49F0555,001,14-02-2003,49,3,-64,,,,,,
B49F0555,001,26-02-2003,56,10,-71,,,,,,
B49F0555,001,14-03-2003,66,20,-81,,,,,,
B49F0555,001,28-03-2003,77,31,-92,,,,,,
B49F0555,001,14-04-2003,66,20,-81,,,,,,
B49F0555,001,25-04-2003,77,31,-92,,,,,,
B49F0555,001,14-05-2003,52,6,-67,,,,,,
B49F0555,001,28-05-2003,61,15,-76,,,,,,
B49F0555,001,13-06-2003,89,43,-104,,,,,,
B49F0555,001,26-06-2003,81,35,-96,,,,,,
B49F0555,001,10-07-2003,72,26,-87,,,,,,
B49F0555,001,30-07-2003,64,18,-79,,,,,,
B49F0555,001,14-08-2003,80,34,-95,,,,,,
B49F0555,001,28-08-2003,63,17,-78,,,,,,
B49F0555,001,14-09-2003,75,29,-90,,,,,,
B49F0555,001,28-09-2003,79,33,-94,,,,,,
B49F0555,001,14-10-2003,69,23,-84,,,,,,
B49F0555,001,28-10-2003,61,15,-76,,,,,,
B49F0555,001,14-11-2003,68,22,-83,,,,,,
B49F0555,001,28-11-2003,56,10,-71,,,,,,
B49F0555,001,15-12-2003,50,4,-65,,,,,,
B49F0555,001,24-12-2003,49,3,-64,,,,,,
B49F0555,001,14-01-2004,50,4,-65,,,,,,
B49F0555,001,28-01-2004,52,6,-67,,,,,,
B49F0555,001,14-02-2004,51,5,-66,,,,,,
B49F0555,001,28-02-2004,49,3,-64,,,,,,
B49F0555,001,14-03-2004,76,30,-91,,,,,,
B49F0555,001,28-03-2004,56,10,-71,,,,,,
B49F0555,001,14-04-2004,,,,N,,,,,
B49F0555,001,28-04-2004,73,27,-88,,,,,,
B49F0555,001,14-05-2004,78,32,-93,,,,,,
B49F0555,001,28-05-2004,76,30,-91,,,,,,
B49F0555,001,14-06-2004,69,23,-84,,,,,,
B49F0555,001,28-06-2004,71,25,-86,,,,,,
B49F0555,001,14-07-2004,55,9,-70,,,,,,
B49F0555,001,28-07-2004,69,23,-84,,,,,,
B49F0555,001,13-08-2004,64,18,-79,,,,,,
B49F0555,001,31-08-2004,48,2,-63,,,,,,
B49F0555,001,15-09-2004,52,6,-67,,,,,,
B49F0555,001,28-09-2004,58,12,-73,,,,,,
B49F0555,001,13-10-2004,69,23,-84,,,,,,
B49F0555,001,27-10-2004,65,19,-80,,,,,,
B49F0555,001,16-11-2004,54,8,-69,,,,,,
B49F0555,001,01-12-2004,44,-2,-59,,,,,,
B49F0555,001,13-01-2005,51,5,-66,,,,,,
B49F0555,001,26-01-2005,47,1,-62,,,,,,
B49F0555,001,11-02-2005,44,-2,-59,,,,,,
B49F0555,001,01-03-2005,51,5,-66,,,,,,
B49F0555,001,15-03-2005,,,,N,,,,,
B49F0555,001,28-03-2005,48,2,-63,,,,,,
B49F0555,001,14-04-2005,42,-4,-57,,,,,,
B49F0555,001,25-04-2005,,,,N,,,,,
B49F0555,001,18-05-2005,62,16,-77,,,,,,
B49F0555,001,25-05-2005,61,15,-76,,,,,,
B49F0555,001,16-06-2005,81,35,-96,,,,,,
B49F0555,001,29-06-2005,59,13,-74,,,,,,
B49F0555,001,19-07-2005,80,34,-95,,,,,,
B49F0555,001,28-07-2005,60,14,-75,,,,,,
B49F0555,001,15-08-2005,,,,N,,,,,
B49F0555,001,30-08-2005,78,32,-93,,,,,,
B49F0555,001,15-09-2005,69,23,-84,,,,,,
B49F0555,001,27-09-2005,80,34,-95,,,,,,
B49F0555,001,14-10-2005,71,25,-86,,,,,,
B49F0555,001,26-10-2005,58,12,-73,,,,,,
B49F0555,001,15-11-2005,61,15,-76,,,,,,
B49F0555,001,28-11-2005,40,-6,-55,,,,,,
B49F0555,001,13-01-2006,44,-2,-59,,,,,,
B49F0555,001,27-01-2006,46,0,-61,,,,,,
B49F0555,001,15-02-2006,40,-6,-55,,,,,,
B49F0555,001,28-02-2006,40,-6,-55,,,,,,
B49F0555,001,16-03-2006,45,-1,-60,,,,,,
B49F0555,001,29-03-2006,45,-1,-60,,,,,,
B49F0555,001,14-04-2006,47,1,-62,,,,,,
B49F0555,001,28-04-2006,,,,N,,,,,
B49F0555,001,16-05-2006,64,18,-79,,,,,,
B49F0555,001,30-05-2006,39,-7,-54,,,,,,
B49F0555,001,13-06-2006,50,4,-65,,,,,,
B49F0555,001,27-06-2006,50,4,-65,,,,,,
B49F0555,001,14-07-2006,81,35,-96,,,,,,
B49F0555,001,28-07-2006,88,42,-103,,,,,,
B49F0555,001,16-08-2006,41,-5,-56,,,,,,
B49F0555,001,15-09-2006,54,8,-69,,,,,,
B49F0555,001,28-09-2006,63,17,-78,,,,,,
B49F0555,001,12-10-2006,59,13,-74,,,,,,
B49F0555,001,15-11-2006,49,3,-64,,,,,,
B49F0555,001,28-11-2006,,,,N,,,,,
B49F0555,001,14-12-2006,42,-4,-57,,,,,,
B49F0555,001,26-01-2007,,,,N,,,,,
B49F0555,001,30-01-2007,45,-1,-60,,,,,,
B49F0555,001,16-02-2007,41,-5,-56,,,,,,
B49F0555,001,02-03-2007,38,-8,-53,,,,,,
B49F0555,001,13-03-2007,46,0,-61,,,,,,
B49F0555,001,29-03-2007,46,0,-61,,,,,,
B49F0555,001,14-04-2007,53,7,-68,,,,,,
B49F0555,001,28-04-2007,74,28,-89,,,,,,
B49F0555,001,14-05-2007,,,,N,,,,,
B49F0555,001,26-05-2007,,,,N,,,,,
B49F0555,001,14-06-2007,63,17,-78,,,,,,
B49F0555,001,26-06-2007,,,,N,,,,,
B49F0555,001,14-07-2007,,,,N,,,,,
B49F0555,001,01-08-2007,45,-1,-60,,,,,,
B49F0555,001,15-08-2007,62,16,-77,,,,,,
B49F0555,001,28-08-2007,67,21,-82,,,,,,
B49F0555,001,14-09-2007,,,,N,,,,,
B49F0555,001,29-09-2007,57,11,-72,,,,,,
B49F0555,001,15-10-2007,64,18,-79,,,,,,
B49F0555,001,27-10-2007,69,23,-84,,,,,,
B49F0555,001,14-11-2007,51,5,-66,,,,,,
B49F0555,001,29-11-2007,56,10,-71,,,,,,
B49F0555,001,14-12-2007,,,,N,,,,,
B49F0555,001,28-12-2007,,,,N,,,,,
B49F0555,001,01-01-2008,40,-6,-55,,,,,,
B49F0555,001,02-01-2008,42,-4,-57,,,,,,
B49F0555,001,03-01-2008,43,-3,-58,,,,,,
B49F0555,001,04-01-2008,43,-3,-58,,,,,,
B49F0555,001,05-01-2008,42,-4,-57,,,,,,
B49F0555,001,06-01-2008,37,-9,-52,,,,,,
B49F0555,001,07-01-2008,38,-8,-53,,,,,,
B49F0555,001,08-01-2008,40,-6,-55,,,,,,
B49F0555,001,09-01-2008,40,-6,-55,,,,,,
B49F0555,001,10-01-2008,41,-5,-56,,,,,,
B49F0555,001,11-01-2008,41,-5,-56,,,,,,
B49F0555,001,12-01-2008,36,-10,-51,,,,,,
B49F0555,001,13-01-2008,38,-8,-53,,,,,,
B49F0555,001,14-01-2008,39,-7,-54,,,,,,
B49F0555,001,15-01-2008,40,-6,-55,,,,,,
B49F0555,001,16-01-2008,37,-9,-52,,,,,,
B49F0555,001,17-01-2008,39,-7,-54,,,,,,
B49F0555,001,18-01-2008,39,-7,-54,,,,,,
B49F0555,001,19-01-2008,38,-8,-53,,,,,,
B49F0555,001,20-01-2008,30,-16,-45,,,,,,
B49F0555,001,21-01-2008,34,-12,-49,,,,,,
B49F0555,001,22-01-2008,34,-12,-49,,,,,,
B49F0555,001,23-01-2008,36,-10,-51,,,,,,
B49F0555,001,24-01-2008,37,-9,-52,,,,,,
B49F0555,001,25-01-2008,37,-9,-52,,,,,,
B49F0555,001,26-01-2008,39,-7,-54,,,,,,
B49F0555,001,27-01-2008,39,-7,-54,,,,,,
B49F0555,001,28-01-2008,40,-6,-55,,,,,,
B49F0555,001,29-01-2008,40,-6,-55,,,,,,
B49F0555,001,30-01-2008,41,-5,-56,,,,,,
B49F0555,001,31-01-2008,41,-5,-56,,,,,,
B49F0555,001,01-02-2008,38,-8,-53,,,,,,
B49F0555,001,02-02-2008,40,-6,-55,,,,,,
B49F0555,001,03-02-2008,37,-9,-52,,,,,,
B49F0555,001,04-02-2008,38,-8,-53,,,,,,
B49F0555,001,05-02-2008,40,-6,-55,,,,,,
B49F0555,001,06-02-2008,37,-9,-52,,,,,,
B49F0555,001,07-02-2008,37,-9,-52,,,,,,
B49F0555,001,08-02-2008,38,-8,-53,,,,,,
B49F0555,001,09-02-2008,40,-6,-55,,,,,,
B49F0555,001,10-02-2008,41,-5,-56,,,,,,
B49F0555,001,11-02-2008,42,-4,-57,,,,,,
B49F0555,001,12-02-2008,42,-4,-57,,,,,,
B49F0555,001,13-02-2008,43,-3,-58,,,,,,
B49F0555,001,14-02-2008,43,-3,-58,,,,,,
B49F0555,001,15-02-2008,44,-2,-59,,,,,,
B49F0555,001,16-02-2008,46,0,-61,,,,,,
B49F0555,001,17-02-2008,47,1,-62,,,,,,
B49F0555,001,18-02-2008,47,1,-62,,,,,,
B49F0555,001,19-02-2008,47,1,-62,,,,,,
B49F0555,001,20-02-2008,47,1,-62,,,,,,
B49F0555,001,21-02-2008,46,0,-61,,,,,,
B49F0555,001,22-02-2008,46,0,-61,,,,,,
B49F0555,001,23-02-2008,48,2,-63,,,,,,
B49F0555,001,24-02-2008,48,2,-63,,,,,,
B49F0555,001,25-02-2008,46,0,-61,,,,,,
B49F0555,001,26-02-2008,45,-1,-60,,,,,,
B49F0555,001,27-02-2008,43,-3,-58,,,,,,
B49F0555,001,28-02-2008,45,-1,-60,,,,,,
B49F0555,001,29-02-2008,46,0,-61,,,,,,
B49F0555,001,01-03-2008,41,-5,-56,,,,,,
B49F0555,001,02-03-2008,43,-3,-58,,,,,,
B49F0555,001,03-03-2008,44,-2,-59,,,,,,
B49F0555,001,04-03-2008,47,1,-62,,,,,,
B49F0555,001,05-03-2008,48,2,-63,,,,,,
B49F0555,001,06-03-2008,49,3,-64,,,,,,
B49F0555,001,07-03-2008,46,0,-61,,,,,,
B49F0555,001,08-03-2008,45,-1,-60,,,,,,
B49F0555,001,09-03-2008,48,2,-63,,,,,,
B49F0555,001,10-03-2008,42,-4,-57,,,,,,
B49F0555,001,11-03-2008,40,-6,-55,,,,,,
B49F0555,001,12-03-2008,38,-8,-53,,,,,,
B49F0555,001,13-03-2008,41,-5,-56,,,,,,
B49F0555,001,14-03-2008,40,-6,-55,,,,,,
B49F0555,001,15-03-2008,43,-3,-58,,,,,,
B49F0555,001,16-03-2008,43,-3,-58,,,,,,
B49F0555,001,17-03-2008,37,-9,-52,,,,,,
B49F0555,001,18-03-2008,39,-7,-54,,,,,,
B49F0555,001,19-03-2008,40,-6,-55,,,,,,
B49F0555,001,20-03-2008,41,-5,-56,,,,,,
B49F0555,001,21-03-2008,35,-11,-50,,,,,,
B49F0555,001,22-03-2008,34,-12,-49,,,,,,
B49F0555,001,23-03-2008,35,-11,-50,,,,,,
B49F0555,001,24-03-2008,36,-10,-51,,,,,,
B49F0555,001,25-03-2008,34,-12,-49,,,,,,
B49F0555,001,26-03-2008,34,-12,-49,,,,,,
B49F0555,001,27-03-2008,33,-13,-48,,,,,,
B49F0555,001,28-03-2008,33,-13,-48,,,,,,
B49F0555,001,29-03-2008,33,-13,-48,,,,,,
B49F0555,001,30-03-2008,35,-11,-50,,,,,,
B49F0555,001,31-03-2008,36,-10,-51,,,,,,
B49F0555,001,01-04-2008,38,-8,-53,,,,,,
B49F0555,001,02-04-2008,39,-7,-54,,,,,,
B49F0555,001,03-04-2008,40,-6,-55,,,,,,
B49F0555,001,04-04-2008,41,-5,-56,,,,,,
B49F0555,001,05-04-2008,39,-7,-54,,,,,,
B49F0555,001,06-04-2008,37,-9,-52,,,,,,
B49F0555,001,07-04-2008,37,-9,-52,,,,,,
B49F0555,001,08-04-2008,38,-8,-53,,,,,,
B49F0555,001,09-04-2008,41,-5,-56,,,,,,
B49F0555,001,10-04-2008,42,-4,-57,,,,,,
B49F0555,001,11-04-2008,43,-3,-58,,,,,,
B49F0555,001,12-04-2008,45,-1,-60,,,,,,
B49F0555,001,13-04-2008,45,-1,-60,,,,,,
B49F0555,001,14-04-2008,44,-2,-59,,,,,,
B49F0555,001,15-04-2008,42,-4,-57,,,,,,
B49F0555,001,16-04-2008,44,-2,-59,,,,,,
B49F0555,001,17-04-2008,46,0,-61,,,,,,
B49F0555,001,18-04-2008,49,3,-64,,,,,,
B49F0555,001,19-04-2008,51,5,-66,,,,,,
B49F0555,001,20-04-2008,48,2,-63,,,,,,
B49F0555,001,21-04-2008,54,8,-69,,,,,,
B49F0555,001,22-04-2008,57,11,-72,,,,,,
B49F0555,001,23-04-2008,60,14,-75,,,,,,
B49F0555,001,24-04-2008,44,-2,-59,,,,,,
B49F0555,001,25-04-2008,47,1,-62,,,,,,
B49F0555,001,26-04-2008,48,2,-63,,,,,,
B49F0555,001,27-04-2008,52,6,-67,,,,,,
B49F0555,001,28-04-2008,53,7,-68,,,,,,
B49F0555,001,29-04-2008,40,-6,-55,,,,,,
B49F0555,001,30-04-2008,39,-7,-54,,,,,,
B49F0555,001,01-05-2008,40,-6,-55,,,,,,
B49F0555,001,02-05-2008,41,-5,-56,,,,,,
B49F0555,001,03-05-2008,44,-2,-59,,,,,,
B49F0555,001,04-05-2008,49,3,-64,,,,,,
B49F0555,001,05-05-2008,55,9,-70,,,,,,
B49F0555,001,06-05-2008,58,12,-73,,,,,,
B49F0555,001,07-05-2008,60,14,-75,,,,,,
B49F0555,001,08-05-2008,63,17,-78,,,,,,
B49F0555,001,09-05-2008,64,18,-79,,,,,,
B49F0555,001,10-05-2008,67,21,-82,,,,,,
B49F0555,001,11-05-2008,69,23,-84,,,,,,
B49F0555,001,12-05-2008,71,25,-86,,,,,,
B49F0555,001,13-05-2008,72,26,-87,,,,,,
B49F0555,001,14-05-2008,73,27,-88,,,,,,
B49F0555,001,15-05-2008,71,25,-86,,,,,,
B49F0555,001,16-05-2008,60,14,-75,,,,,,
B49F0555,001,17-05-2008,48,2,-63,,,,,,
B49F0555,001,18-05-2008,45,-1,-60,,,,,,
B49F0555,001,19-05-2008,51,5,-66,,,,,,
B49F0555,001,20-05-2008,57,11,-72,,,,,,
B49F0555,001,21-05-2008,61,15,-76,,,,,,
B49F0555,001,22-05-2008,64,18,-79,,,,,,
B49F0555,001,23-05-2008,65,19,-80,,,,,,
B49F0555,001,24-05-2008,65,19,-80,,,,,,
B49F0555,001,25-05-2008,69,23,-84,,,,,,
B49F0555,001,26-05-2008,55,9,-70,,,,,,
B49F0555,001,27-05-2008,54,8,-69,,,,,,
B49F0555,001,28-05-2008,57,11,-72,,,,,,
B49F0555,001,29-05-2008,64,18,-79,,,,,,
B49F0555,001,30-05-2008,54,8,-69,,,,,,
B49F0555,001,31-05-2008,55,9,-70,,,,,,
B49F0555,001,01-06-2008,62,16,-77,,,,,,
B49F0555,001,02-06-2008,62,16,-77,,,,,,
B49F0555,001,03-06-2008,47,1,-62,,,,,,
B49F0555,001,04-06-2008,47,1,-62,,,,,,
B49F0555,001,05-06-2008,48,2,-63,,,,,,
B49F0555,001,06-06-2008,45,-1,-60,,,,,,
B49F0555,001,07-06-2008,49,3,-64,,,,,,
B49F0555,001,08-06-2008,47,1,-62,,,,,,
B49F0555,001,09-06-2008,52,6,-67,,,,,,
B49F0555,001,10-06-2008,60,14,-75,,,,,,
B49F0555,001,11-06-2008,66,20,-81,,,,,,
B49F0555,001,12-06-2008,68,22,-83,,,,,,
B49F0555,001,13-06-2008,45,-1,-60,,,,,,
B49F0555,001,14-06-2008,49,3,-64,,,,,,
B49F0555,001,15-06-2008,47,1,-62,,,,,,
B49F0555,001,16-06-2008,47,1,-62,,,,,,
B49F0555,001,17-06-2008,52,6,-67,,,,,,
B49F0555,001,18-06-2008,59,13,-74,,,,,,
B49F0555,001,19-06-2008,62,16,-77,,,,,,
B49F0555,001,20-06-2008,63,17,-78,,,,,,
B49F0555,001,21-06-2008,64,18,-79,,,,,,
B49F0555,001,22-06-2008,65,19,-80,,,,,,
B49F0555,001,23-06-2008,71,25,-86,,,,,,
B49F0555,001,24-06-2008,72,26,-87,,,,,,
B49F0555,001,25-06-2008,74,28,-89,,,,,,
B49F0555,001,26-06-2008,76,30,-91,,,,,,
B49F0555,001,27-06-2008,76,30,-91,,,,,,
B49F0555,001,28-06-2008,72,26,-87,,,,,,
B49F0555,001,29-06-2008,73,27,-88,,,,,,
B49F0555,001,30-06-2008,76,30,-91,,,,,,
B49F0555,001,01-07-2008,78,32,-93,,,,,,
B49F0555,001,02-07-2008,81,35,-96,,,,,,
B49F0555,001,03-07-2008,70,24,-85,,,,,,
B49F0555,001,04-07-2008,60,14,-75,,,,,,
B49F0555,001,05-07-2008,71,25,-86,,,,,,
B49F0555,001,06-07-2008,67,21,-82,,,,,,
B49F0555,001,07-07-2008,70,24,-85,,,,,,
B49F0555,001,08-07-2008,70,24,-85,,,,,,
B49F0555,001,09-07-2008,74,28,-89,,,,,,
B49F0555,001,10-07-2008,54,8,-69,,,,,,
B49F0555,001,11-07-2008,49,3,-64,,,,,,
B49F0555,001,12-07-2008,46,0,-61,,,,,,
B49F0555,001,13-07-2008,48,2,-63,,,,,,
B49F0555,001,14-07-2008,51,5,-66,,,,,,
B49F0555,001,15-07-2008,57,11,-72,,,,,,
B49F0555,001,16-07-2008,57,11,-72,,,,,,
B49F0555,001,17-07-2008,58,12,-73,,,,,,
B49F0555,001,18-07-2008,50,4,-65,,,,,,
B49F0555,001,19-07-2008,50,4,-65,,,,,,
B49F0555,001,20-07-2008,50,4,-65,,,,,,
B49F0555,001,21-07-2008,52,6,-67,,,,,,
B49F0555,001,22-07-2008,46,0,-61,,,,,,
B49F0555,001,23-07-2008,49,3,-64,,,,,,
B49F0555,001,24-07-2008,53,7,-68,,,,,,
B49F0555,001,25-07-2008,58,12,-73,,,,,,
B49F0555,001,26-07-2008,63,17,-78,,,,,,
B49F0555,001,27-07-2008,66,20,-81,,,,,,
B49F0555,001,28-07-2008,68,22,-83,,,,,,
B49F0555,001,29-07-2008,50,4,-65,,,,,,
B49F0555,001,30-07-2008,55,9,-70,,,,,,
B49F0555,001,31-07-2008,61,15,-76,,,,,,
B49F0555,001,01-08-2008,63,17,-78,,,,,,
B49F0555,001,02-08-2008,50,4,-65,,,,,,
B49F0555,001,03-08-2008,50,4,-65,,,,,,
B49F0555,001,04-08-2008,46,0,-61,,,,,,
B49F0555,001,05-08-2008,50,4,-65,,,,,,
B49F0555,001,06-08-2008,52,6,-67,,,,,,
B49F0555,001,07-08-2008,57,11,-72,,,,,,
B49F0555,001,08-08-2008,42,-4,-57,,,,,,
B49F0555,001,09-08-2008,43,-3,-58,,,,,,
B49F0555,001,10-08-2008,45,-1,-60,,,,,,
B49F0555,001,11-08-2008,45,-1,-60,,,,,,
B49F0555,001,12-08-2008,47,1,-62,,,,,,
B49F0555,001,13-08-2008,47,1,-62,,,,,,
B49F0555,001,14-08-2008,49,3,-64,,,,,,
B49F0555,001,15-08-2008,51,5,-66,,,,,,
B49F0555,001,16-08-2008,54,8,-69,,,,,,
B49F0555,001,17-08-2008,56,10,-71,,,,,,
B49F0555,001,18-08-2008,50,4,-65,,,,,,
B49F0555,001,19-08-2008,48,2,-63,,,,,,
B49F0555,001,20-08-2008,49,3,-64,,,,,,
B49F0555,001,21-08-2008,50,4,-65,,,,,,
B49F0555,001,22-08-2008,51,5,-66,,,,,,
B49F0555,001,23-08-2008,50,4,-65,,,,,,
B49F0555,001,24-08-2008,45,-1,-60,,,,,,
B49F0555,001,25-08-2008,46,0,-61,,,,,,
B49F0555,001,26-08-2008,48,2,-63,,,,,,
B49F0555,001,27-08-2008,49,3,-64,,,,,,
B49F0555,001,28-08-2008,50,4,-65,,,,,,
B49F0555,001,29-08-2008,51,5,-66,,,,,,
B49F0555,001,30-08-2008,51,5,-66,,,,,,
B49F0555,001,31-08-2008,53,7,-68,,,,,,
B49F0555,001,01-09-2008,54,8,-69,,,,,,
B49F0555,001,02-09-2008,57,11,-72,,,,,,
B49F0555,001,03-09-2008,51,5,-66,,,,,,
B49F0555,001,04-09-2008,51,5,-66,,,,,,
B49F0555,001,05-09-2008,54,8,-69,,,,,,
B49F0555,001,06-09-2008,50,4,-65,,,,,,
B49F0555,001,07-09-2008,54,8,-69,,,,,,
B49F0555,001,08-09-2008,51,5,-66,,,,,,
B49F0555,001,09-09-2008,53,7,-68,,,,,,
B49F0555,001,10-09-2008,53,7,-68,,,,,,
B49F0555,001,11-09-2008,56,10,-71,,,,,,
B49F0555,001,12-09-2008,54,8,-69,,,,,,
B49F0555,001,13-09-2008,54,8,-69,,,,,,
B49F0555,001,14-09-2008,55,9,-70,,,,,,
B49F0555,001,15-09-2008,57,11,-72,,,,,,
B49F0555,001,16-09-2008,58,12,-73,,,,,,
B49F0555,001,17-09-2008,60,14,-75,,,,,,
B49F0555,001,18-09-2008,61,15,-76,,,,,,
B49F0555,001,19-09-2008,64,18,-79,,,,,,
B49F0555,001,20-09-2008,66,20,-81,,,,,,
B49F0555,001,21-09-2008,68,22,-83,,,,,,
B49F0555,001,22-09-2008,69,23,-84,,,,,,
B49F0555,001,23-09-2008,70,24,-85,,,,,,
B49F0555,001,24-09-2008,62,16,-77,,,,,,
B49F0555,001,25-09-2008,66,20,-81,,,,,,
B49F0555,001,26-09-2008,70,24,-85,,,,,,
B49F0555,001,27-09-2008,73,27,-88,,,,,,
B49F0555,001,28-09-2008,73,27,-88,,,,,,
B49F0555,001,29-09-2008,73,27,-88,,,,,,
B49F0555,001,30-09-2008,68,22,-83,,,,,,
B49F0555,001,01-10-2008,54,8,-69,,,,,,
B49F0555,001,02-10-2008,54,8,-69,,,,,,
B49F0555,001,03-10-2008,51,5,-66,,,,,,
B49F0555,001,04-10-2008,50,4,-65,,,,,,
B49F0555,001,05-10-2008,51,5,-66,,,,,,
B49F0555,001,06-10-2008,43,-3,-58,,,,,,
B49F0555,001,07-10-2008,46,0,-61,,,,,,
B49F0555,001,08-10-2008,48,2,-63,,,,,,
B49F0555,001,09-10-2008,50,4,-65,,,,,,
B49F0555,001,10-10-2008,51,5,-66,,,,,,
B49F0555,001,11-10-2008,53,7,-68,,,,,,
B49F0555,001,12-10-2008,66,20,-81,,,,,,
B49F0555,001,13-10-2008,70,24,-85,,,,,,
B49F0555,001,14-10-2008,67,21,-82,,,,,,
B49F0555,001,15-10-2008,69,23,-84,,,,,,
B49F0555,001,16-10-2008,71,25,-86,,,,,,
B49F0555,001,17-10-2008,70,24,-85,,,,,,
B49F0555,001,18-10-2008,72,26,-87,,,,,,
B49F0555,001,19-10-2008,70,24,-85,,,,,,
B49F0555,001,20-10-2008,72,26,-87,,,,,,
B49F0555,001,21-10-2008,69,23,-84,,,,,,
B49F0555,001,22-10-2008,70,24,-85,,,,,,
B49F0555,001,23-10-2008,70,24,-85,,,,,,
B49F0555,001,24-10-2008,76,30,-91,,,,,,
B49F0555,001,25-10-2008,65,19,-80,,,,,,
B49F0555,001,26-10-2008,70,24,-85,,,,,,
B49F0555,001,27-10-2008,67,21,-82,,,,,,
B49F0555,001,28-10-2008,65,19,-80,,,,,,
B49F0555,001,29-10-2008,63,17,-78,,,,,,
B49F0555,001,30-10-2008,69,23,-84,,,,,,
B49F0555,001,31-10-2008,66,20,-81,,,,,,
B49F0555,001,01-11-2008,68,22,-83,,,,,,
B49F0555,001,02-11-2008,62,16,-77,,,,,,
B49F0555,001,03-11-2008,68,22,-83,,,,,,
B49F0555,001,04-11-2008,64,18,-79,,,,,,
B49F0555,001,05-11-2008,68,22,-83,,,,,,
B49F0555,001,06-11-2008,67,21,-82,,,,,,
B49F0555,001,07-11-2008,69,23,-84,,,,,,
B49F0555,001,08-11-2008,64,18,-79,,,,,,
B49F0555,001,09-11-2008,68,22,-83,,,,,,
B49F0555,001,10-11-2008,64,18,-79,,,,,,
B49F0555,001,11-11-2008,54,8,-69,,,,,,
B49F0555,001,12-11-2008,56,10,-71,,,,,,
B49F0555,001,13-11-2008,57,11,-72,,,,,,
B49F0555,001,14-11-2008,61,15,-76,,,,,,
B49F0555,001,15-11-2008,62,16,-77,,,,,,
B49F0555,001,16-11-2008,64,18,-79,,,,,,
B49F0555,001,17-11-2008,59,13,-74,,,,,,
B49F0555,001,18-11-2008,70,24,-85,,,,,,
B49F0555,001,19-11-2008,62,16,-77,,,,,,
B49F0555,001,20-11-2008,64,18,-79,,,,,,
B49F0555,001,21-11-2008,69,23,-84,,,,,,
B49F0555,001,22-11-2008,63,17,-78,,,,,,
B49F0555,001,23-11-2008,57,11,-72,,,,,,
B49F0555,001,24-11-2008,62,16,-77,,,,,,
B49F0555,001,25-11-2008,58,12,-73,,,,,,
B49F0555,001,26-11-2008,56,10,-71,,,,,,
B49F0555,001,27-11-2008,59,13,-74,,,,,,
B49F0555,001,28-11-2008,60,14,-75,,,,,,
B49F0555,001,29-11-2008,61,15,-76,,,,,,
B49F0555,001,30-11-2008,62,16,-77,,,,,,
B49F0555,001,01-12-2008,62,16,-77,,,,,,
B49F0555,001,02-12-2008,59,13,-74,,,,,,
B49F0555,001,03-12-2008,64,18,-79,,,,,,
B49F0555,001,04-12-2008,59,13,-74,,,,,,
B49F0555,001,05-12-2008,61,15,-76,,,,,,
B49F0555,001,06-12-2008,60,14,-75,,,,,,
B49F0555,001,07-12-2008,57,11,-72,,,,,,
B49F0555,001,08-12-2008,60,14,-75,,,,,,
B49F0555,001,09-12-2008,63,17,-78,,,,,,
B49F0555,001,10-12-2008,58,12,-73,,,,,,
B49F0555,001,11-12-2008,59,13,-74,,,,,,
B49F0555,001,12-12-2008,56,10,-71,,,,,,
B49F0555,001,13-12-2008,60,14,-75,,,,,,
B49F0555,001,14-12-2008,62,16,-77,,,,,,
B49F0555,001,15-12-2008,60,14,-75,,,,,,
B49F0555,001,16-12-2008,61,15,-76,,,,,,
B49F0555,001,17-12-2008,65,19,-80,,,,,,
B49F0555,001,18-12-2008,62,16,-77,,,,,,
B49F0555,001,19-12-2008,60,14,-75,,,,,,
B49F0555,001,20-12-2008,64,18,-79,,,,,,
B49F0555,001,21-12-2008,59,13,-74,,,,,,
B49F0555,001,22-12-2008,61,15,-76,,,,,,
B49F0555,001,23-12-2008,60,14,-75,,,,,,
B49F0555,001,24-12-2008,64,18,-79,,,,,,
B49F0555,001,25-12-2008,63,17,-78,,,,,,
B49F0555,001,26-12-2008,62,16,-77,,,,,,
B49F0555,001,27-12-2008,65,19,-80,,,,,,
B49F0555,001,28-12-2008,68,22,-83,,,,,,
B49F0555,001,29-12-2008,71,25,-86,,,,,,
B49F0555,001,30-12-2008,72,26,-87,,,,,,
B49F0555,001,31-12-2008,76,30,-91,,,,,,
B49F0555,001,01-01-2009,72,26,-87,,,,,,
B49F0555,001,02-01-2009,74,28,-89,,,,,,
B49F0555,001,03-01-2009,71,25,-86,,,,,,
B49F0555,001,04-01-2009,71,25,-86,,,,,,
B49F0555,001,05-01-2009,73,27,-88,,,,,,
B49F0555,001,06-01-2009,67,21,-82,,,,,,
B49F0555,001,07-01-2009,78,32,-93,,,,,,
B49F0555,001,08-01-2009,71,25,-86,,,,,,
B49F0555,001,09-01-2009,76,30,-91,,,,,,
B49F0555,001,10-01-2009,80,34,-95,,,,,,
B49F0555,001,11-01-2009,79,33,-94,,,,,,
B49F0555,001,12-01-2009,79,33,-94,,,,,,
B49F0555,001,13-01-2009,68,22,-83,,,,,,
B49F0555,001,14-01-2009,64,18,-79,,,,,,
B49F0555,001,15-01-2009,63,17,-78,,,,,,
B49F0555,001,16-01-2009,63,17,-78,,,,,,
B49F0555,001,17-01-2009,62,16,-77,,,,,,
B49F0555,001,18-01-2009,70,24,-85,,,,,,
B49F0555,001,19-01-2009,62,16,-77,,,,,,
B49F0555,001,20-01-2009,56,10,-71,,,,,,
B49F0555,001,21-01-2009,57,11,-72,,,,,,
B49F0555,001,22-01-2009,61,15,-76,,,,,,
B49F0555,001,23-01-2009,64,18,-79,,,,,,
B49F0555,001,24-01-2009,52,6,-67,,,,,,
B49F0555,001,25-01-2009,53,7,-68,,,,,,
B49F0555,001,26-01-2009,55,9,-70,,,,,,
B49F0555,001,27-01-2009,55,9,-70,,,,,,
B49F0555,001,28-01-2009,58,12,-73,,,,,,
B49F0555,001,29-01-2009,58,12,-73,,,,,,
B49F0555,001,30-01-2009,58,12,-73,,,,,,
B49F0555,001,31-01-2009,60,14,-75,,,,,,
B49F0555,001,01-02-2009,60,14,-75,,,,,,
B49F0555,001,02-02-2009,63,17,-78,,,,,,
B49F0555,001,03-02-2009,60,14,-75,,,,,,
B49F0555,001,04-02-2009,61,15,-76,,,,,,
B49F0555,001,05-02-2009,63,17,-78,,,,,,
B49F0555,001,06-02-2009,58,12,-73,,,,,,
B49F0555,001,07-02-2009,60,14,-75,,,,,,
B49F0555,001,08-02-2009,56,10,-71,,,,,,
B49F0555,001,09-02-2009,55,9,-70,,,,,,
B49F0555,001,10-02-2009,63,17,-78,,,,,,
B49F0555,001,11-02-2009,46,0,-61,,,,,,
B49F0555,001,12-02-2009,50,4,-65,,,,,,
B49F0555,001,13-02-2009,55,9,-70,,,,,,
B49F0555,001,14-02-2009,55,9,-70,,,,,,
B49F0555,001,15-02-2009,55,9,-70,,,,,,
B49F0555,001,16-02-2009,54,8,-69,,,,,,
B49F0555,001,17-02-2009,55,9,-70,,,,,,
B49F0555,001,18-02-2009,52,6,-67,,,,,,
B49F0555,001,19-02-2009,54,8,-69,,,,,,
B49F0555,001,20-02-2009,56,10,-71,,,,,,
B49F0555,001,21-02-2009,55,9,-70,,,,,,
B49F0555,001,22-02-2009,58,12,-73,,,,,,
B49F0555,001,23-02-2009,59,13,-74,,,,,,
B49F0555,001,24-02-2009,57,11,-72,,,,,,
B49F0555,001,25-02-2009,57,11,-72,,,,,,
B49F0555,001,26-02-2009,60,14,-75,,,,,,
B49F0555,001,27-02-2009,60,14,-75,,,,,,
B49F0555,001,28-02-2009,58,12,-73,,,,,,
B49F0555,001,01-03-2009,60,14,-75,,,,,,
B49F0555,001,02-03-2009,59,13,-74,,,,,,
B49F0555,001,03-03-2009,58,12,-73,,,,,,
B49F0555,001,04-03-2009,65,19,-80,,,,,,
B49F0555,001,05-03-2009,61,15,-76,,,,,,
B49F0555,001,06-03-2009,62,16,-77,,,,,,
B49F0555,001,07-03-2009,61,15,-76,,,,,,
B49F0555,001,08-03-2009,66,20,-81,,,,,,
B49F0555,001,09-03-2009,60,14,-75,,,,,,
B49F0555,001,10-03-2009,65,19,-80,,,,,,
B49F0555,001,11-03-2009,56,10,-71,,,,,,
B49F0555,001,12-03-2009,61,15,-76,,,,,,
B49F0555,001,13-03-2009,57,11,-72,,,,,,
B49F0555,001,14-03-2009,63,17,-78,,,,,,
B49F0555,001,15-03-2009,59,13,-74,,,,,,
B49F0555,001,16-03-2009,61,15,-76,,,,,,
B49F0555,001,17-03-2009,64,18,-79,,,,,,
B49F0555,001,18-03-2009,63,17,-78,,,,,,
B49F0555,001,19-03-2009,67,21,-82,,,,,,
B49F0555,001,20-03-2009,65,19,-80,,,,,,
B49F0555,001,21-03-2009,67,21,-82,,,,,,
B49F0555,001,22-03-2009,66,20,-81,,,,,,
B49F0555,001,23-03-2009,69,23,-84,,,,,,
B49F0555,001,24-03-2009,62,16,-77,,,,,,
B49F0555,001,25-03-2009,69,23,-84,,,,,,
B49F0555,001,26-03-2009,57,11,-72,,,,,,
B49F0555,001,27-03-2009,58,12,-73,,,,,,
B49F0555,001,28-03-2009,65,19,-80,,,,,,
B49F0555,001,29-03-2009,56,10,-71,,,,,,
B49F0555,001,30-03-2009,59,13,-74,,,,,,
B49F0555,001,31-03-2009,60,14,-75,,,,,,
B49F0555,001,01-04-2009,62,16,-77,,,,,,
B49F0555,001,02-04-2009,63,17,-78,,,,,,
B49F0555,001,03-04-2009,64,18,-79,,,,,,
B49F0555,001,04-04-2009,66,20,-81,,,,,,
B49F0555,001,05-04-2009,63,17,-78,,,,,,
B49F0555,001,06-04-2009,66,20,-81,,,,,,
B49F0555,001,07-04-2009,68,22,-83,,,,,,
B49F0555,001,08-04-2009,69,23,-84,,,,,,
B49F0555,001,09-04-2009,63,17,-78,,,,,,
B49F0555,001,10-04-2009,65,19,-80,,,,,,
B49F0555,001,11-04-2009,67,21,-82,,,,,,
B49F0555,001,12-04-2009,69,23,-84,,,,,,
B49F0555,001,13-04-2009,70,24,-85,,,,,,
B49F0555,001,14-04-2009,71,25,-86,,,,,,
B49F0555,001,15-04-2009,73,27,-88,,,,,,
B49F0555,001,16-04-2009,73,27,-88,,,,,,
B49F0555,001,17-04-2009,63,17,-78,,,,,,
B49F0555,001,18-04-2009,61,15,-76,,,,,,
B49F0555,001,19-04-2009,63,17,-78,,,,,,
B49F0555,001,20-04-2009,63,17,-78,,,,,,
B49F0555,001,21-04-2009,65,19,-80,,,,,,
B49F0555,001,22-04-2009,68,22,-83,,,,,,
B49F0555,001,23-04-2009,71,25,-86,,,,,,
B49F0555,001,24-04-2009,70,24,-85,,,,,,
B49F0555,001,25-04-2009,79,33,-94,,,,,,
B49F0555,001,26-04-2009,75,29,-90,,,,,,
B49F0555,001,27-04-2009,65,19,-80,,,,,,
B49F0555,001,28-04-2009,69,23,-84,,,,,,
B49F0555,001,29-04-2009,67,21,-82,,,,,,
B49F0555,001,30-04-2009,70,24,-85,,,,,,
B49F0555,001,01-05-2009,72,26,-87,,,,,,
B49F0555,001,02-05-2009,75,29,-90,,,,,,
B49F0555,001,03-05-2009,79,33,-94,,,,,,
B49F0555,001,04-05-2009,77,31,-92,,,,,,
B49F0555,001,05-05-2009,73,27,-88,,,,,,
B49F0555,001,06-05-2009,75,29,-90,,,,,,
B49F0555,001,07-05-2009,71,25,-86,,,,,,
B49F0555,001,08-05-2009,77,31,-92,,,,,,
B49F0555,001,09-05-2009,77,31,-92,,,,,,
B49F0555,001,10-05-2009,77,31,-92,,,,,,
B49F0555,001,11-05-2009,83,37,-98,,,,,,
B49F0555,001,12-05-2009,82,36,-97,,,,,,
B49F0555,001,13-05-2009,83,37,-98,,,,,,
B49F0555,001,14-05-2009,82,36,-97,,,,,,
B49F0555,001,15-05-2009,69,23,-84,,,,,,
B49F0555,001,16-05-2009,64,18,-79,,,,,,
B49F0555,001,17-05-2009,66,20,-81,,,,,,
B49F0555,001,18-05-2009,67,21,-82,,,,,,
B49F0555,001,19-05-2009,69,23,-84,,,,,,
B49F0555,001,20-05-2009,72,26,-87,,,,,,
B49F0555,001,21-05-2009,79,33,-94,,,,,,
B49F0555,001,22-05-2009,81,35,-96,,,,,,
B49F0555,001,23-05-2009,82,36,-97,,,,,,
B49F0555,001,24-05-2009,77,31,-92,,,,,,
B49F0555,001,25-05-2009,84,38,-99,,,,,,
B49F0555,001,26-05-2009,72,26,-87,,,,,,
B49F0555,001,27-05-2009,64,18,-79,,,,,,
B49F0555,001,28-05-2009,69,23,-84,,,,,,
B49F0555,001,29-05-2009,71,25,-86,,,,,,
B49F0555,001,30-05-2009,79,33,-94,,,,,,
B49F0555,001,31-05-2009,84,38,-99,,,,,,
B49F0555,001,01-06-2009,87,41,-102,,,,,,
B49F0555,001,02-06-2009,91,45,-106,,,,,,
B49F0555,001,03-06-2009,92,46,-107,,,,,,
B49F0555,001,04-06-2009,91,45,-106,,,,,,
B49F0555,001,05-06-2009,88,42,-103,,,,,,
B49F0555,001,06-06-2009,90,44,-105,,,,,,
B49F0555,001,07-06-2009,88,42,-103,,,,,,
B49F0555,001,08-06-2009,74,28,-89,,,,,,
B49F0555,001,09-06-2009,79,33,-94,,,,,,
B49F0555,001,10-06-2009,66,20,-81,,,,,,
B49F0555,001,11-06-2009,64,18,-79,,,,,,
B49F0555,001,12-06-2009,63,17,-78,,,,,,
B49F0555,001,13-06-2009,66,20,-81,,,,,,
B49F0555,001,14-06-2009,70,24,-85,,,,,,
B49F0555,001,15-06-2009,64,18,-79,,,,,,
B49F0555,001,16-06-2009,65,19,-80,,,,,,
B49F0555,001,17-06-2009,65,19,-80,,,,,,
B49F0555,001,18-06-2009,65,19,-80,,,,,,
B49F0555,001,19-06-2009,70,24,-85,,,,,,
B49F0555,001,20-06-2009,74,28,-89,,,,,,
B49F0555,001,21-06-2009,76,30,-91,,,,,,
B49F0555,001,22-06-2009,77,31,-92,,,,,,
B49F0555,001,23-06-2009,79,33,-94,,,,,,
B49F0555,001,24-06-2009,81,35,-96,,,,,,
B49F0555,001,25-06-2009,85,39,-100,,,,,,
B49F0555,001,26-06-2009,86,40,-101,,,,,,
B49F0555,001,27-06-2009,87,41,-102,,,,,,
B49F0555,001,28-06-2009,89,43,-104,,,,,,
B49F0555,001,29-06-2009,88,42,-103,,,,,,
B49F0555,001,30-06-2009,91,45,-106,,,,,,
B49F0555,001,01-07-2009,93,47,-108,,,,,,
B49F0555,001,02-07-2009,94,48,-109,,,,,,
B49F0555,001,03-07-2009,97,51,-112,,,,,,
B49F0555,001,04-07-2009,96,50,-111,,,,,,
B49F0555,001,05-07-2009,99,53,-114,,,,,,
B49F0555,001,06-07-2009,96,50,-111,,,,,,
B49F0555,001,07-07-2009,91,45,-106,,,,,,
B49F0555,001,08-07-2009,67,21,-82,,,,,,
B49F0555,001,09-07-2009,68,22,-83,,,,,,
B49F0555,001,10-07-2009,68,22,-83,,,,,,
B49F0555,001,11-07-2009,66,20,-81,,,,,,
B49F0555,001,12-07-2009,67,21,-82,,,,,,
B49F0555,001,13-07-2009,66,20,-81,,,,,,
B49F0555,001,14-07-2009,68,22,-83,,,,,,
B49F0555,001,15-07-2009,71,25,-86,,,,,,
B49F0555,001,16-07-2009,72,26,-87,,,,,,
B49F0555,001,17-07-2009,77,31,-92,,,,,,
B49F0555,001,18-07-2009,74,28,-89,,,,,,
B49F0555,001,19-07-2009,73,27,-88,,,,,,
B49F0555,001,20-07-2009,73,27,-88,,,,,,
B49F0555,001,21-07-2009,75,29,-90,,,,,,
B49F0555,001,22-07-2009,72,26,-87,,,,,,
B49F0555,001,23-07-2009,67,21,-82,,,,,,
B49F0555,001,24-07-2009,67,21,-82,,,,,,
B49F0555,001,25-07-2009,63,17,-78,,,,,,
B49F0555,001,26-07-2009,65,19,-80,,,,,,
B49F0555,001,27-07-2009,71,25,-86,,,,,,
B49F0555,001,28-07-2009,67,21,-82,,,,,,
B49F0555,001,29-07-2009,71,25,-86,,,,,,
B49F0555,001,30-07-2009,74,28,-89,,,,,,
B49F0555,001,31-07-2009,69,23,-84,,,,,,
B49F0555,001,01-08-2009,77,31,-92,,,,,,
B49F0555,001,02-08-2009,72,26,-87,,,,,,
B49F0555,001,03-08-2009,71,25,-86,,,,,,
B49F0555,001,04-08-2009,73,27,-88,,,,,,
B49F0555,001,05-08-2009,79,33,-94,,,,,,
B49F0555,001,06-08-2009,81,35,-96,,,,,,
B49F0555,001,07-08-2009,85,39,-100,,,,,,
B49F0555,001,08-08-2009,85,39,-100,,,,,,
B49F0555,001,09-08-2009,87,41,-102,,,,,,
B49F0555,001,10-08-2009,87,41,-102,,,,,,
B49F0555,001,11-08-2009,79,33,-94,,,,,,
B49F0555,001,12-08-2009,81,35,-96,,,,,,
B49F0555,001,13-08-2009,70,24,-85,,,,,,
B49F0555,001,14-08-2009,74,28,-89,,,,,,
B49F0555,001,15-08-2009,78,32,-93,,,,,,
B49F0555,001,16-08-2009,81,35,-96,,,,,,
B49F0555,001,17-08-2009,86,40,-101,,,,,,
B49F0555,001,18-08-2009,84,38,-99,,,,,,
B49F0555,001,19-08-2009,87,41,-102,,,,,,
B49F0555,001,20-08-2009,93,47,-108,,,,,,
B49F0555,001,21-08-2009,84,38,-99,,,,,,
B49F0555,001,22-08-2009,89,43,-104,,,,,,
B49F0555,001,23-08-2009,92,46,-107,,,,,,
B49F0555,001,24-08-2009,98,52,-113,,,,,,
B49F0555,001,25-08-2009,93,47,-108,,,,,,
B49F0555,001,26-08-2009,87,41,-102,,,,,,
B49F0555,001,27-08-2009,93,47,-108,,,,,,
B49F0555,001,28-08-2009,98,52,-113,,,,,,
B49F0555,001,29-08-2009,76,30,-91,,,,,,
B49F0555,001,30-08-2009,87,41,-102,,,,,,
B49F0555,001,31-08-2009,78,32,-93,,,,,,
B49F0555,001,01-09-2009,87,41,-102,,,,,,
B49F0555,001,02-09-2009,78,32,-93,,,,,,
B49F0555,001,03-09-2009,85,39,-100,,,,,,
B49F0555,001,04-09-2009,89,43,-104,,,,,,
B49F0555,001,05-09-2009,82,36,-97,,,,,,
B49F0555,001,06-09-2009,89,43,-104,,,,,,
B49F0555,001,07-09-2009,91,45,-106,,,,,,
B49F0555,001,08-09-2009,93,47,-108,,,,,,
B49F0555,001,09-09-2009,96,50,-111,,,,,,
B49F0555,001,10-09-2009,94,48,-109,,,,,,
B49F0555,001,11-09-2009,96,50,-111,,,,,,
B49F0555,001,12-09-2009,98,52,-113,,,,,,
B49F0555,001,13-09-2009,99,53,-114,,,,,,
B49F0555,001,14-09-2009,96,50,-111,,,,,,
B49F0555,001,15-09-2009,92,46,-107,,,,,,
B49F0555,001,16-09-2009,93,47,-108,,,,,,
B49F0555,001,17-09-2009,95,49,-110,,,,,,
B49F0555,001,18-09-2009,98,52,-113,,,,,,
B49F0555,001,19-09-2009,100,54,-115,,,,,,
B49F0555,001,20-09-2009,99,53,-114,,,,,,
B49F0555,001,21-09-2009,99,53,-114,,,,,,
B49F0555,001,22-09-2009,101,55,-116,,,,,,
B49F0555,001,23-09-2009,99,53,-114,,,,,,
B49F0555,001,24-09-2009,97,51,-112,,,,,,
B49F0555,001,25-09-2009,101,55,-116,,,,,,
B49F0555,001,26-09-2009,100,54,-115,,,,,,
B49F0555,001,27-09-2009,102,56,-117,,,,,,
B49F0555,001,28-09-2009,101,55,-116,,,,,,
B49F0555,001,29-09-2009,100,54,-115,,,,,,
B49F0555,001,30-09-2009,97,51,-112,,,,,,
B49F0555,001,01-10-2009,100,54,-115,,,,,,
B49F0555,001,02-10-2009,101,55,-116,,,,,,
B49F0555,001,03-10-2009,102,56,-117,,,,,,
B49F0555,001,04-10-2009,99,53,-114,,,,,,
B49F0555,001,05-10-2009,101,55,-116,,,,,,
B49F0555,001,06-10-2009,80,34,-95,,,,,,
B49F0555,001,07-10-2009,81,35,-96,,,,,,
B49F0555,001,08-10-2009,69,23,-84,,,,,,
B49F0555,001,09-10-2009,74,28,-89,,,,,,
B49F0555,001,10-10-2009,74,28,-89,,,,,,
B49F0555,001,11-10-2009,72,26,-87,,,,,,
B49F0555,001,12-10-2009,71,25,-86,,,,,,
B49F0555,001,13-10-2009,75,29,-90,,,,,,
B49F0555,001,14-10-2009,77,31,-92,,,,,,
B49F0555,001,15-10-2009,79,33,-94,,,,,,
B49F0555,001,16-10-2009,82,36,-97,,,,,,
B49F0555,001,17-10-2009,79,33,-94,,,,,,
B49F0555,001,18-10-2009,80,34,-95,,,,,,
B49F0555,001,19-10-2009,79,33,-94,,,,,,
B49F0555,001,20-10-2009,81,35,-96,,,,,,
B49F0555,001,21-10-2009,81,35,-96,,,,,,
B49F0555,001,22-10-2009,74,28,-89,,,,,,
B49F0555,001,23-10-2009,75,29,-90,,,,,,
B49F0555,001,24-10-2009,77,31,-92,,,,,,
B49F0555,001,25-10-2009,72,26,-87,,,,,,
B49F0555,001,26-10-2009,78,32,-93,,,,,,
B49F0555,001,27-10-2009,76,30,-91,,,,,,
B49F0555,001,28-10-2009,79,33,-94,,,,,,
B49F0555,001,29-10-2009,78,32,-93,,,,,,
B49F0555,001,30-10-2009,77,31,-92,,,,,,
B49F0555,001,31-10-2009,81,35,-96,,,,,,
B49F0555,001,01-11-2009,80,34,-95,,,,,,
B49F0555,001,02-11-2009,71,25,-86,,,,,,
B49F0555,001,03-11-2009,68,22,-83,,,,,,
B49F0555,001,04-11-2009,66,20,-81,,,,,,
B49F0555,001,05-11-2009,69,23,-84,,,,,,
B49F0555,001,06-11-2009,62,16,-77,,,,,,
B49F0555,001,07-11-2009,69,23,-84,,,,,,
B49F0555,001,08-11-2009,66,20,-81,,,,,,
B49F0555,001,09-11-2009,65,19,-80,,,,,,
B49F0555,001,10-11-2009,67,21,-82,,,,,,
B49F0555,001,11-11-2009,66,20,-81,,,,,,
B49F0555,001,12-11-2009,69,23,-84,,,,,,
B49F0555,001,13-11-2009,65,19,-80,,,,,,
B49F0555,001,14-11-2009,70,24,-85,,,,,,
B49F0555,001,15-11-2009,63,17,-78,,,,,,
B49F0555,001,16-11-2009,68,22,-83,,,,,,
B49F0555,001,17-11-2009,67,21,-82,,,,,,
B49F0555,001,18-11-2009,67,21,-82,,,,,,
B49F0555,001,19-11-2009,65,19,-80,,,,,,
B49F0555,001,20-11-2009,70,24,-85,,,,,,
B49F0555,001,21-11-2009,62,16,-77,,,,,,
B49F0555,001,22-11-2009,65,19,-80,,,,,,
B49F0555,001,23-11-2009,64,18,-79,,,,,,
B49F0555,001,24-11-2009,51,5,-66,,,,,,
B49F0555,001,25-11-2009,60,14,-75,,,,,,
B49F0555,001,26-11-2009,58,12,-73,,,,,,
B49F0555,001,27-11-2009,75,29,-90,,,,,,
B49F0555,001,28-11-2009,58,12,-73,,,,,,
B49F0555,001,29-11-2009,54,8,-69,,,,,,
B49F0555,001,30-11-2009,56,10,-71,,,,,,
B49F0555,001,01-12-2009,58,12,-73,,,,,,
B49F0555,001,02-12-2009,61,15,-76,,,,,,
B49F0555,001,03-12-2009,60,14,-75,,,,,,
B49F0555,001,04-12-2009,56,10,-71,,,,,,
B49F0555,001,05-12-2009,59,13,-74,,,,,,
B49F0555,001,06-12-2009,54,8,-69,,,,,,
B49F0555,001,07-12-2009,54,8,-69,,,,,,
B49F0555,001,08-12-2009,54,8,-69,,,,,,
B49F0555,001,09-12-2009,56,10,-71,,,,,,
B49F0555,001,10-12-2009,53,7,-68,,,,,,
B49F0555,001,11-12-2009,54,8,-69,,,,,,
B49F0555,001,12-12-2009,56,10,-71,,,,,,
B49F0555,001,13-12-2009,58,12,-73,,,,,,
B49F0555,001,14-12-2009,60,14,-75,,,,,,
B49F0555,001,15-12-2009,61,15,-76,,,,,,
B49F0555,001,16-12-2009,63,17,-78,,,,,,
B49F0555,001,17-12-2009,63,17,-78,,,,,,
B49F0555,001,18-12-2009,59,13,-74,,,,,,
B49F0555,001,19-12-2009,60,14,-75,,,,,,
B49F0555,001,20-12-2009,63,17,-78,,,,,,
B49F0555,001,21-12-2009,60,14,-75,,,,,,
B49F0555,001,22-12-2009,63,17,-78,,,,,,
B49F0555,001,23-12-2009,62,16,-77,,,,,,
B49F0555,001,24-12-2009,61,15,-76,,,,,,
B49F0555,001,25-12-2009,55,9,-70,,,,,,
B49F0555,001,26-12-2009,49,3,-64,,,,,,
B49F0555,001,27-12-2009,51,5,-66,,,,,,
B49F0555,001,28-12-2009,51,5,-66,,,,,,
B49F0555,001,29-12-2009,54,8,-69,,,,,,
B49F0555,001,30-12-2009,49,3,-64,,,,,,
B49F0555,001,31-12-2009,47,1,-62,,,,,,
B49F0555,001,01-01-2010,50,4,-65,,,,,,
B49F0555,001,02-01-2010,53,7,-68,,,,,,
B49F0555,001,03-01-2010,54,8,-69,,,,,,
B49F0555,001,04-01-2010,58,12,-73,,,,,,
B49F0555,001,05-01-2010,58,12,-73,,,,,,
B49F0555,001,06-01-2010,58,12,-73,,,,,,
B49F0555,001,07-01-2010,59,13,-74,,,,,,
B49F0555,001,08-01-2010,60,14,-75,,,,,,
B49F0555,001,09-01-2010,60,14,-75,,,,,,
B49F0555,001,10-01-2010,61,15,-76,,,,,,
B49F0555,001,11-01-2010,61,15,-76,,,,,,
B49F0555,001,12-01-2010,62,16,-77,,,,,,
B49F0555,001,13-01-2010,60,14,-75,,,,,,
B49F0555,001,14-01-2010,61,15,-76,,,,,,
B49F0555,001,15-01-2010,59,13,-74,,,,,,
B49F0555,001,16-01-2010,61,15,-76,,,,,,
B49F0555,001,17-01-2010,48,2,-63,,,,,,
B49F0555,001,18-01-2010,49,3,-64,,,,,,
B49F0555,001,19-01-2010,52,6,-67,,,,,,
B49F0555,001,20-01-2010,55,9,-70,,,,,,
B49F0555,001,21-01-2010,54,8,-69,,,,,,
B49F0555,001,22-01-2010,56,10,-71,,,,,,
B49F0555,001,23-01-2010,57,11,-72,,,,,,
B49F0555,001,24-01-2010,54,8,-69,,,,,,
B49F0555,001,25-01-2010,54,8,-69,,,,,,
B49F0555,001,26-01-2010,56,10,-71,,,,,,
B49F0555,001,27-01-2010,60,14,-75,,,,,,
B49F0555,001,28-01-2010,56,10,-71,,,,,,
B49F0555,001,29-01-2010,56,10,-71,,,,,,
B49F0555,001,30-01-2010,50,4,-65,,,,,,
B49F0555,001,31-01-2010,53,7,-68,,,,,,
B49F0555,001,01-02-2010,55,9,-70,,,,,,
B49F0555,001,02-02-2010,55,9,-70,,,,,,
B49F0555,001,03-02-2010,46,0,-61,,,,,,
B49F0555,001,04-02-2010,51,5,-66,,,,,,
B49F0555,001,05-02-2010,53,7,-68,,,,,,
B49F0555,001,06-02-2010,53,7,-68,,,,,,
B49F0555,001,07-02-2010,54,8,-69,,,,,,
B49F0555,001,08-02-2010,56,10,-71,,,,,,
B49F0555,001,09-02-2010,56,10,-71,,,,,,
B49F0555,001,10-02-2010,57,11,-72,,,,,,
B49F0555,001,11-02-2010,57,11,-72,,,,,,
B49F0555,001,12-02-2010,57,11,-72,,,,,,
B49F0555,001,13-02-2010,58,12,-73,,,,,,
B49F0555,001,14-02-2010,59,13,-74,,,,,,
B49F0555,001,15-02-2010,60,14,-75,,,,,,
B49F0555,001,16-02-2010,60,14,-75,,,,,,
B49F0555,001,17-02-2010,59,13,-74,,,,,,
B49F0555,001,18-02-2010,58,12,-73,,,,,,
B49F0555,001,19-02-2010,57,11,-72,,,,,,
B49F0555,001,20-02-2010,57,11,-72,,,,,,
B49F0555,001,21-02-2010,58,12,-73,,,,,,
B49F0555,001,22-02-2010,59,13,-74,,,,,,
B49F0555,001,23-02-2010,51,5,-66,,,,,,
B49F0555,001,24-02-2010,53,7,-68,,,,,,
B49F0555,001,25-02-2010,53,7,-68,,,,,,
B49F0555,001,26-02-2010,54,8,-69,,,,,,
B49F0555,001,27-02-2010,56,10,-71,,,,,,
B49F0555,001,28-02-2010,59,13,-74,,,,,,
B49F0555,001,01-03-2010,48,2,-63,,,,,,
B49F0555,001,02-03-2010,54,8,-69,,,,,,
B49F0555,001,03-03-2010,58,12,-73,,,,,,
B49F0555,001,04-03-2010,59,13,-74,,,,,,
B49F0555,001,05-03-2010,62,16,-77,,,,,,
B49F0555,001,06-03-2010,55,9,-70,,,,,,
B49F0555,001,07-03-2010,60,14,-75,,,,,,
B49F0555,001,08-03-2010,63,17,-78,,,,,,
B49F0555,001,09-03-2010,62,16,-77,,,,,,
B49F0555,001,10-03-2010,64,18,-79,,,,,,
B49F0555,001,11-03-2010,65,19,-80,,,,,,
B49F0555,001,12-03-2010,65,19,-80,,,,,,
B49F0555,001,13-03-2010,65,19,-80,,,,,,
B49F0555,001,14-03-2010,66,20,-81,,,,,,
B49F0555,001,15-03-2010,67,21,-82,,,,,,
B49F0555,001,16-03-2010,60,14,-75,,,,,,
B49F0555,001,17-03-2010,64,18,-79,,,,,,
B49F0555,001,18-03-2010,66,20,-81,,,,,,
B49F0555,001,19-03-2010,69,23,-84,,,,,,
B49F0555,001,20-03-2010,62,16,-77,,,,,,
B49F0555,001,21-03-2010,58,12,-73,,,,,,
B49F0555,001,22-03-2010,63,17,-78,,,,,,
B49F0555,001,23-03-2010,64,18,-79,,,,,,
B49F0555,001,24-03-2010,67,21,-82,,,,,,
B49F0555,001,25-03-2010,68,22,-83,,,,,,
B49F0555,001,26-03-2010,69,23,-84,,,,,,
B49F0555,001,27-03-2010,69,23,-84,,,,,,
B49F0555,001,28-03-2010,68,22,-83,,,,,,
B49F0555,001,29-03-2010,62,16,-77,,,,,,
B49F0555,001,30-03-2010,63,17,-78,,,,,,
B49F0555,001,31-03-2010,63,17,-78,,,,,,
B49F0555,001,01-04-2010,60,14,-75,,,,,,
B49F0555,001,02-04-2010,60,14,-75,,,,,,
B49F0555,001,03-04-2010,62,16,-77,,,,,,
B49F0555,001,04-04-2010,60,14,-75,,,,,,
B49F0555,001,05-04-2010,61,15,-76,,,,,,
B49F0555,001,06-04-2010,65,19,-80,,,,,,
B49F0555,001,07-04-2010,67,21,-82,,,,,,
B49F0555,001,08-04-2010,64,18,-79,,,,,,
B49F0555,001,09-04-2010,68,22,-83,,,,,,
B49F0555,001,10-04-2010,71,25,-86,,,,,,
B49F0555,001,11-04-2010,73,27,-88,,,,,,
B49F0555,001,12-04-2010,73,27,-88,,,,,,
B49F0555,001,13-04-2010,74,28,-89,,,,,,
B49F0555,001,14-04-2010,76,30,-91,,,,,,
B49F0555,001,15-04-2010,77,31,-92,,,,,,
B49F0555,001,16-04-2010,77,31,-92,,,,,,
B49F0555,001,17-04-2010,74,28,-89,,,,,,
B49F0555,001,18-04-2010,72,26,-87,,,,,,
B49F0555,001,19-04-2010,67,21,-82,,,,,,
B49F0555,001,20-04-2010,73,27,-88,,,,,,
B49F0555,001,21-04-2010,75,29,-90,,,,,,
B49F0555,001,22-04-2010,77,31,-92,,,,,,
B49F0555,001,23-04-2010,76,30,-91,,,,,,
B49F0555,001,24-04-2010,76,30,-91,,,,,,
B49F0555,001,25-04-2010,79,33,-94,,,,,,
B49F0555,001,26-04-2010,78,32,-93,,,,,,
B49F0555,001,27-04-2010,79,33,-94,,,,,,
B49F0555,001,28-04-2010,81,35,-96,,,,,,
B49F0555,001,29-04-2010,82,36,-97,,,,,,
B49F0555,001,30-04-2010,64,18,-79,,,,,,
B49F0555,001,01-05-2010,66,20,-81,,,,,,
B49F0555,001,02-05-2010,64,18,-79,,,,,,
B49F0555,001,03-05-2010,60,14,-75,,,,,,
B49F0555,001,04-05-2010,61,15,-76,,,,,,
B49F0555,001,05-05-2010,66,20,-81,,,,,,
B49F0555,001,06-05-2010,66,20,-81,,,,,,
B49F0555,001,07-05-2010,69,23,-84,,,,,,
B49F0555,001,08-05-2010,64,18,-79,,,,,,
B49F0555,001,09-05-2010,65,19,-80,,,,,,
B49F0555,001,10-05-2010,67,21,-82,,,,,,
B49F0555,001,11-05-2010,70,24,-85,,,,,,
B49F0555,001,12-05-2010,60,14,-75,,,,,,
B49F0555,001,13-05-2010,63,17,-78,,,,,,
B49F0555,001,14-05-2010,64,18,-79,,,,,,
B49F0555,001,15-05-2010,65,19,-80,,,,,,
B49F0555,001,16-05-2010,68,22,-83,,,,,,
B49F0555,001,17-05-2010,66,20,-81,,,,,,
B49F0555,001,18-05-2010,71,25,-86,,,,,,
B49F0555,001,19-05-2010,74,28,-89,,,,,,
B49F0555,001,20-05-2010,78,32,-93,,,,,,
B49F0555,001,21-05-2010,78,32,-93,,,,,,
B49F0555,001,22-05-2010,78,32,-93,,,,,,
B49F0555,001,23-05-2010,80,34,-95,,,,,,
B49F0555,001,24-05-2010,83,37,-98,,,,,,
B49F0555,001,25-05-2010,83,37,-98,,,,,,
B49F0555,001,26-05-2010,87,41,-102,,,,,,
B49F0555,001,27-05-2010,77,31,-92,,,,,,
B49F0555,001,28-05-2010,78,32,-93,,,,,,
B49F0555,001,29-05-2010,84,38,-99,,,,,,
B49F0555,001,30-05-2010,73,27,-88,,,,,,
B49F0555,001,31-05-2010,68,22,-83,,,,,,
B49F0555,001,01-06-2010,72,26,-87,,,,,,
B49F0555,001,02-06-2010,75,29,-90,,,,,,
B49F0555,001,03-06-2010,82,36,-97,,,,,,
B49F0555,001,04-06-2010,86,40,-101,,,,,,
B49F0555,001,05-06-2010,90,44,-105,,,,,,
B49F0555,001,06-06-2010,93,47,-108,,,,,,
B49F0555,001,07-06-2010,85,39,-100,,,,,,
B49F0555,001,08-06-2010,90,44,-105,,,,,,
B49F0555,001,09-06-2010,80,34,-95,,,,,,
B49F0555,001,10-06-2010,67,21,-82,,,,,,
B49F0555,001,11-06-2010,71,25,-86,,,,,,
B49F0555,001,12-06-2010,75,29,-90,,,,,,
B49F0555,001,13-06-2010,77,31,-92,,,,,,
B49F0555,001,14-06-2010,81,35,-96,,,,,,
B49F0555,001,15-06-2010,84,38,-99,,,,,,
B49F0555,001,16-06-2010,88,42,-103,,,,,,
B49F0555,001,17-06-2010,91,45,-106,,,,,,
B49F0555,001,18-06-2010,93,47,-108,,,,,,
B49F0555,001,19-06-2010,92,46,-107,,,,,,
B49F0555,001,20-06-2010,82,36,-97,,,,,,
B49F0555,001,21-06-2010,82,36,-97,,,,,,
B49F0555,001,22-06-2010,86,40,-101,,,,,,
B49F0555,001,23-06-2010,89,43,-104,,,,,,
B49F0555,001,24-06-2010,93,47,-108,,,,,,
B49F0555,001,25-06-2010,95,49,-110,,,,,,
B49F0555,001,26-06-2010,95,49,-110,,,,,,
B49F0555,001,27-06-2010,97,51,-112,,,,,,
B49F0555,001,28-06-2010,100,54,-115,,,,,,
B49F0555,001,29-06-2010,102,56,-117,,,,,,
B49F0555,001,30-06-2010,103,57,-118,,,,,,
B49F0555,001,01-07-2010,105,59,-120,,,,,,
B49F0555,001,02-07-2010,107,61,-122,,,,,,
B49F0555,001,03-07-2010,100,54,-115,,,,,,
B49F0555,001,04-07-2010,93,47,-108,,,,,,
B49F0555,001,05-07-2010,102,56,-117,,,,,,
B49F0555,001,06-07-2010,102,56,-117,,,,,,
B49F0555,001,07-07-2010,107,61,-122,,,,,,
B49F0555,001,08-07-2010,109,63,-124,,,,,,
B49F0555,001,09-07-2010,112,66,-127,,,,,,
B49F0555,001,10-07-2010,111,65,-126,,,,,,
B49F0555,001,11-07-2010,86,40,-101,,,,,,
B49F0555,001,12-07-2010,95,49,-110,,,,,,
B49F0555,001,13-07-2010,85,39,-100,,,,,,
B49F0555,001,14-07-2010,91,45,-106,,,,,,
B49F0555,001,15-07-2010,76,30,-91,,,,,,
B49F0555,001,16-07-2010,87,41,-102,,,,,,
B49F0555,001,17-07-2010,91,45,-106,,,,,,
B49F0555,001,18-07-2010,92,46,-107,,,,,,
B49F0555,001,19-07-2010,97,51,-112,,,,,,
B49F0555,001,20-07-2010,100,54,-115,,,,,,
B49F0555,001,21-07-2010,105,59,-120,,,,,,
B49F0555,001,22-07-2010,103,57,-118,,,,,,
B49F0555,001,23-07-2010,107,61,-122,,,,,,
B49F0555,001,24-07-2010,86,40,-101,,,,,,
B49F0555,001,25-07-2010,96,50,-111,,,,,,
B49F0555,001,26-07-2010,82,36,-97,,,,,,
B49F0555,001,27-07-2010,79,33,-94,,,,,,
B49F0555,001,28-07-2010,74,28,-89,,,,,,
B49F0555,001,29-07-2010,72,26,-87,,,,,,
B49F0555,001,30-07-2010,78,32,-93,,,,,,
B49F0555,001,31-07-2010,83,37,-98,,,,,,
B49F0555,001,01-08-2010,84,38,-99,,,,,,
B49F0555,001,02-08-2010,84,38,-99,,,,,,
B49F0555,001,03-08-2010,81,35,-96,,,,,,
B49F0555,001,04-08-2010,87,41,-102,,,,,,
B49F0555,001,05-08-2010,68,22,-83,,,,,,
B49F0555,001,06-08-2010,75,29,-90,,,,,,
B49F0555,001,07-08-2010,78,32,-93,,,,,,
B49F0555,001,08-08-2010,72,26,-87,,,,,,
B49F0555,001,09-08-2010,75,29,-90,,,,,,
B49F0555,001,10-08-2010,79,33,-94,,,,,,
B49F0555,001,11-08-2010,75,29,-90,,,,,,
B49F0555,001,12-08-2010,84,38,-99,,,,,,
B49F0555,001,13-08-2010,83,37,-98,,,,,,
B49F0555,001,14-08-2010,84,38,-99,,,,,,
B49F0555,001,15-08-2010,85,39,-100,,,,,,
B49F0555,001,16-08-2010,73,27,-88,,,,,,
B49F0555,001,17-08-2010,70,24,-85,,,,,,
B49F0555,001,18-08-2010,73,27,-88,,,,,,
B49F0555,001,19-08-2010,74,28,-89,,,,,,
B49F0555,001,20-08-2010,77,31,-92,,,,,,
B49F0555,001,21-08-2010,79,33,-94,,,,,,
B49F0555,001,22-08-2010,81,35,-96,,,,,,
B49F0555,001,23-08-2010,81,35,-96,,,,,,
B49F0555,001,24-08-2010,70,24,-85,,,,,,
B49F0555,001,25-08-2010,73,27,-88,,,,,,
B49F0555,001,26-08-2010,70,24,-85,,,,,,
B49F0555,001,27-08-2010,70,24,-85,,,,,,
B49F0555,001,28-08-2010,67,21,-82,,,,,,
B49F0555,001,29-08-2010,68,22,-83,,,,,,
B49F0555,001,30-08-2010,64,18,-79,,,,,,
B49F0555,001,31-08-2010,64,18,-79,,,,,,
B49F0555,001,01-09-2010,67,21,-82,,,,,,
B49F0555,001,02-09-2010,71,25,-86,,,,,,
B49F0555,001,03-09-2010,71,25,-86,,,,,,
B49F0555,001,04-09-2010,73,27,-88,,,,,,
B49F0555,001,05-09-2010,74,28,-89,,,,,,
B49F0555,001,06-09-2010,75,29,-90,,,,,,
B49F0555,001,07-09-2010,71,25,-86,,,,,,
B49F0555,001,08-09-2010,71,25,-86,,,,,,
B49F0555,001,09-09-2010,61,15,-76,,,,,,
B49F0555,001,10-09-2010,63,17,-78,,,,,,
B49F0555,001,11-09-2010,64,18,-79,,,,,,
B49F0555,001,12-09-2010,66,20,-81,,,,,,
B49F0555,001,13-09-2010,64,18,-79,,,,,,
B49F0555,001,14-09-2010,66,20,-81,,,,,,
B49F0555,001,15-09-2010,59,13,-74,,,,,,
B49F0555,001,16-09-2010,57,11,-72,,,,,,
B49F0555,001,17-09-2010,58,12,-73,,,,,,
B49F0555,001,18-09-2010,58,12,-73,,,,,,
B49F0555,001,19-09-2010,61,15,-76,,,,,,
B49F0555,001,20-09-2010,62,16,-77,,,,,,
B49F0555,001,21-09-2010,61,15,-76,,,,,,
B49F0555,001,22-09-2010,63,17,-78,,,,,,
B49F0555,001,23-09-2010,63,17,-78,,,,,,
B49F0555,001,24-09-2010,66,20,-81,,,,,,
B49F0555,001,25-09-2010,60,14,-75,,,,,,
B49F0555,001,26-09-2010,61,15,-76,,,,,,
B49F0555,001,27-09-2010,59,13,-74,,,,,,
B49F0555,001,28-09-2010,57,11,-72,,,,,,
B49F0555,001,29-09-2010,57,11,-72,,,,,,
B49F0555,001,30-09-2010,60,14,-75,,,,,,
B49F0555,001,01-10-2010,57,11,-72,,,,,,
B49F0555,001,02-10-2010,55,9,-70,,,,,,
B49F0555,001,03-10-2010,55,9,-70,,,,,,
B49F0555,001,04-10-2010,57,11,-72,,,,,,
B49F0555,001,05-10-2010,57,11,-72,,,,,,
B49F0555,001,06-10-2010,61,15,-76,,,,,,
B49F0555,001,07-10-2010,56,10,-71,,,,,,
B49F0555,001,08-10-2010,59,13,-74,,,,,,
B49F0555,001,09-10-2010,60,14,-75,,,,,,
B49F0555,001,10-10-2010,62,16,-77,,,,,,
B49F0555,001,11-10-2010,62,16,-77,,,,,,
B49F0555,001,12-10-2010,62,16,-77,,,,,,
B49F0555,001,13-10-2010,63,17,-78,,,,,,
B49F0555,001,14-10-2010,64,18,-79,,,,,,
B49F0555,001,15-10-2010,63,17,-78,,,,,,
B49F0555,001,16-10-2010,63,17,-78,,,,,,
B49F0555,001,17-10-2010,60,14,-75,,,,,,
B49F0555,001,18-10-2010,61,15,-76,,,,,,
B49F0555,001,19-10-2010,65,19,-80,,,,,,
B49F0555,001,20-10-2010,56,10,-71,,,,,,
B49F0555,001,21-10-2010,52,6,-67,,,,,,
B49F0555,001,22-10-2010,57,11,-72,,,,,,
B49F0555,001,23-10-2010,59,13,-74,,,,,,
B49F0555,001,24-10-2010,53,7,-68,,,,,,
B49F0555,001,25-10-2010,52,6,-67,,,,,,
B49F0555,001,26-10-2010,54,8,-69,,,,,,
B49F0555,001,27-10-2010,55,9,-70,,,,,,
B49F0555,001,28-10-2010,53,7,-68,,,,,,
B49F0555,001,29-10-2010,57,11,-72,,,,,,
B49F0555,001,30-10-2010,52,6,-67,,,,,,
B49F0555,001,31-10-2010,59,13,-74,,,,,,
B49F0555,001,01-11-2010,57,11,-72,,,,,,
B49F0555,001,02-11-2010,59,13,-74,,,,,,
B49F0555,001,03-11-2010,57,11,-72,,,,,,
B49F0555,001,04-11-2010,54,8,-69,,,,,,
B49F0555,001,05-11-2010,54,8,-69,,,,,,
B49F0555,001,06-11-2010,55,9,-70,,,,,,
B49F0555,001,07-11-2010,61,15,-76,,,,,,
B49F0555,001,08-11-2010,70,24,-85,,,,,,
B49F0555,001,09-11-2010,61,15,-76,,,,,,
B49F0555,001,10-11-2010,56,10,-71,,,,,,
B49F0555,001,11-11-2010,58,12,-73,,,,,,
B49F0555,001,12-11-2010,45,-1,-60,,,,,,
B49F0555,001,13-11-2010,18,-28,-33,,,,,,
B49F0555,001,14-11-2010,17,-29,-32,,,,,,
B49F0555,001,15-11-2010,29,-17,-44,,,,,,
B49F0555,001,16-11-2010,50,4,-65,,,,,,
B49F0555,001,17-11-2010,53,7,-68,,,,,,
B49F0555,001,18-11-2010,52,6,-67,,,,,,
B49F0555,001,19-11-2010,52,6,-67,,,,,,
B49F0555,001,20-11-2010,55,9,-70,,,,,,
B49F0555,001,21-11-2010,62,16,-77,,,,,,
B49F0555,001,22-11-2010,62,16,-77,,,,,,
B49F0555,001,23-11-2010,61,15,-76,,,,,,
B49F0555,001,24-11-2010,62,16,-77,,,,,,
B49F0555,001,25-11-2010,64,18,-79,,,,,,
B49F0555,001,26-11-2010,66,20,-81,,,,,,
B49F0555,001,27-11-2010,65,19,-80,,,,,,
B49F0555,001,28-11-2010,70,24,-85,,,,,,
B49F0555,001,29-11-2010,68,22,-83,,,,,,
B49F0555,001,30-11-2010,63,17,-78,,,,,,
B49F0555,001,01-12-2010,67,21,-82,,,,,,
B49F0555,001,02-12-2010,69,23,-84,,,,,,
B49F0555,001,03-12-2010,72,26,-87,,,,,,
B49F0555,001,04-12-2010,69,23,-84,,,,,,
B49F0555,001,05-12-2010,58,12,-73,,,,,,
B49F0555,001,06-12-2010,60,14,-75,,,,,,
B49F0555,001,07-12-2010,63,17,-78,,,,,,
B49F0555,001,08-12-2010,64,18,-79,,,,,,
B49F0555,001,09-12-2010,60,14,-75,,,,,,
B49F0555,001,10-12-2010,56,10,-71,,,,,,
B49F0555,001,11-12-2010,57,11,-72,,,,,,
B49F0555,001,12-12-2010,59,13,-74,,,,,,
B49F0555,001,13-12-2010,68,22,-83,,,,,,
B49F0555,001,14-12-2010,63,17,-78,,,,,,
B49F0555,001,15-12-2010,68,22,-83,,,,,,
B49F0555,001,16-12-2010,64,18,-79,,,,,,
B49F0555,001,17-12-2010,64,18,-79,,,,,,
B49F0555,001,18-12-2010,63,17,-78,,,,,,
B49F0555,001,19-12-2010,60,14,-75,,,,,,
B49F0555,001,20-12-2010,62,16,-77,,,,,,
B49F0555,001,21-12-2010,62,16,-77,,,,,,
B49F0555,001,22-12-2010,57,11,-72,,,,,,
B49F0555,001,23-12-2010,59,13,-74,,,,,,
B49F0555,001,24-12-2010,58,12,-73,,,,,,
B49F0555,001,25-12-2010,58,12,-73,,,,,,
B49F0555,001,26-12-2010,56,10,-71,,,,,,
B49F0555,001,27-12-2010,59,13,-74,,,,,,
B49F0555,001,28-12-2010,59,13,-74,,,,,,
B49F0555,001,29-12-2010,56,10,-71,,,,,,
B49F0555,001,30-12-2010,52,6,-67,,,,,,
B49F0555,001,31-12-2010,55,9,-70,,,,,,
B49F0555,001,01-01-2011,53,7,-68,,,,,,
B49F0555,001,02-01-2011,57,11,-72,,,,,,
B49F0555,001,03-01-2011,59,13,-74,,,,,,
B49F0555,001,04-01-2011,62,16,-77,,,,,,
B49F0555,001,05-01-2011,55,9,-70,,,,,,
B49F0555,001,06-01-2011,52,6,-67,,,,,,
B49F0555,001,07-01-2011,46,0,-61,,,,,,
B49F0555,001,08-01-2011,43,-3,-58,,,,,,
B49F0555,001,09-01-2011,45,-1,-60,,,,,,
B49F0555,001,10-01-2011,50,4,-65,,,,,,
B49F0555,001,11-01-2011,54,8,-69,,,,,,
B49F0555,001,12-01-2011,48,2,-63,,,,,,
B49F0555,001,13-01-2011,29,-17,-44,,,,,,
B49F0555,001,14-01-2011,14,-32,-29,,,,,,
B49F0555,001,15-01-2011,23,-23,-38,,,,,,
B49F0555,001,16-01-2011,33,-13,-48,,,,,,
B49F0555,001,17-01-2011,38,-8,-53,,,,,,
B49F0555,001,18-01-2011,42,-4,-57,,,,,,
B49F0555,001,19-01-2011,39,-7,-54,,,,,,
B49F0555,001,20-01-2011,43,-3,-58,,,,,,
B49F0555,001,21-01-2011,48,2,-63,,,,,,
B49F0555,001,22-01-2011,45,-1,-60,,,,,,
B49F0555,001,23-01-2011,48,2,-63,,,,,,
B49F0555,001,24-01-2011,47,1,-62,,,,,,
B49F0555,001,25-01-2011,51,5,-66,,,,,,
B49F0555,001,26-01-2011,51,5,-66,,,,,,
B49F0555,001,27-01-2011,52,6,-67,,,,,,
B49F0555,001,28-01-2011,54,8,-69,,,,,,
B49F0555,001,29-01-2011,57,11,-72,,,,,,
B49F0555,001,30-01-2011,58,12,-73,,,,,,
B49F0555,001,31-01-2011,54,8,-69,,,,,,
B49F0555,001,01-02-2011,55,9,-70,,,,,,
B49F0555,001,02-02-2011,52,6,-67,,,,,,
B49F0555,001,03-02-2011,51,5,-66,,,,,,
B49F0555,001,04-02-2011,52,6,-67,,,,,,
B49F0555,001,05-02-2011,50,4,-65,,,,,,
B49F0555,001,06-02-2011,51,5,-66,,,,,,
B49F0555,001,07-02-2011,54,8,-69,,,,,,
B49F0555,001,08-02-2011,53,7,-68,,,,,,
B49F0555,001,09-02-2011,61,15,-76,,,,,,
B49F0555,001,10-02-2011,57,11,-72,,,,,,
B49F0555,001,11-02-2011,52,6,-67,,,,,,
B49F0555,001,12-02-2011,39,-7,-54,,,,,,
B49F0555,001,13-02-2011,47,1,-62,,,,,,
B49F0555,001,14-02-2011,45,-1,-60,,,,,,
B49F0555,001,15-02-2011,51,5,-66,,,,,,
B49F0555,001,16-02-2011,46,0,-61,,,,,,
B49F0555,001,17-02-2011,51,5,-66,,,,,,
B49F0555,001,18-02-2011,51,5,-66,,,,,,
B49F0555,001,19-02-2011,53,7,-68,,,,,,
B49F0555,001,20-02-2011,51,5,-66,,,,,,
B49F0555,001,21-02-2011,54,8,-69,,,,,,
B49F0555,001,22-02-2011,59,13,-74,,,,,,
B49F0555,001,23-02-2011,59,13,-74,,,,,,
B49F0555,001,24-02-2011,51,5,-66,,,,,,
B49F0555,001,25-02-2011,49,3,-64,,,,,,
B49F0555,001,26-02-2011,52,6,-67,,,,,,
B49F0555,001,27-02-2011,46,0,-61,,,,,,
B49F0555,001,28-02-2011,38,-8,-53,,,,,,
B49F0555,001,01-03-2011,46,0,-61,,,,,,
B49F0555,001,02-03-2011,51,5,-66,,,,,,
B49F0555,001,03-03-2011,56,10,-71,,,,,,
B49F0555,001,04-03-2011,58,12,-73,,,,,,
B49F0555,001,05-03-2011,59,13,-74,,,,,,
B49F0555,001,06-03-2011,59,13,-74,,,,,,
B49F0555,001,07-03-2011,63,17,-78,,,,,,
B49F0555,001,08-03-2011,69,23,-84,,,,,,
B49F0555,001,09-03-2011,64,18,-79,,,,,,
B49F0555,001,10-03-2011,65,19,-80,,,,,,
B49F0555,001,11-03-2011,62,16,-77,,,,,,
B49F0555,001,12-03-2011,67,21,-82,,,,,,
B49F0555,001,13-03-2011,65,19,-80,,,,,,
B49F0555,001,14-03-2011,63,17,-78,,,,,,
B49F0555,001,15-03-2011,67,21,-82,,,,,,
B49F0555,001,16-03-2011,68,22,-83,,,,,,
B49F0555,001,17-03-2011,68,22,-83,,,,,,
B49F0555,001,18-03-2011,66,20,-81,,,,,,
B49F0555,001,19-03-2011,55,9,-70,,,,,,
B49F0555,001,20-03-2011,65,19,-80,,,,,,
B49F0555,001,21-03-2011,68,22,-83,,,,,,
B49F0555,001,22-03-2011,69,23,-84,,,,,,
B49F0555,001,23-03-2011,69,23,-84,,,,,,
B49F0555,001,24-03-2011,71,25,-86,,,,,,
B49F0555,001,25-03-2011,73,27,-88,,,,,,
B49F0555,001,26-03-2011,74,28,-89,,,,,,
B49F0555,001,27-03-2011,72,26,-87,,,,,,
B49F0555,001,28-03-2011,74,28,-89,,,,,,
B49F0555,001,29-03-2011,79,33,-94,,,,,,
B49F0555,001,30-03-2011,77,31,-92,,,,,,
B49F0555,001,31-03-2011,68,22,-83,,,,,,
B49F0555,001,01-04-2011,63,17,-78,,,,,,
B49F0555,001,02-04-2011,67,21,-82,,,,,,
B49F0555,001,03-04-2011,67,21,-82,,,,,,
B49F0555,001,04-04-2011,70,24,-85,,,,,,
B49F0555,001,05-04-2011,75,29,-90,,,,,,
B49F0555,001,06-04-2011,70,24,-85,,,,,,
B49F0555,001,07-04-2011,74,28,-89,,,,,,
B49F0555,001,08-04-2011,77,31,-92,,,,,,
B49F0555,001,09-04-2011,81,35,-96,,,,,,
B49F0555,001,10-04-2011,81,35,-96,,,,,,
B49F0555,001,11-04-2011,82,36,-97,,,,,,
B49F0555,001,12-04-2011,74,28,-89,,,,,,
B49F0555,001,13-04-2011,82,36,-97,,,,,,
B49F0555,001,14-04-2011,82,36,-97,,,,,,
B49F0555,001,15-04-2011,77,31,-92,,,,,,
B49F0555,001,16-04-2011,79,33,-94,,,,,,
B49F0555,001,17-04-2011,79,33,-94,,,,,,
B49F0555,001,18-04-2011,80,34,-95,,,,,,
B49F0555,001,19-04-2011,83,37,-98,,,,,,
B49F0555,001,20-04-2011,83,37,-98,,,,,,
B49F0555,001,21-04-2011,86,40,-101,,,,,,
B49F0555,001,22-04-2011,85,39,-100,,,,,,
B49F0555,001,23-04-2011,83,37,-98,,,,,,
B49F0555,001,24-04-2011,75,29,-90,,,,,,
B49F0555,001,25-04-2011,84,38,-99,,,,,,
B49F0555,001,26-04-2011,88,42,-103,,,,,,
B49F0555,001,27-04-2011,92,46,-107,,,,,,
B49F0555,001,28-04-2011,88,42,-103,,,,,,
B49F0555,001,29-04-2011,81,35,-96,,,,,,
B49F0555,001,30-04-2011,83,37,-98,,,,,,
B49F0555,001,01-05-2011,93,47,-108,,,,,,
B49F0555,001,02-05-2011,98,52,-113,,,,,,
B49F0555,001,03-05-2011,96,50,-111,,,,,,
B49F0555,001,04-05-2011,95,49,-110,,,,,,
B49F0555,001,05-05-2011,92,46,-107,,,,,,
B49F0555,001,06-05-2011,91,45,-106,,,,,,
B49F0555,001,07-05-2011,90,44,-105,,,,,,
B49F0555,001,08-05-2011,88,42,-103,,,,,,
B49F0555,001,09-05-2011,88,42,-103,,,,,,
B49F0555,001,10-05-2011,87,41,-102,,,,,,
B49F0555,001,11-05-2011,84,38,-99,,,,,,
B49F0555,001,12-05-2011,89,43,-104,,,,,,
B49F0555,001,13-05-2011,90,44,-105,,,,,,
B49F0555,001,14-05-2011,92,46,-107,,,,,,
B49F0555,001,15-05-2011,86,40,-101,,,,,,
B49F0555,001,16-05-2011,87,41,-102,,,,,,
B49F0555,001,17-05-2011,81,35,-96,,,,,,
B49F0555,001,18-05-2011,82,36,-97,,,,,,
B49F0555,001,19-05-2011,82,36,-97,,,,,,
B49F0555,001,20-05-2011,84,38,-99,,,,,,
B49F0555,001,21-05-2011,89,43,-104,,,,,,
B49F0555,001,22-05-2011,79,33,-94,,,,,,
B49F0555,001,23-05-2011,80,34,-95,,,,,,
B49F0555,001,24-05-2011,83,37,-98,,,,,,
B49F0555,001,25-05-2011,91,45,-106,,,,,,
B49F0555,001,26-05-2011,94,48,-109,,,,,,
B49F0555,001,27-05-2011,75,29,-90,,,,,,
B49F0555,001,28-05-2011,70,24,-85,,,,,,
B49F0555,001,29-05-2011,70,24,-85,,,,,,
B49F0555,001,30-05-2011,76,30,-91,,,,,,
B49F0555,001,31-05-2011,76,30,-91,,,,,,
B49F0555,001,01-06-2011,73,27,-88,,,,,,
B49F0555,001,02-06-2011,81,35,-96,,,,,,
B49F0555,001,03-06-2011,84,38,-99,,,,,,
B49F0555,001,04-06-2011,88,42,-103,,,,,,
B49F0555,001,05-06-2011,94,48,-109,,,,,,
B49F0555,001,06-06-2011,77,31,-92,,,,,,
B49F0555,001,07-06-2011,67,21,-82,,,,,,
B49F0555,001,08-06-2011,64,18,-79,,,,,,
B49F0555,001,09-06-2011,70,24,-85,,,,,,
B49F0555,001,10-06-2011,77,31,-92,,,,,,
B49F0555,001,11-06-2011,66,20,-81,,,,,,
B49F0555,001,12-06-2011,68,22,-83,,,,,,
B49F0555,001,13-06-2011,70,24,-85,,,,,,
B49F0555,001,14-06-2011,69,23,-84,,,,,,
B49F0555,001,15-06-2011,78,32,-93,,,,,,
B49F0555,001,16-06-2011,74,28,-89,,,,,,
B49F0555,001,17-06-2011,64,18,-79,,,,,,
B49F0555,001,18-06-2011,60,14,-75,,,,,,
B49F0555,001,19-06-2011,59,13,-74,,,,,,
B49F0555,001,20-06-2011,61,15,-76,,,,,,
B49F0555,001,21-06-2011,59,13,-74,,,,,,
B49F0555,001,22-06-2011,64,18,-79,,,,,,
B49F0555,001,23-06-2011,65,19,-80,,,,,,
B49F0555,001,24-06-2011,67,21,-82,,,,,,
B49F0555,001,25-06-2011,72,26,-87,,,,,,
B49F0555,001,26-06-2011,64,18,-79,,,,,,
B49F0555,001,27-06-2011,68,22,-83,,,,,,
B49F0555,001,28-06-2011,77,31,-92,,,,,,
B49F0555,001,29-06-2011,62,16,-77,,,,,,
B49F0555,001,30-06-2011,70,24,-85,,,,,,
B49F0555,001,01-07-2011,72,26,-87,,,,,,
B49F0555,001,02-07-2011,79,33,-94,,,,,,
B49F0555,001,03-07-2011,83,37,-98,,,,,,
B49F0555,001,04-07-2011,85,39,-100,,,,,,
B49F0555,001,05-07-2011,87,41,-102,,,,,,
B49F0555,001,06-07-2011,89,43,-104,,,,,,
B49F0555,001,07-07-2011,89,43,-104,,,,,,
B49F0555,001,08-07-2011,89,43,-104,,,,,,
B49F0555,001,09-07-2011,86,40,-101,,,,,,
B49F0555,001,10-07-2011,86,40,-101,,,,,,
B49F0555,001,11-07-2011,89,43,-104,,,,,,
B49F0555,001,12-07-2011,89,43,-104,,,,,,
B49F0555,001,13-07-2011,52,6,-67,,,,,,
B49F0555,001,14-07-2011,53,7,-68,,,,,,
B49F0555,001,15-07-2011,43,-3,-58,,,,,,
B49F0555,001,16-07-2011,50,4,-65,,,,,,
B49F0555,001,17-07-2011,43,-3,-58,,,,,,
B49F0555,001,18-07-2011,45,-1,-60,,,,,,
B49F0555,001,19-07-2011,46,0,-61,,,,,,
B49F0555,001,20-07-2011,49,3,-64,,,,,,
B49F0555,001,21-07-2011,51,5,-66,,,,,,
B49F0555,001,22-07-2011,50,4,-65,,,,,,
B49F0555,001,23-07-2011,55,9,-70,,,,,,
B49F0555,001,24-07-2011,52,6,-67,,,,,,
B49F0555,001,25-07-2011,54,8,-69,,,,,,
B49F0555,001,26-07-2011,53,7,-68,,,,,,
B49F0555,001,27-07-2011,54,8,-69,,,,,,
B49F0555,001,28-07-2011,55,9,-70,,,,,,
B49F0555,001,29-07-2011,59,13,-74,,,,,,
B49F0555,001,30-07-2011,61,15,-76,,,,,,
B49F0555,001,31-07-2011,62,16,-77,,,,,,
B49F0555,001,01-08-2011,64,18,-79,,,,,,
B49F0555,001,02-08-2011,66,20,-81,,,,,,
B49F0555,001,03-08-2011,67,21,-82,,,,,,
B49F0555,001,04-08-2011,65,19,-80,,,,,,
B49F0555,001,05-08-2011,68,22,-83,,,,,,
B49F0555,001,06-08-2011,75,29,-90,,,,,,
B49F0555,001,07-08-2011,62,16,-77,,,,,,
B49F0555,001,08-08-2011,64,18,-79,,,,,,
B49F0555,001,09-08-2011,63,17,-78,,,,,,
B49F0555,001,10-08-2011,69,23,-84,,,,,,
B49F0555,001,11-08-2011,71,25,-86,,,,,,
B49F0555,001,12-08-2011,65,19,-80,,,,,,
B49F0555,001,13-08-2011,65,19,-80,,,,,,
B49F0555,001,14-08-2011,58,12,-73,,,,,,
B49F0555,001,15-08-2011,60,14,-75,,,,,,
B49F0555,001,16-08-2011,65,19,-80,,,,,,
B49F0555,001,17-08-2011,65,19,-80,,,,,,
B49F0555,001,18-08-2011,70,24,-85,,,,,,
B49F0555,001,19-08-2011,56,10,-71,,,,,,
B49F0555,001,20-08-2011,66,20,-81,,,,,,
B49F0555,001,21-08-2011,67,21,-82,,,,,,
B49F0555,001,22-08-2011,67,21,-82,,,,,,
B49F0555,001,23-08-2011,65,19,-80,,,,,,
B49F0555,001,24-08-2011,60,14,-75,,,,,,
B49F0555,001,25-08-2011,64,18,-79,,,,,,
B49F0555,001,26-08-2011,66,20,-81,,,,,,
B49F0555,001,27-08-2011,63,17,-78,,,,,,
B49F0555,001,28-08-2011,63,17,-78,,,,,,
B49F0555,001,29-08-2011,60,14,-75,,,,,,
B49F0555,001,30-08-2011,60,14,-75,,,,,,
B49F0555,001,31-08-2011,60,14,-75,,,,,,
B49F0555,001,01-09-2011,58,12,-73,,,,,,
B49F0555,001,02-09-2011,71,25,-86,,,,,,
B49F0555,001,03-09-2011,70,24,-85,,,,,,
B49F0555,001,04-09-2011,64,18,-79,,,,,,
B49F0555,001,05-09-2011,64,18,-79,,,,,,
B49F0555,001,06-09-2011,65,19,-80,,,,,,
B49F0555,001,07-09-2011,57,11,-72,,,,,,
B49F0555,001,08-09-2011,58,12,-73,,,,,,
B49F0555,001,09-09-2011,53,7,-68,,,,,,
B49F0555,001,10-09-2011,58,12,-73,,,,,,
B49F0555,001,11-09-2011,52,6,-67,,,,,,
B49F0555,001,12-09-2011,59,13,-74,,,,,,
B49F0555,001,13-09-2011,61,15,-76,,,,,,
B49F0555,001,14-09-2011,64,18,-79,,,,,,
B49F0555,001,15-09-2011,65,19,-80,,,,,,
B49F0555,001,16-09-2011,72,26,-87,,,,,,
B49F0555,001,17-09-2011,67,21,-82,,,,,,
B49F0555,001,18-09-2011,65,19,-80,,,,,,
B49F0555,001,19-09-2011,65,19,-80,,,,,,
B49F0555,001,20-09-2011,64,18,-79,,,,,,
B49F0555,001,21-09-2011,66,20,-81,,,,,,
B49F0555,001,22-09-2011,70,24,-85,,,,,,
B49F0555,001,23-09-2011,68,22,-83,,,,,,
B49F0555,001,24-09-2011,75,29,-90,,,,,,
B49F0555,001,25-09-2011,72,26,-87,,,,,,
B49F0555,001,26-09-2011,70,24,-85,,,,,,
B49F0555,001,27-09-2011,71,25,-86,,,,,,
B49F0555,001,28-09-2011,73,27,-88,,,,,,
B49F0555,001,29-09-2011,72,26,-87,,,,,,
B49F0555,001,30-09-2011,73,27,-88,,,,,,
B49F0555,001,01-10-2011,75,29,-90,,,,,,
B49F0555,001,02-10-2011,77,31,-92,,,,,,
B49F0555,001,03-10-2011,79,33,-94,,,,,,
B49F0555,001,04-10-2011,78,32,-93,,,,,,
B49F0555,001,05-10-2011,74,28,-89,,,,,,
B49F0555,001,06-10-2011,79,33,-94,,,,,,
B49F0555,001,07-10-2011,65,19,-80,,,,,,
B49F0555,001,08-10-2011,65,19,-80,,,,,,
B49F0555,001,09-10-2011,62,16,-77,,,,,,
B49F0555,001,10-10-2011,59,13,-74,,,,,,
B49F0555,001,11-10-2011,61,15,-76,,,,,,
B49F0555,001,12-10-2011,60,14,-75,,,,,,
B49F0555,001,13-10-2011,57,11,-72,,,,,,
B49F0555,001,14-10-2011,67,21,-82,,,,,,
B49F0555,001,15-10-2011,73,27,-88,,,,,,
B49F0555,001,16-10-2011,75,29,-90,,,,,,
B49F0555,001,17-10-2011,69,23,-84,,,,,,
B49F0555,001,18-10-2011,70,24,-85,,,,,,
B49F0555,001,19-10-2011,64,18,-79,,,,,,
B49F0555,001,20-10-2011,62,16,-77,,,,,,
B49F0555,001,21-10-2011,65,19,-80,,,,,,
B49F0555,001,22-10-2011,68,22,-83,,,,,,
B49F0555,001,23-10-2011,68,22,-83,,,,,,
B49F0555,001,24-10-2011,70,24,-85,,,,,,
B49F0555,001,25-10-2011,67,21,-82,,,,,,
B49F0555,001,26-10-2011,60,14,-75,,,,,,
B49F0555,001,27-10-2011,65,19,-80,,,,,,
B49F0555,001,28-10-2011,60,14,-75,,,,,,
B49F0555,001,29-10-2011,63,17,-78,,,,,,
B49F0555,001,30-10-2011,63,17,-78,,,,,,
B49F0555,001,31-10-2011,61,15,-76,,,,,,
B49F0555,001,01-11-2011,65,19,-80,,,,,,
B49F0555,001,02-11-2011,62,16,-77,,,,,,
B49F0555,001,03-11-2011,61,15,-76,,,,,,
B49F0555,001,04-11-2011,60,14,-75,,,,,,
B49F0555,001,05-11-2011,61,15,-76,,,,,,
B49F0555,001,06-11-2011,61,15,-76,,,,,,
B49F0555,001,07-11-2011,64,18,-79,,,,,,
B49F0555,001,08-11-2011,69,23,-84,,,,,,
B49F0555,001,09-11-2011,64,18,-79,,,,,,
B49F0555,001,10-11-2011,70,24,-85,,,,,,
B49F0555,001,11-11-2011,71,25,-86,,,,,,
B49F0555,001,12-11-2011,72,26,-87,,,,,,
B49F0555,001,13-11-2011,71,25,-86,,,,,,
B49F0555,001,14-11-2011,69,23,-84,,,,,,
B49F0555,001,15-11-2011,75,29,-90,,,,,,
B49F0555,001,16-11-2011,72,26,-87,,,,,,
B49F0555,001,17-11-2011,68,22,-83,,,,,,
B49F0555,001,18-11-2011,64,18,-79,,,,,,
B49F0555,001,19-11-2011,69,23,-84,,,,,,
B49F0555,001,20-11-2011,70,24,-85,,,,,,
B49F0555,001,21-11-2011,68,22,-83,,,,,,
B49F0555,001,22-11-2011,67,21,-82,,,,,,
B49F0555,001,23-11-2011,63,17,-78,,,,,,
B49F0555,001,24-11-2011,66,20,-81,,,,,,
B49F0555,001,25-11-2011,66,20,-81,,,,,,
B49F0555,001,26-11-2011,66,20,-81,,,,,,
B49F0555,001,27-11-2011,68,22,-83,,,,,,
B49F0555,001,28-11-2011,67,21,-82,,,,,,
B49F0555,001,29-11-2011,65,19,-80,,,,,,
B49F0555,001,30-11-2011,64,18,-79,,,,,,
B49F0555,001,01-12-2011,68,22,-83,,,,,,
B49F0555,001,02-12-2011,50,4,-65,,,,,,
B49F0555,001,03-12-2011,56,10,-71,,,,,,
B49F0555,001,04-12-2011,51,5,-66,,,,,,
B49F0555,001,05-12-2011,52,6,-67,,,,,,
B49F0555,001,06-12-2011,54,8,-69,,,,,,
B49F0555,001,07-12-2011,53,7,-68,,,,,,
B49F0555,001,08-12-2011,49,3,-64,,,,,,
B49F0555,001,09-12-2011,47,1,-62,,,,,,
B49F0555,001,10-12-2011,50,4,-65,,,,,,
B49F0555,001,11-12-2011,54,8,-69,,,,,,
B49F0555,001,12-12-2011,50,4,-65,,,,,,
B49F0555,001,13-12-2011,53,7,-68,,,,,,
B49F0555,001,14-12-2011,50,4,-65,,,,,,
B49F0555,001,15-12-2011,43,-3,-58,,,,,,
B49F0555,001,16-12-2011,50,4,-65,,,,,,
B49F0555,001,17-12-2011,35,-11,-50,,,,,,
B49F0555,001,18-12-2011,37,-9,-52,,,,,,
B49F0555,001,19-12-2011,40,-6,-55,,,,,,
B49F0555,001,20-12-2011,39,-7,-54,,,,,,
B49F0555,001,21-12-2011,40,-6,-55,,,,,,
B49F0555,001,22-12-2011,40,-6,-55,,,,,,
B49F0555,001,23-12-2011,43,-3,-58,,,,,,
B49F0555,001,24-12-2011,38,-8,-53,,,,,,
B49F0555,001,25-12-2011,43,-3,-58,,,,,,
B49F0555,001,26-12-2011,43,-3,-58,,,,,,
B49F0555,001,27-12-2011,44,-2,-59,,,,,,
B49F0555,001,28-12-2011,50,4,-65,,,,,,
B49F0555,001,29-12-2011,49,3,-64,,,,,,
B49F0555,001,30-12-2011,48,2,-63,,,,,,
B49F0555,001,31-12-2011,45,-1,-60,,,,,,
B49F0555,001,01-01-2012,42,-4,-57,,,,,,
B49F0555,001,02-01-2012,30,-16,-45,,,,,,
B49F0555,001,03-01-2012,42,-4,-57,,,,,,
B49F0555,001,04-01-2012,35,-11,-50,,,,,,
B49F0555,001,05-01-2012,40,-6,-55,,,,,,
B49F0555,001,06-01-2012,35,-11,-50,,,,,,
B49F0555,001,07-01-2012,41,-5,-56,,,,,,
B49F0555,001,08-01-2012,39,-7,-54,,,,,,
B49F0555,001,09-01-2012,41,-5,-56,,,,,,
B49F0555,001,10-01-2012,41,-5,-56,,,,,,
B49F0555,001,11-01-2012,44,-2,-59,,,,,,
B49F0555,001,12-01-2012,47,1,-62,,,,,,
B49F0555,001,13-01-2012,49,3,-64,,,,,,
B49F0555,001,14-01-2012,49,3,-64,,,,,,
B49F0555,001,15-01-2012,53,7,-68,,,,,,
B49F0555,001,16-01-2012,54,8,-69,,,,,,
B49F0555,001,17-01-2012,54,8,-69,,,,,,
B49F0555,001,18-01-2012,54,8,-69,,,,,,
B49F0555,001,19-01-2012,49,3,-64,,,,,,
B49F0555,001,20-01-2012,43,-3,-58,,,,,,
B49F0555,001,21-01-2012,45,-1,-60,,,,,,
B49F0555,001,22-01-2012,44,-2,-59,,,,,,
B49F0555,001,23-01-2012,46,0,-61,,,,,,
B49F0555,001,24-01-2012,46,0,-61,,,,,,
B49F0555,001,25-01-2012,46,0,-61,,,,,,
B49F0555,001,26-01-2012,46,0,-61,,,,,,
B49F0555,001,27-01-2012,44,-2,-59,,,,,,
B49F0555,001,28-01-2012,45,-1,-60,,,,,,
B49F0555,001,29-01-2012,48,2,-63,,,,,,
B49F0555,001,30-01-2012,50,4,-65,,,,,,
B49F0555,001,31-01-2012,50,4,-65,,,,,,
B49F0555,001,01-02-2012,57,11,-72,,,,,,
B49F0555,001,02-02-2012,59,13,-74,,,,,,
B49F0555,001,03-02-2012,64,18,-79,,,,,,
B49F0555,001,04-02-2012,64,18,-79,,,,,,
B49F0555,001,05-02-2012,62,16,-77,,,,,,
B49F0555,001,06-02-2012,56,10,-71,,,,,,
B49F0555,001,07-02-2012,68,22,-83,,,,,,
B49F0555,001,08-02-2012,59,13,-74,,,,,,
B49F0555,001,09-02-2012,65,19,-80,,,,,,
B49F0555,001,10-02-2012,65,19,-80,,,,,,
B49F0555,001,11-02-2012,71,25,-86,,,,,,
B49F0555,001,12-02-2012,70,24,-85,,,,,,
B49F0555,001,13-02-2012,59,13,-74,,,,,,
B49F0555,001,14-02-2012,50,4,-65,,,,,,
B49F0555,001,15-02-2012,49,3,-64,,,,,,
B49F0555,001,16-02-2012,45,-1,-60,,,,,,
B49F0555,001,17-02-2012,47,1,-62,,,,,,
B49F0555,001,18-02-2012,49,3,-64,,,,,,
B49F0555,001,19-02-2012,45,-1,-60,,,,,,
B49F0555,001,20-02-2012,48,2,-63,,,,,,
B49F0555,001,21-02-2012,53,7,-68,,,,,,
B49F0555,001,22-02-2012,53,7,-68,,,,,,
B49F0555,001,23-02-2012,51,5,-66,,,,,,
B49F0555,001,24-02-2012,52,6,-67,,,,,,
B49F0555,001,25-02-2012,57,11,-72,,,,,,
B49F0555,001,26-02-2012,58,12,-73,,,,,,
B49F0555,001,27-02-2012,61,15,-76,,,,,,
B49F0555,001,28-02-2012,54,8,-69,,,,,,
B49F0555,001,29-02-2012,55,9,-70,,,,,,
B49F0555,001,01-03-2012,56,10,-71,,,,,,
B49F0555,001,02-03-2012,56,10,-71,,,,,,
B49F0555,001,03-03-2012,57,11,-72,,,,,,
B49F0555,001,04-03-2012,62,16,-77,,,,,,
B49F0555,001,05-03-2012,50,4,-65,,,,,,
B49F0555,001,06-03-2012,50,4,-65,,,,,,
B49F0555,001,07-03-2012,58,12,-73,,,,,,
B49F0555,001,08-03-2012,46,0,-61,,,,,,
B49F0555,001,09-03-2012,51,5,-66,,,,,,
B49F0555,001,10-03-2012,52,6,-67,,,,,,
B49F0555,001,11-03-2012,53,7,-68,,,,,,
B49F0555,001,12-03-2012,59,13,-74,,,,,,
B49F0555,001,13-03-2012,57,11,-72,,,,,,
B49F0555,001,14-03-2012,59,13,-74,,,,,,
B49F0555,001,15-03-2012,65,19,-80,,,,,,
B49F0555,001,16-03-2012,64,18,-79,,,,,,
B49F0555,001,17-03-2012,64,18,-79,,,,,,
B49F0555,001,18-03-2012,59,13,-74,,,,,,
B49F0555,001,19-03-2012,66,20,-81,,,,,,
B49F0555,001,20-03-2012,68,22,-83,,,,,,
B49F0555,001,21-03-2012,68,22,-83,,,,,,
B49F0555,001,22-03-2012,69,23,-84,,,,,,
B49F0555,001,23-03-2012,69,23,-84,,,,,,
B49F0555,001,24-03-2012,70,24,-85,,,,,,
B49F0555,001,25-03-2012,70,24,-85,,,,,,
B49F0555,001,26-03-2012,73,27,-88,,,,,,
B49F0555,001,27-03-2012,76,30,-91,,,,,,
B49F0555,001,28-03-2012,75,29,-90,,,,,,
B49F0555,001,29-03-2012,77,31,-92,,,,,,
B49F0555,001,30-03-2012,74,28,-89,,,,,,
B49F0555,001,31-03-2012,71,25,-86,,,,,,
B49F0555,001,01-04-2012,80,34,-95,,,,,,
B49F0555,001,02-04-2012,78,32,-93,,,,,,
B49F0555,001,03-04-2012,76,30,-91,,,,,,
B49F0555,001,04-04-2012,69,23,-84,,,,,,
B49F0555,001,05-04-2012,67,21,-82,,,,,,
B49F0555,001,06-04-2012,75,29,-90,,,,,,
B49F0555,001,07-04-2012,66,20,-81,,,,,,
B49F0555,001,08-04-2012,71,25,-86,,,,,,
B49F0555,001,09-04-2012,58,12,-73,,,,,,
B49F0555,001,10-04-2012,52,6,-67,,,,,,
B49F0555,001,11-04-2012,53,7,-68,,,,,,
B49F0555,001,12-04-2012,56,10,-71,,,,,,
B49F0555,001,13-04-2012,61,15,-76,,,,,,
B49F0555,001,14-04-2012,62,16,-77,,,,,,
B49F0555,001,15-04-2012,61,15,-76,,,,,,
B49F0555,001,16-04-2012,66,20,-81,,,,,,
B49F0555,001,17-04-2012,75,29,-90,,,,,,
B49F0555,001,18-04-2012,59,13,-74,,,,,,
B49F0555,001,19-04-2012,55,9,-70,,,,,,
B49F0555,001,20-04-2012,59,13,-74,,,,,,
B49F0555,001,21-04-2012,55,9,-70,,,,,,
B49F0555,001,22-04-2012,54,8,-69,,,,,,
B49F0555,001,23-04-2012,57,11,-72,,,,,,
B49F0555,001,24-04-2012,55,9,-70,,,,,,
B49F0555,001,25-04-2012,57,11,-72,,,,,,
B49F0555,001,26-04-2012,60,14,-75,,,,,,
B49F0555,001,27-04-2012,57,11,-72,,,,,,
B49F0555,001,28-04-2012,60,14,-75,,,,,,
B49F0555,001,29-04-2012,61,15,-76,,,,,,
B49F0555,001,30-04-2012,61,15,-76,,,,,,
B49F0555,001,01-05-2012,57,11,-72,,,,,,
B49F0555,001,02-05-2012,62,16,-77,,,,,,
B49F0555,001,03-05-2012,54,8,-69,,,,,,
B49F0555,001,04-05-2012,57,11,-72,,,,,,
B49F0555,001,05-05-2012,58,12,-73,,,,,,
B49F0555,001,06-05-2012,58,12,-73,,,,,,
B49F0555,001,07-05-2012,61,15,-76,,,,,,
B49F0555,001,08-05-2012,65,19,-80,,,,,,
B49F0555,001,09-05-2012,52,6,-67,,,,,,
B49F0555,001,10-05-2012,54,8,-69,,,,,,
B49F0555,001,11-05-2012,50,4,-65,,,,,,
B49F0555,001,12-05-2012,53,7,-68,,,,,,
B49F0555,001,13-05-2012,59,13,-74,,,,,,
B49F0555,001,14-05-2012,63,17,-78,,,,,,
B49F0555,001,15-05-2012,63,17,-78,,,,,,
B49F0555,001,16-05-2012,59,13,-74,,,,,,
B49F0555,001,17-05-2012,66,20,-81,,,,,,
B49F0555,001,18-05-2012,69,23,-84,,,,,,
B49F0555,001,19-05-2012,66,20,-81,,,,,,
B49F0555,001,20-05-2012,65,19,-80,,,,,,
B49F0555,001,21-05-2012,68,22,-83,,,,,,
B49F0555,001,22-05-2012,70,24,-85,,,,,,
B49F0555,001,23-05-2012,73,27,-88,,,,,,
B49F0555,001,24-05-2012,73,27,-88,,,,,,
B49F0555,001,25-05-2012,73,27,-88,,,,,,
B49F0555,001,26-05-2012,72,26,-87,,,,,,
B49F0555,001,27-05-2012,67,21,-82,,,,,,
B49F0555,001,28-05-2012,64,18,-79,,,,,,
B49F0555,001,29-05-2012,61,15,-76,,,,,,
B49F0555,001,30-05-2012,58,12,-73,,,,,,
B49F0555,001,31-05-2012,58,12,-73,,,,,,
B49F0555,001,01-06-2012,56,10,-71,,,,,,
B49F0555,001,02-06-2012,56,10,-71,,,,,,
B49F0555,001,03-06-2012,56,10,-71,,,,,,
B49F0555,001,04-06-2012,54,8,-69,,,,,,
B49F0555,001,05-06-2012,51,5,-66,,,,,,
B49F0555,001,06-06-2012,54,8,-69,,,,,,
B49F0555,001,07-06-2012,53,7,-68,,,,,,
B49F0555,001,08-06-2012,52,6,-67,,,,,,
B49F0555,001,09-06-2012,54,8,-69,,,,,,
B49F0555,001,10-06-2012,54,8,-69,,,,,,
B49F0555,001,11-06-2012,55,9,-70,,,,,,
B49F0555,001,12-06-2012,50,4,-65,,,,,,
B49F0555,001,13-06-2012,49,3,-64,,,,,,
B49F0555,001,14-06-2012,52,6,-67,,,,,,
B49F0555,001,15-06-2012,54,8,-69,,,,,,
B49F0555,001,16-06-2012,51,5,-66,,,,,,
B49F0555,001,17-06-2012,50,4,-65,,,,,,
B49F0555,001,18-06-2012,52,6,-67,,,,,,
B49F0555,001,19-06-2012,51,5,-66,,,,,,
B49F0555,001,20-06-2012,52,6,-67,,,,,,
B49F0555,001,21-06-2012,55,9,-70,,,,,,
B49F0555,001,22-06-2012,50,4,-65,,,,,,
B49F0555,001,23-06-2012,51,5,-66,,,,,,
B49F0555,001,24-06-2012,55,9,-70,,,,,,
B49F0555,001,25-06-2012,50,4,-65,,,,,,
B49F0555,001,26-06-2012,52,6,-67,,,,,,
B49F0555,001,27-06-2012,52,6,-67,,,,,,
B49F0555,001,28-06-2012,54,8,-69,,,,,,
B49F0555,001,29-06-2012,54,8,-69,,,,,,
B49F0555,001,30-06-2012,53,7,-68,,,,,,
B49F0555,001,01-07-2012,55,9,-70,,,,,,
B49F0555,001,02-07-2012,54,8,-69,,,,,,
B49F0555,001,03-07-2012,60,14,-75,,,,,,
B49F0555,001,04-07-2012,62,16,-77,,,,,,
B49F0555,001,05-07-2012,63,17,-78,,,,,,
B49F0555,001,06-07-2012,44,-2,-59,,,,,,
B49F0555,001,07-07-2012,55,9,-70,,,,,,
B49F0555,001,08-07-2012,57,11,-72,,,,,,
B49F0555,001,09-07-2012,56,10,-71,,,,,,
B49F0555,001,10-07-2012,59,13,-74,,,,,,
B49F0555,001,11-07-2012,61,15,-76,,,,,,
B49F0555,001,12-07-2012,58,12,-73,,,,,,
B49F0555,001,13-07-2012,57,11,-72,,,,,,
B49F0555,001,14-07-2012,57,11,-72,,,,,,
B49F0555,001,15-07-2012,54,8,-69,,,,,,
B49F0555,001,16-07-2012,57,11,-72,,,,,,
B49F0555,001,17-07-2012,51,5,-66,,,,,,
B49F0555,001,18-07-2012,55,9,-70,,,,,,
B49F0555,001,19-07-2012,53,7,-68,,,,,,
B49F0555,001,20-07-2012,58,12,-73,,,,,,
B49F0555,001,21-07-2012,60,14,-75,,,,,,
B49F0555,001,22-07-2012,64,18,-79,,,,,,
B49F0555,001,23-07-2012,67,21,-82,,,,,,
B49F0555,001,24-07-2012,71,25,-86,,,,,,
B49F0555,001,25-07-2012,74,28,-89,,,,,,
B49F0555,001,26-07-2012,77,31,-92,,,,,,
B49F0555,001,27-07-2012,80,34,-95,,,,,,
B49F0555,001,28-07-2012,72,26,-87,,,,,,
B49F0555,001,29-07-2012,75,29,-90,,,,,,
B49F0555,001,30-07-2012,69,23,-84,,,,,,
B49F0555,001,31-07-2012,75,29,-90,,,,,,
B49F0555,001,01-08-2012,76,30,-91,,,,,,
B49F0555,001,02-08-2012,65,19,-80,,,,,,
B49F0555,001,03-08-2012,69,23,-84,,,,,,
B49F0555,001,04-08-2012,73,27,-88,,,,,,
B49F0555,001,05-08-2012,75,29,-90,,,,,,
B49F0555,001,06-08-2012,75,29,-90,,,,,,
B49F0555,001,07-08-2012,70,24,-85,,,,,,
B49F0555,001,08-08-2012,73,27,-88,,,,,,
B49F0555,001,09-08-2012,71,25,-86,,,,,,
B49F0555,001,10-08-2012,76,30,-91,,,,,,
B49F0555,001,11-08-2012,78,32,-93,,,,,,
B49F0555,001,12-08-2012,80,34,-95,,,,,,
B49F0555,001,13-08-2012,81,35,-96,,,,,,
B49F0555,001,14-08-2012,78,32,-93,,,,,,
B49F0555,001,15-08-2012,80,34,-95,,,,,,
B49F0555,001,16-08-2012,82,36,-97,,,,,,
B49F0555,001,17-08-2012,84,38,-99,,,,,,
B49F0555,001,18-08-2012,85,39,-100,,,,,,
B49F0555,001,19-08-2012,87,41,-102,,,,,,
B49F0555,001,20-08-2012,85,39,-100,,,,,,
B49F0555,001,21-08-2012,87,41,-102,,,,,,
B49F0555,001,22-08-2012,84,38,-99,,,,,,
B49F0555,001,23-08-2012,86,40,-101,,,,,,
B49F0555,001,24-08-2012,86,40,-101,,,,,,
B49F0555,001,25-08-2012,77,31,-92,,,,,,
B49F0555,001,26-08-2012,62,16,-77,,,,,,
B49F0555,001,27-08-2012,64,18,-79,,,,,,
B49F0555,001,28-08-2012,67,21,-82,,,,,,
B49F0555,001,29-08-2012,72,26,-87,,,,,,
B49F0555,001,30-08-2012,66,20,-81,,,,,,
B49F0555,001,31-08-2012,58,12,-73,,,,,,
B49F0555,001,01-09-2012,63,17,-78,,,,,,
B49F0555,001,02-09-2012,66,20,-81,,,,,,
B49F0555,001,03-09-2012,66,20,-81,,,,,,
B49F0555,001,04-09-2012,68,22,-83,,,,,,
B49F0555,001,05-09-2012,69,23,-84,,,,,,
B49F0555,001,06-09-2012,71,25,-86,,,,,,
B49F0555,001,07-09-2012,72,26,-87,,,,,,
B49F0555,001,08-09-2012,74,28,-89,,,,,,
B49F0555,001,09-09-2012,75,29,-90,,,,,,
B49F0555,001,10-09-2012,75,29,-90,,,,,,
B49F0555,001,11-09-2012,84,38,-99,,,,,,
B49F0555,001,12-09-2012,72,26,-87,,,,,,
B49F0555,001,13-09-2012,63,17,-78,,,,,,
B49F0555,001,14-09-2012,71,25,-86,,,,,,
B49F0555,001,15-09-2012,70,24,-85,,,,,,
B49F0555,001,16-09-2012,74,28,-89,,,,,,
B49F0555,001,17-09-2012,74,28,-89,,,,,,
B49F0555,001,18-09-2012,77,31,-92,,,,,,
B49F0555,001,19-09-2012,74,28,-89,,,,,,
B49F0555,001,20-09-2012,78,32,-93,,,,,,
B49F0555,001,21-09-2012,81,35,-96,,,,,,
B49F0555,001,22-09-2012,69,23,-84,,,,,,
B49F0555,001,23-09-2012,78,32,-93,,,,,,
B49F0555,001,24-09-2012,67,21,-82,,,,,,
B49F0555,001,25-09-2012,62,16,-77,,,,,,
B49F0555,001,26-09-2012,63,17,-78,,,,,,
B49F0555,001,27-09-2012,63,17,-78,,,,,,
B49F0555,001,28-09-2012,63,17,-78,,,,,,
B49F0555,001,29-09-2012,64,18,-79,,,,,,
B49F0555,001,30-09-2012,65,19,-80,,,,,,
B49F0555,001,01-10-2012,67,21,-82,,,,,,
B49F0555,001,02-10-2012,66,20,-81,,,,,,
B49F0555,001,03-10-2012,69,23,-84,,,,,,
B49F0555,001,04-10-2012,59,13,-74,,,,,,
B49F0555,001,05-10-2012,60,14,-75,,,,,,
B49F0555,001,06-10-2012,55,9,-70,,,,,,
B49F0555,001,07-10-2012,51,5,-66,,,,,,
B49F0555,001,08-10-2012,56,10,-71,,,,,,
B49F0555,001,09-10-2012,54,8,-69,,,,,,
B49F0555,001,10-10-2012,58,12,-73,,,,,,
B49F0555,001,11-10-2012,59,13,-74,,,,,,
B49F0555,001,12-10-2012,57,11,-72,,,,,,
B49F0555,001,13-10-2012,54,8,-69,,,,,,
B49F0555,001,14-10-2012,49,3,-64,,,,,,
B49F0555,001,15-10-2012,47,1,-62,,,,,,
B49F0555,001,16-10-2012,58,12,-73,,,,,,
B49F0555,001,17-10-2012,61,15,-76,,,,,,
B49F0555,001,18-10-2012,60,14,-75,,,,,,
B49F0555,001,19-10-2012,55,9,-70,,,,,,
B49F0555,001,20-10-2012,54,8,-69,,,,,,
B49F0555,001,21-10-2012,56,10,-71,,,,,,
B49F0555,001,22-10-2012,57,11,-72,,,,,,
B49F0555,001,23-10-2012,58,12,-73,,,,,,
B49F0555,001,24-10-2012,60,14,-75,,,,,,
B49F0555,001,25-10-2012,60,14,-75,,,,,,
B49F0555,001,26-10-2012,60,14,-75,,,,,,
B49F0555,001,27-10-2012,58,12,-73,,,,,,
B49F0555,001,28-10-2012,61,15,-76,,,,,,
B49F0555,001,29-10-2012,61,15,-76,,,,,,
B49F0555,001,30-10-2012,58,12,-73,,,,,,
B49F0555,001,31-10-2012,58,12,-73,,,,,,
B49F0555,001,01-11-2012,60,14,-75,,,,,,
B49F0555,001,02-11-2012,54,8,-69,,,,,,
B49F0555,001,03-11-2012,56,10,-71,,,,,,
B49F0555,001,04-11-2012,55,9,-70,,,,,,
B49F0555,001,05-11-2012,51,5,-66,,,,,,
B49F0555,001,06-11-2012,52,6,-67,,,,,,
B49F0555,001,07-11-2012,50,4,-65,,,,,,
B49F0555,001,08-11-2012,53,7,-68,,,,,,
B49F0555,001,09-11-2012,54,8,-69,,,,,,
B49F0555,001,10-11-2012,56,10,-71,,,,,,
B49F0555,001,11-11-2012,52,6,-67,,,,,,
B49F0555,001,12-11-2012,54,8,-69,,,,,,
B49F0555,001,13-11-2012,55,9,-70,,,,,,
B49F0555,001,14-11-2012,57,11,-72,,,,,,
B49F0555,001,15-11-2012,56,10,-71,,,,,,
B49F0555,001,16-11-2012,56,10,-71,,,,,,
B49F0555,001,17-11-2012,57,11,-72,,,,,,
B49F0555,001,18-11-2012,55,9,-70,,,,,,
B49F0555,001,19-11-2012,56,10,-71,,,,,,
B49F0555,001,20-11-2012,56,10,-71,,,,,,
B49F0555,001,21-11-2012,56,10,-71,,,,,,
B49F0555,001,22-11-2012,55,9,-70,,,,,,
B49F0555,001,23-11-2012,58,12,-73,,,,,,
B49F0555,001,24-11-2012,55,9,-70,,,,,,
B49F0555,001,25-11-2012,53,7,-68,,,,,,
B49F0555,001,26-11-2012,54,8,-69,,,,,,
B49F0555,001,27-11-2012,52,6,-67,,,,,,
B49F0555,001,28-11-2012,52,6,-67,,,,,,
B49F0555,001,29-11-2012,53,7,-68,,,,,,
B49F0555,001,30-11-2012,54,8,-69,,,,,,
B49F0555,001,01-12-2012,54,8,-69,,,,,,
B49F0555,001,02-12-2012,47,1,-62,,,,,,
B49F0555,001,03-12-2012,50,4,-65,,,,,,
B49F0555,001,04-12-2012,48,2,-63,,,,,,
B49F0555,001,05-12-2012,43,-3,-58,,,,,,
B49F0555,001,06-12-2012,44,-2,-59,,,,,,
B49F0555,001,07-12-2012,52,6,-67,,,,,,
B49F0555,001,08-12-2012,41,-5,-56,,,,,,
B49F0555,001,09-12-2012,49,3,-64,,,,,,
B49F0555,001,10-12-2012,43,-3,-58,,,,,,
B49F0555,001,11-12-2012,45,-1,-60,,,,,,
B49F0555,001,12-12-2012,50,4,-65,,,,,,
B49F0555,001,13-12-2012,52,6,-67,,,,,,
B49F0555,001,14-12-2012,52,6,-67,,,,,,
B49F0555,001,15-12-2012,44,-2,-59,,,,,,
B49F0555,001,16-12-2012,45,-1,-60,,,,,,
B49F0555,001,17-12-2012,47,1,-62,,,,,,
B49F0555,001,18-12-2012,45,-1,-60,,,,,,
B49F0555,001,19-12-2012,47,1,-62,,,,,,
B49F0555,001,20-12-2012,52,6,-67,,,,,,
B49F0555,001,21-12-2012,43,-3,-58,,,,,,
B49F0555,001,22-12-2012,47,1,-62,,,,,,
B49F0555,001,23-12-2012,33,-13,-48,,,,,,
B49F0555,001,24-12-2012,33,-13,-48,,,,,,
B49F0555,001,25-12-2012,28,-18,-43,,,,,,
B49F0555,001,26-12-2012,35,-11,-50,,,,,,
B49F0555,001,27-12-2012,37,-9,-52,,,,,,
B49F0555,001,28-12-2012,37,-9,-52,,,,,,
B49F0555,001,29-12-2012,43,-3,-58,,,,,,
B49F0555,001,30-12-2012,41,-5,-56,,,,,,
B49F0555,001,31-12-2012,46,0,-61,,,,,,
B49F0555,001,01-01-2013,39,-7,-54,,,,,,
B49F0555,001,02-01-2013,41,-5,-56,,,,,,
B49F0555,001,03-01-2013,42,-4,-57,,,,,,
B49F0555,001,04-01-2013,43,-3,-58,,,,,,
B49F0555,001,05-01-2013,43,-3,-58,,,,,,
B49F0555,001,06-01-2013,44,-2,-59,,,,,,
B49F0555,001,07-01-2013,45,-1,-60,,,,,,
B49F0555,001,08-01-2013,45,-1,-60,,,,,,
B49F0555,001,09-01-2013,46,0,-61,,,,,,
B49F0555,001,10-01-2013,45,-1,-60,,,,,,
B49F0555,001,11-01-2013,46,0,-61,,,,,,
B49F0555,001,12-01-2013,47,1,-62,,,,,,
B49F0555,001,13-01-2013,47,1,-62,,,,,,
B49F0555,001,14-01-2013,49,3,-64,,,,,,
B49F0555,001,15-01-2013,48,2,-63,,,,,,
B49F0555,001,16-01-2013,48,2,-63,,,,,,
B49F0555,001,17-01-2013,49,3,-64,,,,,,
B49F0555,001,18-01-2013,49,3,-64,,,,,,
B49F0555,001,19-01-2013,48,2,-63,,,,,,
B49F0555,001,20-01-2013,49,3,-64,,,,,,
B49F0555,001,21-01-2013,49,3,-64,,,,,,
B49F0555,001,22-01-2013,49,3,-64,,,,,,
B49F0555,001,23-01-2013,49,3,-64,,,,,,
B49F0555,001,24-01-2013,50,4,-65,,,,,,
B49F0555,001,25-01-2013,51,5,-66,,,,,,
B49F0555,001,26-01-2013,50,4,-65,,,,,,
B49F0555,001,27-01-2013,49,3,-64,,,,,,
B49F0555,001,28-01-2013,42,-4,-57,,,,,,
B49F0555,001,29-01-2013,42,-4,-57,,,,,,
B49F0555,001,30-01-2013,37,-9,-52,,,,,,
B49F0555,001,31-01-2013,36,-10,-51,,,,,,
B49F0555,001,01-02-2013,39,-7,-54,,,,,,
B49F0555,001,02-02-2013,36,-10,-51,,,,,,
B49F0555,001,03-02-2013,40,-6,-55,,,,,,
B49F0555,001,04-02-2013,41,-5,-56,,,,,,
B49F0555,001,05-02-2013,41,-5,-56,,,,,,
B49F0555,001,06-02-2013,39,-7,-54,,,,,,
B49F0555,001,07-02-2013,40,-6,-55,,,,,,
B49F0555,001,08-02-2013,40,-6,-55,,,,,,
B49F0555,001,09-02-2013,41,-5,-56,,,,,,
B49F0555,001,10-02-2013,41,-5,-56,,,,,,
B49F0555,001,11-02-2013,42,-4,-57,,,,,,
B49F0555,001,12-02-2013,44,-2,-59,,,,,,
B49F0555,001,13-02-2013,46,0,-61,,,,,,
B49F0555,001,14-02-2013,45,-1,-60,,,,,,
B49F0555,001,15-02-2013,42,-4,-57,,,,,,
B49F0555,001,16-02-2013,41,-5,-56,,,,,,
B49F0555,001,17-02-2013,42,-4,-57,,,,,,
B49F0555,001,18-02-2013,44,-2,-59,,,,,,
B49F0555,001,19-02-2013,45,-1,-60,,,,,,
B49F0555,001,20-02-2013,46,0,-61,,,,,,
B49F0555,001,21-02-2013,46,0,-61,,,,,,
B49F0555,001,22-02-2013,47,1,-62,,,,,,
B49F0555,001,23-02-2013,48,2,-63,,,,,,
B49F0555,001,24-02-2013,48,2,-63,,,,,,
B49F0555,001,25-02-2013,48,2,-63,,,,,,
B49F0555,001,26-02-2013,47,1,-62,,,,,,
B49F0555,001,27-02-2013,47,1,-62,,,,,,
B49F0555,001,28-02-2013,47,1,-62,,,,,,
B49F0555,001,01-03-2013,48,2,-63,,,,,,
B49F0555,001,02-03-2013,48,2,-63,,,,,,
B49F0555,001,03-03-2013,48,2,-63,,,,,,
B49F0555,001,04-03-2013,48,2,-63,,,,,,
B49F0555,001,05-03-2013,48,2,-63,,,,,,
B49F0555,001,06-03-2013,49,3,-64,,,,,,
B49F0555,001,07-03-2013,49,3,-64,,,,,,
B49F0555,001,08-03-2013,49,3,-64,,,,,,
B49F0555,001,09-03-2013,47,1,-62,,,,,,
B49F0555,001,10-03-2013,42,-4,-57,,,,,,
B49F0555,001,11-03-2013,44,-2,-59,,,,,,
B49F0555,001,12-03-2013,45,-1,-60,,,,,,
B49F0555,001,13-03-2013,47,1,-62,,,,,,
B49F0555,001,14-03-2013,48,2,-63,,,,,,
B49F0555,001,15-03-2013,48,2,-63,,,,,,
B49F0555,001,16-03-2013,48,2,-63,,,,,,
B49F0555,001,17-03-2013,48,2,-63,,,,,,
B49F0555,001,18-03-2013,47,1,-62,,,,,,
B49F0555,001,19-03-2013,48,2,-63,,,,,,
B49F0555,001,20-03-2013,48,2,-63,,,,,,
B49F0555,001,21-03-2013,49,3,-64,,,,,,
B49F0555,001,22-03-2013,51,5,-66,,,,,,
B49F0555,001,23-03-2013,52,6,-67,,,,,,
B49F0555,001,24-03-2013,54,8,-69,,,,,,
B49F0555,001,25-03-2013,55,9,-70,,,,,,
B49F0555,001,26-03-2013,57,11,-72,,,,,,
B49F0555,001,27-03-2013,58,12,-73,,,,,,
B49F0555,001,28-03-2013,59,13,-74,,,,,,
B49F0555,001,29-03-2013,60,14,-75,,,,,,
B49F0555,001,30-03-2013,60,14,-75,,,,,,
B49F0555,001,31-03-2013,62,16,-77,,,,,,
B49F0555,001,01-04-2013,62,16,-77,,,,,,
B49F0555,001,02-04-2013,64,18,-79,,,,,,
B49F0555,001,03-04-2013,66,20,-81,,,,,,
B49F0555,001,04-04-2013,66,20,-81,,,,,,
B49F0555,001,05-04-2013,64,18,-79,,,,,,
B49F0555,001,06-04-2013,64,18,-79,,,,,,
B49F0555,001,07-04-2013,67,21,-82,,,,,,
B49F0555,001,08-04-2013,64,18,-79,,,,,,
B49F0555,001,09-04-2013,64,18,-79,,,,,,
B49F0555,001,10-04-2013,59,13,-74,,,,,,
B49F0555,001,11-04-2013,53,7,-68,,,,,,
B49F0555,001,12-04-2013,54,8,-69,,,,,,
B49F0555,001,13-04-2013,54,8,-69,,,,,,
B49F0555,001,14-04-2013,54,8,-69,,,,,,
B49F0555,001,15-04-2013,57,11,-72,,,,,,
B49F0555,001,16-04-2013,54,8,-69,,,,,,
B49F0555,001,17-04-2013,55,9,-70,,,,,,
B49F0555,001,18-04-2013,58,12,-73,,,,,,
B49F0555,001,19-04-2013,61,15,-76,,,,,,
B49F0555,001,20-04-2013,60,14,-75,,,,,,
B49F0555,001,21-04-2013,62,16,-77,,,,,,
B49F0555,001,22-04-2013,63,17,-78,,,,,,
B49F0555,001,23-04-2013,63,17,-78,,,,,,
B49F0555,001,24-04-2013,63,17,-78,,,,,,
B49F0555,001,25-04-2013,63,17,-78,,,,,,
B49F0555,001,26-04-2013,61,15,-76,,,,,,
B49F0555,001,27-04-2013,49,3,-64,,,,,,
B49F0555,001,28-04-2013,51,5,-66,,,,,,
B49F0555,001,29-04-2013,51,5,-66,,,,,,
B49F0555,001,30-04-2013,52,6,-67,,,,,,
B49F0555,001,01-05-2013,53,7,-68,,,,,,
B49F0555,001,02-05-2013,56,10,-71,,,,,,
B49F0555,001,03-05-2013,54,8,-69,,,,,,
B49F0555,001,04-05-2013,55,9,-70,,,,,,
B49F0555,001,05-05-2013,56,10,-71,,,,,,
B49F0555,001,06-05-2013,56,10,-71,,,,,,
B49F0555,001,07-05-2013,57,11,-72,,,,,,
B49F0555,001,08-05-2013,57,11,-72,,,,,,
B49F0555,001,09-05-2013,55,9,-70,,,,,,
B49F0555,001,10-05-2013,59,13,-74,,,,,,
B49F0555,001,11-05-2013,59,13,-74,,,,,,
B49F0555,001,12-05-2013,47,1,-62,,,,,,
B49F0555,001,13-05-2013,46,0,-61,,,,,,
B49F0555,001,14-05-2013,46,0,-61,,,,,,
B49F0555,001,15-05-2013,52,6,-67,,,,,,
B49F0555,001,16-05-2013,56,10,-71,,,,,,
B49F0555,001,17-05-2013,52,6,-67,,,,,,
B49F0555,001,18-05-2013,51,5,-66,,,,,,
B49F0555,001,19-05-2013,52,6,-67,,,,,,
B49F0555,001,20-05-2013,53,7,-68,,,,,,
B49F0555,001,21-05-2013,49,3,-64,,,,,,
B49F0555,001,22-05-2013,45,-1,-60,,,,,,
B49F0555,001,23-05-2013,46,0,-61,,,,,,
B49F0555,001,24-05-2013,45,-1,-60,,,,,,
B49F0555,001,25-05-2013,46,0,-61,,,,,,
B49F0555,001,26-05-2013,44,-2,-59,,,,,,
B49F0555,001,27-05-2013,45,-1,-60,,,,,,
B49F0555,001,28-05-2013,46,0,-61,,,,,,
B49F0555,001,29-05-2013,47,1,-62,,,,,,
B49F0555,001,30-05-2013,46,0,-61,,,,,,
B49F0555,001,31-05-2013,47,1,-62,,,,,,
B49F0555,001,01-06-2013,48,2,-63,,,,,,
B49F0555,001,02-06-2013,49,3,-64,,,,,,
B49F0555,001,03-06-2013,49,3,-64,,,,,,
B49F0555,001,04-06-2013,50,4,-65,,,,,,
B49F0555,001,05-06-2013,51,5,-66,,,,,,
B49F0555,001,06-06-2013,52,6,-67,,,,,,
B49F0555,001,07-06-2013,51,5,-66,,,,,,
B49F0555,001,08-06-2013,50,4,-65,,,,,,
B49F0555,001,09-06-2013,51,5,-66,,,,,,
B49F0555,001,10-06-2013,57,11,-72,,,,,,
B49F0555,001,11-06-2013,58,12,-73,,,,,,
B49F0555,001,12-06-2013,59,13,-74,,,,,,
B49F0555,001,13-06-2013,54,8,-69,,,,,,
B49F0555,001,14-06-2013,55,9,-70,,,,,,
B49F0555,001,15-06-2013,58,12,-73,,,,,,
B49F0555,001,16-06-2013,63,17,-78,,,,,,
B49F0555,001,17-06-2013,63,17,-78,,,,,,
B49F0555,001,18-06-2013,65,19,-80,,,,,,
B49F0555,001,19-06-2013,66,20,-81,,,,,,
B49F0555,001,20-06-2013,67,21,-82,,,,,,
B49F0555,001,21-06-2013,66,20,-81,,,,,,
B49F0555,001,22-06-2013,63,17,-78,,,,,,
B49F0555,001,23-06-2013,58,12,-73,,,,,,
B49F0555,001,24-06-2013,52,6,-67,,,,,,
B49F0555,001,25-06-2013,53,7,-68,,,,,,
B49F0555,001,26-06-2013,55,9,-70,,,,,,
B49F0555,001,27-06-2013,53,7,-68,,,,,,
B49F0555,001,28-06-2013,55,9,-70,,,,,,
B49F0555,001,29-06-2013,53,7,-68,,,,,,
B49F0555,001,30-06-2013,55,9,-70,,,,,,
B49F0555,001,01-07-2013,58,12,-73,,,,,,
B49F0555,001,02-07-2013,60,14,-75,,,,,,
B49F0555,001,03-07-2013,52,6,-67,,,,,,
B49F0555,001,04-07-2013,52,6,-67,,,,,,
B49F0555,001,05-07-2013,54,8,-69,,,,,,
B49F0555,001,06-07-2013,55,9,-70,,,,,,
B49F0555,001,07-07-2013,58,12,-73,,,,,,
B49F0555,001,08-07-2013,63,17,-78,,,,,,
B49F0555,001,09-07-2013,67,21,-82,,,,,,
B49F0555,001,10-07-2013,70,24,-85,,,,,,
B49F0555,001,11-07-2013,73,27,-88,,,,,,
B49F0555,001,12-07-2013,72,26,-87,,,,,,
B49F0555,001,13-07-2013,71,25,-86,,,,,,
B49F0555,001,14-07-2013,75,29,-90,,,,,,
B49F0555,001,15-07-2013,75,29,-90,,,,,,
B49F0555,001,16-07-2013,76,30,-91,,,,,,
B49F0555,001,17-07-2013,76,30,-91,,,,,,
B49F0555,001,18-07-2013,78,32,-93,,,,,,
B49F0555,001,19-07-2013,80,34,-95,,,,,,
B49F0555,001,20-07-2013,82,36,-97,,,,,,
B49F0555,001,21-07-2013,80,34,-95,,,,,,
B49F0555,001,22-07-2013,83,37,-98,,,,,,
B49F0555,001,23-07-2013,85,39,-100,,,,,,
B49F0555,001,24-07-2013,86,40,-101,,,,,,
B49F0555,001,25-07-2013,83,37,-98,,,,,,
B49F0555,001,26-07-2013,85,39,-100,,,,,,
B49F0555,001,27-07-2013,81,35,-96,,,,,,
B49F0555,001,28-07-2013,56,10,-71,,,,,,
B49F0555,001,29-07-2013,60,14,-75,,,,,,
B49F0555,001,30-07-2013,64,18,-79,,,,,,
B49F0555,001,31-07-2013,61,15,-76,,,,,,
B49F0555,001,01-08-2013,65,19,-80,,,,,,
B49F0555,001,02-08-2013,68,22,-83,,,,,,
B49F0555,001,03-08-2013,72,26,-87,,,,,,
B49F0555,001,04-08-2013,74,28,-89,,,,,,
B49F0555,001,05-08-2013,77,31,-92,,,,,,
B49F0555,001,06-08-2013,76,30,-91,,,,,,
B49F0555,001,07-08-2013,78,32,-93,,,,,,
B49F0555,001,08-08-2013,65,19,-80,,,,,,
B49F0555,001,09-08-2013,70,24,-85,,,,,,
B49F0555,001,10-08-2013,72,26,-87,,,,,,
B49F0555,001,11-08-2013,74,28,-89,,,,,,
B49F0555,001,12-08-2013,76,30,-91,,,,,,
B49F0555,001,13-08-2013,77,31,-92,,,,,,
B49F0555,001,14-08-2013,79,33,-94,,,,,,
B49F0555,001,15-08-2013,80,34,-95,,,,,,
B49F0555,001,16-08-2013,79,33,-94,,,,,,
B49F0555,001,17-08-2013,79,33,-94,,,,,,
B49F0555,001,18-08-2013,71,25,-86,,,,,,
B49F0555,001,19-08-2013,70,24,-85,,,,,,
B49F0555,001,20-08-2013,74,28,-89,,,,,,
B49F0555,001,21-08-2013,76,30,-91,,,,,,
B49F0555,001,22-08-2013,79,33,-94,,,,,,
B49F0555,001,23-08-2013,72,26,-87,,,,,,
B49F0555,001,24-08-2013,77,31,-92,,,,,,
B49F0555,001,25-08-2013,72,26,-87,,,,,,
B49F0555,001,26-08-2013,74,28,-89,,,,,,
B49F0555,001,27-08-2013,79,33,-94,,,,,,
B49F0555,001,28-08-2013,82,36,-97,,,,,,
B49F0555,001,29-08-2013,83,37,-98,,,,,,
B49F0555,001,30-08-2013,85,39,-100,,,,,,
B49F0555,001,31-08-2013,83,37,-98,,,,,,
B49F0555,001,01-09-2013,86,40,-101,,,,,,
B49F0555,001,02-09-2013,85,39,-100,,,,,,
B49F0555,001,03-09-2013,86,40,-101,,,,,,
B49F0555,001,04-09-2013,85,39,-100,,,,,,
B49F0555,001,05-09-2013,87,41,-102,,,,,,
B49F0555,001,06-09-2013,89,43,-104,,,,,,
B49F0555,001,07-09-2013,84,38,-99,,,,,,
B49F0555,001,08-09-2013,82,36,-97,,,,,,
B49F0555,001,09-09-2013,72,26,-87,,,,,,
B49F0555,001,10-09-2013,65,19,-80,,,,,,
B49F0555,001,11-09-2013,61,15,-76,,,,,,
B49F0555,001,12-09-2013,65,19,-80,,,,,,
B49F0555,001,13-09-2013,66,20,-81,,,,,,
B49F0555,001,14-09-2013,61,15,-76,,,,,,
B49F0555,001,15-09-2013,64,18,-79,,,,,,
B49F0555,001,16-09-2013,62,16,-77,,,,,,
B49F0555,001,17-09-2013,64,18,-79,,,,,,
B49F0555,001,18-09-2013,58,12,-73,,,,,,
B49F0555,001,19-09-2013,60,14,-75,,,,,,
B49F0555,001,20-09-2013,61,15,-76,,,,,,
B49F0555,001,21-09-2013,63,17,-78,,,,,,
B49F0555,001,22-09-2013,64,18,-79,,,,,,
B49F0555,001,23-09-2013,65,19,-80,,,,,,
B49F0555,001,24-09-2013,65,19,-80,,,,,,
B49F0555,001,25-09-2013,63,17,-78,,,,,,
B49F0555,001,26-09-2013,65,19,-80,,,,,,
B49F0555,001,27-09-2013,71,25,-86,,,,,,
B49F0555,001,28-09-2013,72,26,-87,,,,,,
B49F0555,001,29-09-2013,74,28,-89,,,,,,
B49F0555,001,30-09-2013,76,30,-91,,,,,,
B49F0555,001,01-10-2013,77,31,-92,,,,,,
B49F0555,001,02-10-2013,78,32,-93,,,,,,
B49F0555,001,03-10-2013,79,33,-94,,,,,,
B49F0555,001,04-10-2013,71,25,-86,,,,,,
B49F0555,001,05-10-2013,75,29,-90,,,,,,
B49F0555,001,06-10-2013,77,31,-92,,,,,,
B49F0555,001,07-10-2013,79,33,-94,,,,,,
B49F0555,001,08-10-2013,78,32,-93,,,,,,
B49F0555,001,09-10-2013,78,32,-93,,,,,,
B49F0555,001,10-10-2013,69,23,-84,,,,,,
B49F0555,001,11-10-2013,72,26,-87,,,,,,
B49F0555,001,12-10-2013,63,17,-78,,,,,,
B49F0555,001,13-10-2013,57,11,-72,,,,,,
B49F0555,001,14-10-2013,46,0,-61,,,,,,
B49F0555,001,15-10-2013,47,1,-62,,,,,,
B49F0555,001,16-10-2013,47,1,-62,,,,,,
B49F0555,001,17-10-2013,49,3,-64,,,,,,
B49F0555,001,18-10-2013,50,4,-65,,,,,,
B49F0555,001,19-10-2013,51,5,-66,,,,,,
B49F0555,001,20-10-2013,47,1,-62,,,,,,
B49F0555,001,21-10-2013,48,2,-63,,,,,,
B49F0555,001,22-10-2013,52,6,-67,,,,,,
B49F0555,001,23-10-2013,53,7,-68,,,,,,
B49F0555,001,24-10-2013,55,9,-70,,,,,,
B49F0555,001,25-10-2013,56,10,-71,,,,,,
B49F0555,001,26-10-2013,56,10,-71,,,,,,
B49F0555,001,27-10-2013,57,11,-72,,,,,,
B49F0555,001,28-10-2013,56,10,-71,,,,,,
B49F0555,001,29-10-2013,52,6,-67,,,,,,
B49F0555,001,30-10-2013,51,5,-66,,,,,,
