Date,Head
1980-01-15,78.91
1980-01-31,78.87
1980-02-15,78.84
1980-02-29,78.84
1980-03-15,78.81
1980-03-31,78.8
1980-04-15,78.9
1980-04-30,78.91
1980-05-15,78.91
1980-05-31,78.87
1980-06-15,78.82
1980-06-30,78.83
1980-07-15,78.74
1980-07-31,78.69
1980-08-15,78.67
1980-08-31,78.69
1980-09-15,78.72
1980-09-30,78.75
1980-10-15,78.74
1980-10-31,78.9
1980-11-30,78.99
1980-12-15,79.03
1980-12-31,79.06
1981-01-15,79.07
1981-01-31,79.03
1981-02-15,78.99
1981-02-28,78.96
1981-03-15,78.9
1981-03-31,78.98
1981-04-15,79.13
1981-04-30,79.05
1981-05-15,79.08
1981-05-30,79.05
1981-06-15,79.04
1981-06-30,79.03
1981-07-15,78.96
1981-07-31,78.93
1981-08-15,79.02
1981-08-31,78.97
1981-09-15,78.91
1981-09-30,78.86
1981-10-15,78.88
1981-11-04,78.93
1981-11-16,78.94
1981-11-30,79.01
1981-12-16,79.0
1982-01-02,78.95
1982-01-16,78.94
1982-02-01,78.94
1982-02-16,78.93
1982-02-28,78.91
1982-03-15,78.89
1982-04-01,79.05
1982-04-15,79.21
1982-05-01,79.28
1982-05-16,79.28
1982-06-01,79.2
1982-06-17,79.12
1982-07-01,79.02
1982-07-16,78.91
1982-08-02,78.78
1982-08-16,78.79
1982-09-01,78.75
1982-09-15,78.72
1982-09-30,78.66
1982-10-16,78.6
1982-11-02,78.61
1982-11-15,78.59
1982-11-30,78.76
1982-12-15,78.82
1982-12-31,78.81
1983-01-15,78.87
1983-01-31,78.87
1983-02-15,78.86
1983-03-02,78.86
1983-03-16,78.89
1983-03-31,78.88
1983-04-16,78.98
1983-05-01,79.03
1983-05-15,78.99
1983-05-30,78.96
1983-06-15,78.86
1983-06-30,78.81
1983-07-16,78.82
1983-08-02,78.73
1983-08-15,78.66
1983-08-31,78.55
1983-09-15,78.63
1983-09-30,78.9
1983-10-15,78.96
1983-10-31,78.88
1983-11-15,78.82
1983-12-01,78.87
1983-12-15,78.83
1984-01-03,78.91
1984-01-15,78.89
1984-01-31,78.82
1984-02-15,78.81
1984-02-29,78.76
1984-03-15,78.75
1984-03-31,78.72
1984-04-15,78.96
1984-04-30,79.01
1984-05-15,78.94
1984-05-31,78.9
1984-06-15,78.88
1984-06-30,78.91
1984-07-15,78.85
1984-07-31,78.81
1984-08-14,78.74
1984-08-31,78.66
1984-09-15,78.59
1984-09-30,78.78
1984-10-15,78.8
1984-10-29,78.93
1984-11-15,78.97
1984-12-15,78.6
1984-12-31,78.68
1985-01-14,78.96
1985-01-31,78.93
1985-02-14,78.9
1985-02-28,78.86
1985-03-15,78.86
1985-04-02,78.86
1985-04-15,78.91
1985-05-01,78.95
1985-05-15,79.18
1985-05-31,79.14
1985-06-15,79.04
1985-06-30,79.06
1985-07-15,79.01
1985-07-29,78.97
1985-08-15,79.03
1985-09-01,78.98
1985-09-15,78.91
1985-09-30,78.82
1985-10-14,78.9
1985-10-28,78.87
1985-11-16,78.86
1985-11-30,78.83
1985-12-15,78.84
1985-12-31,78.82
1986-01-15,78.79
1986-01-30,78.91
1986-02-15,78.84
1986-03-01,78.79
1986-03-16,78.81
1986-03-31,78.96
1986-04-16,78.91
1986-05-01,79.08
1986-05-16,79.07
1986-05-31,79.02
1986-06-15,78.99
1986-06-30,78.95
1986-07-14,78.83
1986-08-01,78.79
1986-08-14,78.74
1986-09-01,79.15
1986-09-14,79.19
1986-10-01,79.1
1986-10-15,79.11
1986-11-01,79.04
1986-11-14,79.02
1986-12-01,79.06
1986-12-15,79.1
1987-01-01,78.98
1987-01-15,78.88
1987-02-15,78.81
1987-02-28,78.84
1987-03-15,78.81
1987-03-30,78.96
1987-04-14,78.91
1987-05-03,78.98
1987-05-15,79.01
1987-05-31,78.99
1987-06-15,79.01
1987-07-01,78.93
1987-07-14,78.87
1987-07-31,78.89
1987-08-14,78.92
1987-08-31,78.96
1987-09-14,78.86
1987-09-30,78.84
1987-10-15,78.81
1987-11-01,78.82
1987-11-14,78.85
1987-11-28,78.91
1987-12-14,78.83
1987-12-31,78.91
1988-01-15,78.82
1988-01-31,78.83
1988-02-15,78.86
1988-03-01,78.89
1988-03-14,78.93
1988-03-31,79.0
1988-04-14,79.03
1988-06-01,79.21
1988-06-15,79.03
1988-07-05,78.97
1988-07-13,78.92
1988-07-31,78.86
1988-08-15,78.83
1988-08-30,78.85
1988-09-15,78.81
1988-09-30,78.79
1988-10-15,78.61
1988-10-31,78.65
1988-11-15,78.65
1988-12-01,78.63
1988-12-14,78.61
1988-12-31,78.61
1989-01-15,78.77
1989-01-31,78.69
1989-02-14,78.67
1989-03-01,78.77
1989-03-15,78.81
1989-04-01,78.83
1989-04-15,78.77
1989-04-30,78.81
1989-05-15,78.73
1989-06-15,78.62
1989-07-01,78.77
1989-07-15,78.71
1989-07-31,78.64
1989-08-14,78.64
1989-09-04,78.62
1989-09-14,78.58
1989-10-01,78.52
1989-10-15,78.48
1989-11-01,78.52
1989-11-14,78.57
1989-11-30,78.58
1989-12-14,78.53
1990-01-01,78.49
1990-01-15,78.52
1990-01-30,78.61
1990-02-15,78.71
1990-03-15,78.85
1990-03-31,78.98
1990-04-15,79.02
1990-04-30,78.99
1990-05-15,78.94
1990-05-30,78.91
1990-06-15,78.83
1990-06-30,78.79
1990-07-15,78.76
1990-08-01,78.74
1990-08-14,78.66
1990-08-15,78.66
1990-09-01,78.59
1990-09-15,78.59
1990-10-01,78.65
1990-10-15,78.81
1990-11-02,78.67
1990-11-15,78.77
1990-12-15,78.8
1991-01-02,78.82
1991-01-15,78.86
1991-01-16,78.86
1991-01-31,78.79
1991-02-15,78.85
1991-03-01,78.81
1991-03-15,78.8
1991-04-01,78.93
1991-04-14,78.94
1991-05-02,78.81
1991-05-15,78.85
1991-06-15,78.91
1991-06-30,78.91
1991-07-14,78.87
1991-08-01,78.81
1991-08-15,78.76
1991-09-15,78.65
1991-10-01,78.67
1991-10-15,78.61
1991-11-01,78.59
1991-11-15,78.65
1991-12-03,78.61
1991-12-14,78.67
1992-01-01,78.71
1992-01-15,78.64
1992-02-01,78.6
1992-02-15,78.58
1992-03-02,78.53
1992-03-15,78.68
1992-03-31,78.63
1992-04-14,78.73
1992-04-30,78.77
1992-05-16,78.89
1992-06-14,78.81
1992-06-30,78.73
1992-07-15,78.75
1992-08-01,78.78
1992-08-15,78.77
1992-09-01,78.82
1992-09-14,78.8
1992-09-15,78.8
1992-10-01,78.77
1992-10-14,78.74
1992-11-01,78.86
1992-11-15,78.89
1992-11-30,78.93
1992-12-13,78.99
1993-01-04,78.96
1993-01-15,78.94
1993-02-01,78.95
1993-02-12,78.96
1993-02-28,78.93
1993-03-15,78.96
1993-04-01,78.89
1993-04-15,78.87
1993-05-02,78.83
1993-05-15,78.8
1993-06-01,78.75
1993-06-16,78.66
1993-07-01,78.62
1993-07-14,78.58
1993-07-30,78.47
1993-08-15,78.51
1993-08-31,78.65
1993-09-15,78.71
1993-09-30,78.66
1993-10-15,78.73
1993-11-01,78.81
1993-11-15,78.77
1993-12-01,78.79
1993-12-14,78.81
1994-01-02,78.78
1994-01-14,78.83
1994-02-02,78.85
1994-02-15,78.81
1994-02-28,78.77
1994-03-14,78.88
1994-03-31,78.95
1994-04-15,78.98
1994-05-02,78.98
1994-05-13,78.94
1994-06-02,78.78
1994-06-15,78.81
1994-07-02,78.78
1994-07-14,78.75
1994-07-31,78.66
1994-08-15,78.56
1994-08-16,78.56
1994-09-05,78.52
1994-09-15,78.54
1994-09-30,78.67
1994-10-15,78.8
1994-11-02,78.82
1994-11-15,78.85
1994-12-01,78.82
1994-12-14,78.84
1994-12-15,78.84
1995-01-02,78.85
1995-01-15,78.81
1995-02-01,78.84
1995-02-15,78.87
1995-03-01,78.9
1995-03-15,78.88
1995-04-01,78.94
1995-04-15,78.99
1995-05-01,79.05
1995-05-15,79.07
1995-06-15,79.11
1995-07-01,79.04
1995-07-15,79.01
1995-08-02,78.97
1995-08-16,78.91
1995-09-01,78.73
1995-09-15,78.71
1995-09-30,78.69
1995-10-15,78.65
1995-11-02,78.62
1995-11-15,78.64
1995-12-02,78.61
1995-12-12,78.58
1996-01-03,78.54
1996-01-15,78.49
1996-02-02,78.41
1996-02-14,78.43
1996-02-15,78.43
1996-03-02,78.4
1996-03-13,78.35
1996-03-31,78.25
1996-04-16,78.22
1996-04-28,78.35
1996-05-15,78.37
1996-06-01,78.36
1996-06-15,78.43
1996-07-01,78.41
1996-07-15,78.55
1996-07-31,78.49
1996-08-14,78.55
1996-08-31,78.59
1996-09-16,78.61
1996-10-01,78.57
1996-10-14,78.66
1996-10-30,78.68
1996-11-13,78.73
1996-12-01,78.74
1996-12-14,78.88
1997-01-01,78.86
1997-01-15,78.79
1997-01-31,78.96
1997-02-15,78.92
1997-03-15,78.91
1997-04-01,78.95
1997-04-14,78.88
1997-05-01,78.85
1997-05-13,78.94
1997-06-01,78.9
1997-06-15,78.84
1997-06-30,78.91
1997-07-15,78.78
1997-08-01,78.72
1997-08-17,78.63
1997-09-01,78.56
1997-09-15,78.61
1997-09-30,78.57
1997-10-15,78.67
1997-10-20,78.66
1997-11-01,78.64
1997-11-14,78.73
1997-11-29,78.68
1997-12-14,78.69
1998-01-01,78.73
1998-01-15,78.77
1998-01-31,78.96
1998-02-14,78.97
1998-02-28,79.02
1998-03-14,79.02
1998-03-30,79.01
1998-04-14,78.99
1998-05-01,79.0
1998-05-15,78.77
1998-06-01,78.89
1998-06-15,78.9
1998-07-01,78.83
1998-07-14,78.86
1998-07-30,78.91
1998-08-16,78.83
1998-09-01,78.82
1998-09-15,78.84
1998-10-01,78.82
1998-10-13,78.81
1998-11-01,78.86
1998-11-15,78.85
1998-12-02,78.83
1998-12-14,78.8
1998-12-15,78.8
1999-01-01,78.85
1999-01-14,78.91
1999-02-01,78.96
1999-02-14,79.01
1999-03-14,79.01
1999-04-01,79.06
1999-04-14,79.23
1999-05-02,79.24
1999-05-15,79.26
1999-06-01,79.2
1999-06-14,79.14
1999-06-15,79.14
1999-07-02,79.08
1999-07-15,78.96
1999-07-31,78.82
1999-08-15,78.89
1999-09-01,78.73
1999-09-15,78.64
1999-10-01,78.71
1999-10-15,78.71
1999-11-01,78.69
1999-11-15,78.65
1999-12-01,78.62
1999-12-14,78.57
2000-01-01,78.52
2000-01-16,78.47
2000-01-31,78.62
2000-02-14,78.82
2000-02-15,78.82
2000-02-29,78.84
2000-03-15,78.82
2000-03-31,78.87
2000-04-16,78.89
2000-04-30,78.91
2000-05-15,78.86
2000-05-31,78.85
2000-06-15,78.79
2000-07-14,78.72
2000-08-01,78.87
2000-08-15,78.83
2000-09-01,78.76
2000-09-15,78.72
2000-09-30,78.68
2000-10-15,78.71
2000-11-01,78.83
2000-11-15,78.89
2000-12-01,78.93
2000-12-15,79.06
2000-12-31,79.11
2001-01-15,79.04
2001-01-31,79.07
2001-02-15,79.1
2001-02-27,79.05
2001-03-15,79.11
2001-04-01,79.04
2001-04-15,79.02
2001-05-01,79.05
2001-05-15,79.01
2001-06-01,78.96
2001-06-15,78.92
2001-07-01,78.87
2001-07-15,78.84
2001-08-01,78.8
2001-08-15,78.77
2001-09-01,78.65
2001-09-15,78.62
2001-10-01,78.62
2001-10-14,78.65
2001-10-15,78.65
2001-10-31,78.64
2001-11-15,78.68
2001-12-01,78.66
2001-12-15,78.69
2001-12-30,78.65
2002-01-15,78.67
2002-01-31,78.72
2002-02-15,78.93
2002-02-28,78.96
2002-03-15,78.98
2002-03-16,78.98
2002-04-14,79.16
2002-05-01,79.08
2002-05-14,79.02
2002-05-30,79.0
2002-06-15,78.95
2002-06-16,78.95
2002-07-01,79.01
2002-07-14,78.91
2002-07-15,78.91
2002-08-01,79.01
2002-08-15,78.86
2002-08-30,78.8
2002-09-15,78.66
2002-10-01,78.61
2002-10-15,78.54
2002-11-01,78.5
2002-11-15,78.55
2002-12-01,78.58
2002-12-16,78.54
2002-12-30,78.61
2003-01-15,78.59
2003-01-31,78.69
2003-02-14,78.65
2003-03-01,78.65
2003-03-15,78.67
2003-03-31,78.74
2003-04-15,78.75
2003-05-01,78.79
2003-05-14,78.84
2003-06-01,78.85
2003-06-15,78.86
2003-06-30,78.8
2003-07-15,78.75
2003-07-29,78.69
2003-08-14,78.63
2003-08-30,78.63
2003-09-15,78.61
2003-09-30,78.53
2003-10-31,78.56
2003-11-15,78.61
2003-11-30,78.7
2003-12-13,78.76
2004-01-01,78.73
2004-01-14,78.88
2004-01-30,78.84
2004-02-15,78.88
2004-02-29,78.88
2004-03-13,78.88
2004-03-31,79.0
2004-04-15,79.03
2004-04-30,79.02
2004-05-15,78.93
2004-05-31,78.91
2004-06-15,78.94
2004-06-30,78.91
2004-07-15,78.89
2004-08-01,78.87
2004-08-15,78.76
2004-08-31,78.72
2004-09-15,78.67
2004-10-01,78.64
2004-10-15,78.62
2004-11-01,78.58
2004-11-15,78.54
2004-11-30,78.51
2004-12-15,78.61
2005-01-01,78.64
2005-01-15,78.71
2005-01-30,78.74
2005-02-14,78.71
2005-02-28,78.78
2005-03-15,78.76
2005-03-31,78.81
2005-04-14,78.83
2005-05-01,78.81
2005-05-15,78.76
2005-06-14,78.84
2005-07-01,78.76
2005-07-15,78.68
2005-08-01,78.71
2005-08-15,78.81
2005-08-31,78.78
2005-09-14,78.79
2005-10-01,78.71
2005-10-15,78.61
2005-10-30,78.55
2005-11-14,78.71
2005-11-28,78.72
2005-12-12,78.75
2005-12-30,78.7
2006-01-15,78.69
2006-01-29,78.66
2006-02-15,78.66
2006-02-26,78.63
2006-03-13,78.63
2006-03-31,78.59
2006-04-15,78.72
2006-04-30,78.97
2006-05-15,79.02
2006-05-28,78.99
2006-06-12,79.0
2006-07-01,78.87
2006-07-15,78.85
2006-08-01,78.91
2006-08-13,78.68
2006-08-29,78.69
2006-09-18,78.62
2006-09-30,78.57
2006-10-15,78.52
2006-10-30,78.7
2006-11-13,78.8
2006-11-26,78.92
2006-12-12,78.91
2006-12-27,78.92
2007-01-14,78.87
2007-01-28,78.92
2007-02-17,78.69
2007-02-24,78.73
2007-03-13,78.95
2007-03-25,79.0
2007-04-07,78.97
2007-04-30,78.92
2007-05-13,78.87
2007-06-02,78.95
2007-06-15,78.97
2007-07-04,78.79
2007-07-16,78.79
2007-08-03,78.67
2007-08-16,78.63
2007-09-02,78.57
2007-09-16,78.56
2007-10-01,78.57
2007-10-15,78.47
2007-10-29,78.43
2007-11-13,78.49
2007-12-01,78.47
2007-12-09,78.59
2007-12-31,78.52
2008-01-13,78.82
2008-01-31,78.85
2008-02-16,78.92
2008-03-02,78.89
2008-03-15,78.95
2008-04-01,78.94
2008-04-12,78.97
2008-04-28,78.95
2008-05-16,78.89
2008-06-01,78.88
2008-06-14,78.8
2008-07-14,78.68
2008-07-31,78.5
2008-08-15,78.56
2008-08-30,78.66
2008-09-13,78.65
2008-09-28,78.7
2008-11-01,78.73
2008-11-15,78.82
2008-11-30,78.84
2008-12-07,78.97
2009-01-04,79.02
2009-01-15,79.03
2009-01-31,78.99
2009-02-15,78.95
2009-03-01,78.87
2009-03-31,79.03
2009-04-17,78.97
2009-05-01,78.95
2009-05-30,78.85
2009-06-14,78.87
2009-07-12,79.06
2009-08-15,79.09
2009-09-20,79.02
2009-10-03,78.93
2009-10-17,78.88
2009-11-01,78.91
2009-11-13,78.83
2009-11-30,78.84
2009-12-13,78.81
2010-01-08,78.83
2010-01-30,78.73
2010-04-13,78.92
2010-05-15,79.08
2010-06-06,79.12
2010-07-17,78.89
2010-07-31,78.92
2010-08-16,78.87
2010-10-02,78.65
2010-10-31,78.7
2010-12-05,78.76
2011-01-07,78.73
2011-04-16,78.98
2011-05-15,79.01
2011-06-07,78.97
2011-06-19,78.93
2011-07-31,78.73
2011-08-20,78.69
2011-09-04,78.65
2011-10-01,78.61
2011-11-04,78.63
2011-12-01,78.72
2012-01-01,78.87
2012-02-04,78.78
2012-02-28,78.98
2012-02-29,78.98
2012-03-01,78.98
2012-03-02,78.98
2012-03-03,78.98
2012-03-04,78.98
2012-03-05,78.98
2012-03-06,78.98
2012-03-07,78.98
2012-03-08,78.98
2012-03-09,78.98
2012-03-10,78.98
2012-03-11,78.98
2012-03-12,78.98
2012-03-13,78.98
2012-03-14,78.98
2012-03-15,78.98
2012-03-16,78.98
2012-03-17,78.98
2012-03-18,78.98
2012-03-19,78.98
2012-03-20,78.97
2012-03-21,78.96
2012-03-22,78.96
2012-03-23,78.96
2012-03-24,78.96
2012-03-25,78.96
2012-03-26,78.96
2012-03-27,78.96
2012-03-28,78.96
2012-03-29,78.97
2012-03-30,78.96
2012-03-31,78.96
2012-04-01,78.96
2012-04-02,78.95
2012-04-03,78.94
2012-04-04,78.94
2012-04-05,78.94
2012-04-06,78.94
2012-04-07,78.94
2012-04-08,78.93
2012-04-09,78.93
2012-04-10,78.93
2012-04-11,78.93
2012-04-12,78.93
2012-04-13,78.93
2012-04-14,78.93
2012-04-15,78.93
2012-04-16,78.92
2012-04-17,78.92
2012-04-18,78.92
2012-04-19,78.92
2012-04-20,78.92
2012-04-21,78.92
2012-04-22,78.93
2012-04-23,78.94
2012-04-24,78.94
2012-04-25,78.94
2012-04-26,78.94
2012-04-27,78.94
2012-04-28,78.93
2012-04-29,78.93
2012-04-30,78.92
2012-05-01,78.92
2012-05-02,78.92
2012-05-03,78.91
2012-05-04,78.92
2012-05-05,78.91
2012-05-06,78.91
2012-05-07,78.9
2012-05-08,78.9
2012-05-09,78.9
2012-05-10,78.9
2012-05-11,78.93
2012-05-12,78.95
2012-05-13,78.95
2012-05-14,78.96
2012-05-15,78.95
2012-05-16,78.94
2012-05-17,78.94
2012-05-18,78.94
2012-05-19,78.92
2012-05-20,78.92
2012-05-21,78.91
2012-05-22,78.91
2012-05-23,78.9
2012-05-24,78.9
2012-05-25,78.9
2012-05-26,78.89
2012-05-27,78.89
2012-05-28,78.89
2012-05-29,78.89
2012-05-30,78.88
2012-05-31,78.88
2012-06-01,78.88
2012-06-02,78.88
2012-06-03,78.89
2012-06-04,78.88
2012-06-05,78.88
2012-06-06,78.88
2012-06-07,78.91
2012-06-08,78.91
2012-06-09,78.9
2012-06-10,78.89
2012-06-11,78.89
2012-06-12,78.88
2012-06-13,78.88
2012-06-14,78.87
2012-06-15,78.87
2012-06-16,78.87
2012-06-17,78.87
2012-06-18,78.88
2012-06-19,78.88
2012-06-20,78.87
2012-06-21,78.87
2012-06-22,78.86
2012-06-23,78.86
2012-06-24,78.86
2012-06-25,78.86
2012-06-26,78.87
2012-06-27,78.88
2012-06-28,78.88
2012-06-29,78.88
2012-06-30,78.88
2012-07-01,78.9
2012-07-02,78.9
2012-07-03,78.89
2012-07-04,78.88
2012-07-05,78.87
2012-07-06,78.87
2012-07-07,78.86
2012-07-08,78.86
2012-07-09,78.86
2012-07-10,78.86
2012-07-11,78.88
2012-07-12,78.88
2012-07-13,78.89
2012-07-14,78.89
2012-07-15,78.89
2012-07-16,78.89
2012-07-17,78.89
2012-07-18,78.9
2012-07-19,78.91
2012-07-20,78.91
2012-07-21,78.91
2012-07-22,78.91
2012-07-23,78.9
2012-07-24,78.9
2012-07-25,78.9
2012-07-26,78.89
2012-07-27,78.88
2012-07-28,78.88
2012-07-29,78.88
2012-07-30,78.87
2012-07-31,78.87
2012-08-01,78.86
2012-08-02,78.86
2012-08-03,78.86
2012-08-04,78.85
2012-08-05,78.85
2012-08-06,78.85
2012-08-07,78.86
2012-08-08,78.88
2012-08-09,78.88
2012-08-10,78.88
2012-08-11,78.88
2012-08-12,78.88
2012-08-13,78.87
2012-08-14,78.87
2012-08-15,78.86
2012-08-16,78.86
2012-08-17,78.85
2012-08-18,78.85
2012-08-19,78.85
2012-08-20,78.85
2012-08-21,78.85
2012-08-22,78.85
2012-08-23,78.87
2012-08-24,78.89
2012-08-25,78.9
2012-08-26,78.9
2012-08-27,78.9
2012-08-28,78.9
2012-08-29,78.9
2012-08-30,78.9
2012-08-31,78.91
2012-09-01,78.93
2012-09-02,78.94
2012-09-03,78.94
2012-09-04,78.94
2012-09-05,78.94
2012-09-06,78.93
2012-09-07,78.94
2012-09-08,78.93
2012-09-09,78.93
2012-09-10,78.93
2012-09-11,78.93
2012-09-12,78.94
2012-09-13,78.94
2012-09-14,78.94
2012-09-15,78.94
2012-09-16,78.93
2012-09-17,78.93
2012-09-18,78.93
2012-09-19,78.93
2012-09-20,78.93
2012-09-21,78.92
2012-09-22,78.94
2012-09-23,78.95
2012-09-24,78.96
2012-09-25,78.96
2012-09-26,78.96
2012-09-27,78.98
2012-09-28,78.99
2012-09-29,79.0
2012-09-30,79.0
2012-10-01,79.0
2012-10-02,79.0
2012-10-03,79.0
2012-10-04,79.0
2012-10-05,79.0
2012-10-06,79.0
2012-10-07,79.0
2012-10-08,79.0
2012-10-09,79.0
2012-10-10,79.0
2012-10-11,79.0
2012-10-12,79.0
2012-10-13,79.0
2012-10-14,79.0
2012-10-15,79.01
2012-10-16,79.02
2012-10-17,79.03
2012-10-18,79.03
2012-10-19,79.04
2012-10-20,79.04
2012-10-21,79.04
2012-10-22,79.05
2012-10-23,79.05
2012-10-24,79.05
2012-10-25,79.05
2012-10-26,79.05
2012-10-27,79.05
2012-10-28,79.04
2012-10-29,79.05
2012-10-30,79.05
2012-10-31,79.05
2012-11-01,79.05
2012-11-02,79.05
2012-11-03,79.05
2012-11-04,79.05
2012-11-05,79.05
2012-11-06,79.05
2012-11-07,79.05
2012-11-08,79.05
2012-11-09,79.04
2012-11-10,79.05
2012-11-11,79.05
2012-11-12,79.04
2012-11-13,79.03
2012-11-14,79.04
2012-11-15,79.04
2012-11-16,79.05
2012-11-17,79.05
2012-11-18,79.05
2012-11-19,79.04
2012-11-20,79.04
2012-11-21,79.04
2012-11-22,79.04
2012-11-23,79.03
2012-11-24,79.03
2012-11-25,79.03
2012-11-26,79.03
2012-11-27,79.03
2012-11-28,79.03
2012-11-29,79.03
2012-11-30,79.04
2012-12-01,79.03
2012-12-02,79.03
2012-12-03,79.03
2012-12-04,79.03
2012-12-05,79.03
2012-12-06,79.02
2012-12-07,79.02
2012-12-08,79.01
2012-12-09,79.01
2012-12-10,79.01
2012-12-11,79.01
2012-12-12,79.01
2012-12-13,79.0
2012-12-14,79.0
2012-12-15,79.01
2012-12-16,79.0
2012-12-17,79.0
2012-12-18,78.99
2012-12-19,78.99
2012-12-20,78.99
2012-12-21,78.99
2012-12-22,78.99
2012-12-23,78.99
2012-12-24,78.99
2012-12-25,78.99
2012-12-26,78.99
2012-12-27,78.99
2012-12-28,78.98
2012-12-29,78.98
2012-12-30,78.99
2012-12-31,78.99
2013-01-01,79.0
2013-01-02,79.01
2013-01-03,79.01
2013-01-04,79.01
2013-01-05,79.0
2013-01-06,79.0
2013-01-07,79.0
2013-01-08,79.0
2013-01-09,79.0
2013-01-10,79.0
2013-01-11,78.99
2013-01-12,78.99
2013-01-13,78.98
2013-01-14,78.98
2013-01-15,78.98
2013-01-16,78.98
2013-01-17,78.97
2013-01-18,78.97
2013-01-19,78.98
2013-01-20,78.97
2013-01-21,78.97
2013-01-22,78.97
2013-01-23,78.97
2013-01-24,78.97
2013-01-25,78.96
2013-01-26,78.96
2013-01-27,78.96
2013-01-28,78.96
2013-01-29,78.96
2013-01-30,78.97
2013-01-31,78.96
2013-02-01,78.95
2013-02-02,78.95
2013-02-03,78.95
2013-02-04,78.95
2013-02-05,78.95
2013-02-06,78.94
2013-02-07,78.94
2013-02-08,78.93
2013-02-09,78.93
2013-02-10,78.93
2013-02-11,78.93
2013-02-12,78.92
2013-02-13,78.92
2013-02-14,78.92
2013-02-15,78.92
2013-02-16,78.92
2013-02-17,78.91
2013-02-18,78.91
2013-02-19,78.91
2013-02-20,78.91
2013-02-21,78.9
2013-02-22,78.9
2013-02-23,78.9
2013-02-24,78.9
2013-02-25,78.89
2013-02-26,78.89
2013-02-27,78.89
2013-02-28,78.89
2013-03-01,78.89
2013-03-02,78.89
2013-03-03,78.89
2013-03-04,78.88
2013-03-05,78.88
2013-03-06,78.88
2013-03-07,78.88
2013-03-08,78.87
2013-03-09,78.87
2013-03-10,78.87
2013-03-11,78.87
2013-03-12,78.87
2013-03-13,78.87
2013-03-14,78.87
2013-03-15,78.86
2013-03-16,78.86
2013-03-17,78.86
2013-03-18,78.86
2013-03-19,78.86
2013-03-20,78.86
2013-03-21,78.86
2013-03-22,78.86
2013-03-23,78.86
2013-03-24,78.86
2013-03-25,78.86
2013-03-26,78.86
2013-03-27,78.86
2013-03-28,78.86
2013-03-29,78.86
2013-03-30,78.86
2013-03-31,78.86
2013-04-01,78.86
2013-04-02,78.86
2013-04-03,78.86
2013-04-04,78.86
2013-04-05,78.87
2013-04-06,78.88
2013-04-07,78.88
2013-04-08,78.88
2013-04-09,78.88
2013-04-10,78.89
2013-04-11,78.89
2013-04-12,78.89
2013-04-13,78.9
2013-04-14,78.91
2013-04-15,78.93
2013-04-16,78.95
2013-04-17,78.98
2013-04-18,79.01
2013-04-19,79.04
2013-04-20,79.06
2013-04-21,79.07
2013-04-22,79.08
2013-04-23,79.09
2013-04-24,79.01
2013-04-25,78.94
2013-04-26,78.96
2013-04-27,78.96
2013-04-28,78.96
2013-04-29,78.96
2013-04-30,78.96
2013-05-01,78.95
2013-05-02,78.95
2013-05-03,78.95
2013-05-04,78.95
2013-05-05,78.94
2013-05-06,78.94
2013-05-07,78.94
2013-05-08,78.94
2013-05-09,78.95
2013-05-10,78.94
2013-05-11,78.94
2013-05-12,78.94
2013-05-13,78.94
2013-05-14,78.94
2013-05-15,78.94
2013-05-16,78.94
2013-05-17,78.93
2013-05-18,78.93
2013-05-19,78.93
2013-05-20,78.93
2013-05-21,78.94
2013-05-22,78.94
2013-05-23,78.93
2013-05-24,78.93
2013-05-25,78.93
2013-05-26,78.93
2013-05-27,78.93
2013-05-28,78.93
2013-05-29,78.93
2013-05-30,78.93
2013-05-31,78.93
2013-06-01,78.92
2013-06-02,78.92
2013-06-03,78.92
2013-06-04,78.92
2013-06-05,78.91
2013-06-06,78.91
2013-06-07,78.91
2013-06-08,78.91
2013-06-09,78.92
2013-06-10,78.92
2013-06-11,78.91
2013-06-12,78.91
2013-06-13,78.91
2013-06-14,78.91
2013-06-15,78.91
2013-06-16,78.91
2013-06-17,78.9
2013-06-18,78.9
2013-06-19,78.9
2013-06-20,78.89
2013-06-21,78.89
2013-06-22,78.89
2013-06-23,78.88
2013-06-24,78.88
2013-06-25,78.87
2013-06-26,78.87
2013-06-27,78.86
2013-06-28,78.86
2013-06-29,78.85
2013-06-30,78.85
2013-07-01,78.84
2013-07-02,78.84
2013-07-03,78.83
2013-07-04,78.83
2013-07-05,78.82
2013-07-06,78.81
2013-07-07,78.81
2013-07-08,78.8
2013-07-09,78.8
2013-07-10,78.79
2013-07-11,78.78
2013-07-12,78.78
2013-07-13,78.77
2013-07-14,78.77
2013-07-15,78.76
2013-07-16,78.76
2013-07-17,78.75
2013-07-18,78.74
2013-07-19,78.74
2013-07-20,78.73
2013-07-21,78.72
2013-07-22,78.71
2013-07-23,78.71
2013-07-24,78.7
2013-07-25,78.69
2013-07-26,78.69
2013-07-27,78.68
2013-07-28,78.67
2013-07-29,78.66
2013-07-30,78.66
2013-07-31,78.65
2013-08-01,78.65
2013-08-02,78.64
2013-08-03,78.64
2013-08-04,78.63
2013-08-05,78.63
2013-08-06,78.62
2013-08-07,78.62
2013-08-08,78.61
2013-08-09,78.6
2013-08-10,78.6
2013-08-11,78.59
2013-08-12,78.6
2013-08-13,78.59
2013-08-14,78.59
2013-08-15,78.58
2013-08-16,78.58
2013-08-17,78.57
2013-08-18,78.57
2013-08-19,78.56
2013-08-20,78.56
2013-08-21,78.55
2013-08-22,78.54
2013-08-23,78.54
2013-08-24,78.53
2013-08-25,78.52
2013-08-26,78.52
2013-08-27,78.51
2013-08-28,78.51
2013-08-29,78.5
2013-08-30,78.49
2013-08-31,78.49
2013-09-01,78.48
2013-09-02,78.47
2013-09-03,78.47
2013-09-04,78.46
2013-09-05,78.45
2013-09-06,78.45
2013-09-07,78.44
2013-09-08,78.43
2013-09-09,78.43
2013-09-10,78.42
2013-09-11,78.475
2013-09-12,78.46
2013-09-13,78.46
2013-09-14,78.45
2013-09-15,78.44
2013-09-16,78.44
2013-09-18,78.44
2013-09-19,78.43
2013-09-20,78.43
2013-09-21,78.43
2013-09-22,78.42
2013-09-24,78.41
2013-09-25,78.41
2013-09-26,78.4
2013-09-27,78.4
2013-09-28,78.4
2013-09-29,78.39
2013-09-30,78.39
2013-10-01,78.38
2013-10-02,78.38
2013-10-03,78.38
2013-10-04,78.37
2013-10-05,78.37
2013-10-06,78.37
2013-10-07,78.36
2013-10-08,78.36
2013-10-09,78.36
2013-10-10,78.35
2013-10-11,78.35
2013-10-12,78.35
2013-10-13,78.34
2013-10-14,78.34
2013-10-15,78.34
2013-10-16,78.33
2013-10-17,78.33
2013-10-18,78.33
2013-10-19,78.33
2013-10-20,78.33
2013-10-21,78.33
2013-10-22,78.32
2013-10-23,78.32
2013-10-24,78.32
2013-10-25,78.32
2013-10-26,78.32
2013-10-27,78.32
2013-10-28,78.32
2013-10-30,78.32
2013-10-31,78.34
2013-11-01,78.35
2013-11-02,78.35
2013-11-03,78.35
2013-11-04,78.36
2013-11-05,78.36
2013-11-06,78.37
2013-11-07,78.38
2013-11-08,78.38
2013-11-09,78.39
2013-11-10,78.39
2013-11-11,78.39
2013-11-12,78.4
2013-11-13,78.41
2013-11-14,78.41
2013-11-15,78.42
2013-11-16,78.42
2013-11-17,78.42
2013-11-18,78.42
2013-11-19,78.42
2013-11-20,78.42
2013-11-21,78.42
2013-11-22,78.42
2013-11-23,78.42
2013-11-24,78.42
2013-11-25,78.42
2013-11-26,78.42
2013-11-27,78.42
2013-11-28,78.42
2013-11-29,78.42
2013-11-30,78.42
2013-12-01,78.42
2013-12-02,78.41
2013-12-03,78.41
2013-12-04,78.41
2013-12-06,78.41
2013-12-07,78.41
2013-12-08,78.41
2013-12-09,78.41
2013-12-10,78.4
2013-12-11,78.4
2013-12-12,78.41
2013-12-13,78.41
2013-12-14,78.42
2013-12-15,78.42
2013-12-16,78.42
2013-12-17,78.43
2013-12-18,78.44
2013-12-19,78.44
2013-12-20,78.45
2013-12-21,78.45
2013-12-22,78.46
2013-12-23,78.46
2013-12-24,78.47
2013-12-25,78.47
2013-12-26,78.48
2013-12-27,78.48
2013-12-28,78.49
2013-12-29,78.51
2013-12-30,78.52
2013-12-31,78.53
2014-01-01,78.53
2014-01-02,78.54
2014-01-03,78.54
2014-01-04,78.54
2014-01-05,78.55
2014-01-06,78.55
2014-01-07,78.56
2014-01-08,78.56
2014-01-09,78.57
2014-01-10,78.58
2014-01-11,78.59
2014-01-12,78.6
2014-01-13,78.6
2014-01-14,78.61
2014-01-15,78.61
2014-01-16,78.62
2014-01-17,78.62
2014-01-18,78.62
2014-01-19,78.62
2014-01-20,78.63
2014-01-21,78.63
2014-01-22,78.63
2014-01-23,78.63
2014-01-24,78.63
2014-01-25,78.63
2014-01-26,78.63
2014-01-27,78.64
2014-01-28,78.64
2014-01-29,78.63
2014-01-30,78.64
2014-01-31,78.64
2014-02-01,78.64
2014-02-02,78.64
2014-02-03,78.64
2014-02-04,78.64
2014-02-05,78.64
2014-02-06,78.64
2014-02-07,78.64
2014-02-08,78.65
2014-02-09,78.65
2014-02-10,78.66
2014-02-11,78.66
2014-02-12,78.67
2014-02-13,78.68
2014-02-14,78.68
2014-02-15,78.69
2014-02-16,78.7
2014-02-17,78.71
2014-02-18,78.71
2014-02-19,78.72
2014-02-20,78.72
2014-02-21,78.73
2014-02-22,78.73
2014-02-23,78.74
2014-02-24,78.75
2014-02-25,78.77
2014-02-26,78.78
2014-02-27,78.78
2014-02-28,78.79
2014-03-01,78.79
2014-03-02,78.8
2014-03-03,78.8
2014-03-04,78.81
2014-03-05,78.81
2014-03-06,78.81
2014-03-07,78.82
2014-03-08,78.82
2014-03-09,78.83
2014-03-10,78.83
2014-03-11,78.83
2014-03-12,78.84
2014-03-13,78.84
2014-03-14,78.84
2014-03-15,78.85
2014-03-16,78.85
2014-03-17,78.86
2014-03-18,78.86
2014-03-19,78.86
2014-03-20,78.86
2014-03-21,78.87
2014-03-22,78.87
2014-03-23,78.89
2014-03-24,78.9
2014-03-25,78.92
2014-03-26,78.93
2014-03-27,78.93
2014-03-28,78.93
2014-03-29,78.93
2014-03-30,78.93
2014-03-31,78.93
2014-04-01,78.93
2014-04-02,78.94
2014-04-03,78.94
2014-04-04,78.93
2014-04-05,78.94
2014-04-06,78.94
2014-04-07,78.94
2014-04-08,78.94
2014-04-09,78.95
2014-04-10,78.95
2014-04-11,78.96
2014-04-12,78.97
2014-04-13,78.97
2014-04-14,78.97
2014-04-15,78.96
2014-04-16,78.96
2014-04-17,78.97
2014-04-18,78.96
2014-04-19,78.96
2014-04-20,78.96
2014-04-21,78.96
2014-04-22,78.96
2014-04-23,78.95
2014-04-24,78.95
2014-04-25,78.96
2014-04-26,78.96
2014-04-27,78.96
2014-04-28,78.96
2014-04-29,78.95
2014-04-30,78.95
2014-05-01,78.95
2014-05-02,78.96
2014-05-03,78.97
2014-05-04,78.97
2014-05-05,78.96
2014-05-06,78.96
2014-05-07,78.97
2014-05-08,78.97
2014-05-09,78.97
2014-05-10,78.97
2014-05-11,78.97
2014-05-12,78.97
2014-05-13,78.97
2014-05-14,78.97
2014-05-15,78.96
2014-05-16,78.96
2014-05-17,78.96
2014-05-18,78.96
2014-05-19,78.96
2014-05-20,78.96
2014-05-21,78.96
2014-05-22,78.96
2014-05-23,78.96
2014-05-24,78.96
2014-05-25,78.95
2014-05-26,78.94
2014-05-27,78.94
2014-05-28,78.94
2014-05-29,78.93
2014-05-30,78.93
2014-05-31,78.93
2014-06-01,78.93
2014-06-02,78.92
2014-06-03,78.92
2014-06-04,78.92
2014-06-05,78.92
2014-06-06,78.91
2014-06-07,78.91
2014-06-08,78.91
2014-06-09,78.91
2014-06-10,78.9
2014-06-11,78.9
2014-06-12,78.9
2014-06-13,78.89
2014-06-14,78.89
2014-06-15,78.88
2014-06-16,78.88
2014-06-17,78.88
2014-06-18,78.87
2014-06-19,78.87
2014-06-20,78.87
2014-06-21,78.87
2014-06-22,78.86
2014-06-23,78.86
2014-06-24,78.86
2014-06-25,78.85
2014-06-26,78.85
2014-06-27,78.85
2014-06-28,78.85
2014-06-29,78.87
2014-06-30,78.88
2014-07-01,78.87
2014-07-02,78.87
2014-07-03,78.86
2014-07-04,78.85
2014-07-05,78.85
2014-07-06,78.84
2014-07-07,78.84
2014-07-08,78.83
2014-07-09,78.83
2014-07-10,78.82
2014-07-11,78.82
2014-07-12,78.81
2014-07-13,78.81
2014-07-14,78.8
2014-07-15,78.8
2014-07-16,78.79
2014-07-17,78.78
2014-07-18,78.78
2014-07-19,78.77
2014-07-20,78.77
2014-07-21,78.76
2014-07-22,78.76
2014-07-23,78.75
2014-07-24,78.74
2014-07-25,78.74
2014-07-26,78.73
2014-07-27,78.72
2014-07-28,78.71
2014-07-29,78.71
2014-07-30,78.7
2014-07-31,78.69
2014-08-01,78.68
2014-08-02,78.68
2014-08-03,78.67
2014-08-04,78.66
2014-08-05,78.65
2014-08-06,78.64
2014-08-07,78.64
2014-08-08,78.63
2014-08-09,78.62
2014-08-10,78.62
2014-08-11,78.61
2014-08-12,78.6
2014-08-13,78.6
2014-08-14,78.59
2014-08-15,78.58
2014-08-16,78.59
2014-08-17,78.58
2014-08-18,78.58
2014-08-19,78.58
2014-08-20,78.57
2014-08-21,78.57
2014-08-22,78.58
2014-08-23,78.59
2014-08-24,78.6
2014-08-25,78.61
2014-08-26,78.61
2014-08-27,78.61
2014-08-28,78.6
2014-08-29,78.59
2014-08-30,78.58
2014-08-31,78.57
2014-09-01,78.57
2014-09-02,78.56
2014-09-03,78.56
2014-09-04,78.55
2014-09-05,78.55
2014-09-06,78.54
2014-09-07,78.54
2014-09-08,78.53
2014-09-09,78.53
2014-09-10,78.52
2014-09-11,78.52
2014-09-12,78.51
2014-09-13,78.51
2014-09-14,78.5
2014-09-15,78.5
2014-09-16,78.49
2014-09-17,78.49
2014-09-18,78.48
2014-09-19,78.48
2014-09-20,78.47
2014-09-21,78.47
2014-09-22,78.49
2014-09-23,78.51
2014-09-24,78.52
2014-09-25,78.52
2014-09-26,78.52
2014-09-27,78.52
2014-09-28,78.52
2014-09-29,78.52
2014-09-30,78.52
2014-10-01,78.51
2014-10-02,78.51
2014-10-03,78.5
2014-10-04,78.5
2014-10-05,78.5
2014-10-06,78.49
2014-10-07,78.49
2014-10-08,78.5
2014-10-09,78.53
2014-10-10,78.54
2014-10-11,78.55
2014-10-12,78.56
2014-10-13,78.56
2014-10-14,78.58
2014-10-15,78.59
2014-10-16,78.59
2014-10-17,78.6
2014-10-18,78.6
2014-10-19,78.6
2014-10-20,78.61
2014-10-21,78.63
2014-10-22,78.65
2014-10-23,78.66
2014-10-24,78.67
2014-10-25,78.67
2014-10-26,78.68
2014-10-27,78.69
2014-10-28,78.7
2014-10-29,78.7
2014-10-30,78.7
2014-10-31,78.71
2014-11-01,78.71
2014-11-02,78.72
2014-11-03,78.73
2014-11-04,78.73
2014-11-05,78.74
2014-11-06,78.74
2014-11-07,78.74
2014-11-08,78.75
2014-11-09,78.75
2014-11-10,78.75
2014-11-11,78.75
2014-11-12,78.75
2014-11-13,78.76
2014-11-14,78.76
2014-11-15,78.76
2014-11-16,78.76
2014-11-17,78.76
2014-11-18,78.76
2014-11-19,78.76
2014-11-20,78.76
2014-11-21,78.76
2014-11-22,78.76
2014-11-23,78.76
2014-11-24,78.77
2014-11-25,78.77
2014-11-26,78.77
2014-11-27,78.77
2014-11-28,78.77
2014-11-29,78.77
2014-11-30,78.77
2014-12-01,78.77
2014-12-02,78.78
2014-12-03,78.78
2014-12-04,78.78
2014-12-05,78.78
2014-12-06,78.78
2014-12-07,78.78
2014-12-08,78.78
2014-12-09,78.78
2014-12-10,78.78
2014-12-11,78.78
2014-12-12,78.79
2014-12-13,78.79
2014-12-14,78.78
2014-12-15,78.79
2014-12-16,78.79
2014-12-17,78.79
2014-12-18,78.79
2014-12-19,78.79
2014-12-20,78.79
2014-12-21,78.79
2014-12-22,78.8
2014-12-23,78.8
2014-12-24,78.79
2014-12-25,78.79
2014-12-26,78.79
2014-12-27,78.79
2014-12-28,78.79
2014-12-29,78.79
2014-12-30,78.8
2014-12-31,78.8
2015-01-01,78.8
2015-01-02,78.8
2015-01-03,78.8
2015-01-04,78.8
2015-01-05,78.8
2015-01-06,78.8
2015-01-07,78.8
2015-01-08,78.81
2015-01-09,78.81
2015-01-10,78.81
2015-01-11,78.81
2015-01-12,78.8
2015-01-13,78.81
2015-01-14,78.81
2015-01-15,78.81
2015-01-16,78.82
2015-01-17,78.82
2015-01-18,78.82
2015-01-19,78.82
2015-01-20,78.82
2015-01-21,78.82
2015-01-22,78.82
2015-01-23,78.82
2015-01-24,78.82
2015-01-25,78.82
2015-01-26,78.82
2015-01-27,78.82
2015-01-28,78.83
2015-01-29,78.83
2015-01-30,78.84
2015-01-31,78.84
2015-02-01,78.84
2015-02-02,78.84
2015-02-03,78.83
2015-02-04,78.83
2015-02-05,78.83
2015-02-06,78.83
2015-02-07,78.84
2015-02-08,78.83
2015-02-09,78.83
2015-02-10,78.83
2015-02-11,78.83
2015-02-12,78.83
2015-02-13,78.83
2015-02-14,78.83
2015-02-15,78.82
2015-02-16,78.83
2015-02-17,78.83
2015-02-18,78.83
2015-02-19,78.83
2015-02-20,78.84
2015-02-21,78.86
2015-02-22,78.86
2015-02-23,78.87
2015-02-24,78.87
2015-02-25,78.87
2015-02-26,78.87
2015-02-27,78.88
2015-02-28,78.88
2015-03-01,78.89
2015-03-02,78.9
2015-03-03,78.91
2015-03-04,78.91
2015-03-05,78.92
2015-03-06,78.92
2015-03-07,78.93
2015-03-08,78.95
2015-03-09,78.98
2015-03-10,78.99
2015-03-11,79.0
2015-03-12,79.0
2015-03-13,79.0
2015-03-14,79.0
2015-03-15,79.0
2015-03-16,79.01
2015-03-17,79.01
2015-03-18,79.01
2015-03-19,79.01
2015-03-20,79.02
2015-03-21,79.01
2015-03-22,79.01
2015-03-23,79.02
2015-03-24,79.01
2015-03-25,79.0
2015-03-26,79.01
2015-03-27,79.01
2015-03-28,79.02
2015-03-29,79.03
2015-03-30,79.03
2015-03-31,79.03
2015-04-01,79.03
2015-04-02,79.02
2015-04-03,79.01
2015-04-04,79.01
2015-04-05,79.01
2015-04-06,79.0
2015-04-07,79.01
2015-04-08,79.0
2015-04-09,79.01
2015-04-10,79.01
2015-04-11,79.0
2015-04-12,79.01
2015-04-13,79.0
2015-04-14,79.0
2015-04-15,79.01
2015-04-16,79.0
2015-04-17,79.0
2015-04-18,79.0
2015-04-19,79.0
2015-04-20,79.0
2015-04-21,79.0
2015-04-22,79.0
2015-04-23,79.01
2015-04-24,79.01
2015-04-25,79.01
2015-04-26,79.01
2015-04-27,79.0
2015-04-28,79.0
2015-04-29,79.0
2015-04-30,79.0
2015-05-01,79.0
2015-05-02,79.0
2015-05-03,79.0
2015-05-04,79.0
2015-05-05,79.0
2015-05-06,79.0
2015-05-07,79.0
2015-05-08,78.99
2015-05-09,78.99
2015-05-10,78.99
2015-05-11,78.98
2015-05-12,78.99
2015-05-13,78.99
2015-05-14,79.0
2015-05-15,78.99
2015-05-16,78.99
2015-05-17,79.0
2015-05-18,79.01
2015-05-19,79.02
2015-05-20,79.01
2015-05-21,79.0
2015-05-22,78.99
2015-05-23,78.99
2015-05-24,78.98
2015-05-25,78.98
2015-05-26,78.98
2015-05-27,78.97
2015-05-28,78.97
2015-05-29,78.97
2015-05-30,78.96
2015-05-31,78.97
2015-06-01,78.97
2015-06-02,78.97
2015-06-03,78.98
2015-06-04,78.96
2015-06-05,78.96
2015-06-06,78.96
2015-06-07,78.96
2015-06-08,78.95
2015-06-09,78.94
2015-06-10,78.94
2015-06-11,78.94
2015-06-12,78.93
2015-06-13,78.93
2015-06-14,78.93
2015-06-15,78.92
2015-06-16,78.92
2015-06-17,78.92
2015-06-18,78.91
2015-06-19,78.91
2015-06-20,78.9
2015-06-21,78.9
2015-06-22,78.9
2015-06-23,78.9
2015-06-24,78.9
2015-06-25,78.9
2015-06-26,78.9
2015-06-27,78.89
2015-06-28,78.89
2015-06-29,78.88
2015-06-30,78.88
2015-07-01,78.87
2015-07-02,78.87
2015-07-03,78.86
2015-07-04,78.86
2015-07-05,78.85
2015-07-06,78.85
2015-07-07,78.85
2015-07-08,78.84
2015-07-09,78.85
2015-07-10,78.85
2015-07-11,78.84
2015-07-12,78.84
2015-07-13,78.83
2015-07-14,78.83
2015-07-15,78.82
2015-07-16,78.83
2015-07-17,78.83
2015-07-18,78.83
2015-07-19,78.83
2015-07-20,78.82
2015-07-21,78.82
2015-07-22,78.82
2015-07-23,78.81
2015-07-24,78.81
2015-07-25,78.8
2015-07-26,78.82
2015-07-27,78.85
2015-07-28,78.86
2015-07-29,78.85
2015-07-30,78.85
2015-07-31,78.84
2015-08-01,78.83
2015-08-02,78.82
2015-08-03,78.81
2015-08-04,78.8
2015-08-05,78.8
2015-08-06,78.8
2015-08-07,78.79
2015-08-08,78.79
2015-08-09,78.78
2015-08-10,78.78
2015-08-11,78.77
2015-08-12,78.77
2015-08-13,78.76
2015-08-14,78.76
2015-08-15,78.75
2015-08-16,78.75
2015-08-17,78.74
2015-08-18,78.73
2015-08-19,78.73
2015-08-20,78.72
2015-08-21,78.71
2015-08-22,78.71
2015-08-23,78.7
2015-08-24,78.69
2015-08-25,78.69
2015-08-26,78.68
2015-08-27,78.68
2015-08-28,78.67
2015-08-29,78.66
2015-08-30,78.65
2015-08-31,78.65
2015-09-01,78.64
2015-09-02,78.64
2015-09-03,78.65
2015-09-04,78.65
2015-09-05,78.65
2015-09-06,78.64
2015-09-07,78.63
2015-09-08,78.63
2015-09-09,78.62
2015-09-10,78.62
2015-09-11,78.61
2015-09-12,78.61
2015-09-13,78.61
2015-09-14,78.6
2015-09-15,78.6
2015-09-16,78.6
2015-09-17,78.59
2015-09-18,78.59
2015-09-19,78.59
2015-09-20,78.59
2015-09-21,78.59
2015-09-22,78.58
2015-09-23,78.58
2015-09-24,78.58
2015-09-25,78.58
2015-09-26,78.58
2015-09-27,78.58
2015-09-28,78.57
2015-09-29,78.57
2015-09-30,78.57
2015-10-01,78.57
2015-10-02,78.57
2015-10-03,78.56
2015-10-04,78.56
2015-10-05,78.55
2015-10-06,78.55
2015-10-07,78.55
2015-10-08,78.54
2015-10-09,78.54
2015-10-10,78.54
2015-10-11,78.53
2015-10-12,78.53
2015-10-13,78.53
2015-10-14,78.52
2015-10-15,78.52
2015-10-16,78.52
2015-10-17,78.52
2015-10-18,78.51
2015-10-19,78.51
2015-10-20,78.51
2015-10-21,78.5
2015-10-22,78.5
2015-10-23,78.5
2015-10-24,78.5
2015-10-25,78.49
2015-10-26,78.49
2015-10-27,78.49
2015-10-28,78.48
2015-10-29,78.48
2015-10-30,78.48
2015-10-31,78.47
2015-11-01,78.47
2015-11-02,78.47
2015-11-03,78.47
2015-11-04,78.47
2015-11-05,78.46
2015-11-06,78.46
2015-11-07,78.46
2015-11-08,78.46
2015-11-10,78.48
2015-11-11,78.49
2015-11-12,78.49
2015-11-13,78.49
2015-11-14,78.49
2015-11-15,78.49
2015-11-16,78.5
2015-11-17,78.5
2015-11-18,78.5
2015-11-19,78.5
2015-11-20,78.5
2015-11-21,78.5
2015-11-22,78.5
2015-11-23,78.5
2015-11-24,78.49
2015-11-25,78.49
2015-11-26,78.49
2015-11-27,78.49
2015-11-28,78.49
2015-11-29,78.49
2015-11-30,78.49
2015-12-01,78.49
2015-12-02,78.49
2015-12-03,78.49
2015-12-04,78.49
2015-12-05,78.5
2015-12-06,78.51
2015-12-07,78.52
2015-12-08,78.52
2015-12-09,78.53
2015-12-10,78.54
2015-12-11,78.54
2015-12-12,78.54
2015-12-13,78.54
2015-12-14,78.54
2015-12-15,78.54
2015-12-16,78.54
2015-12-17,78.54
2015-12-18,78.54
2015-12-19,78.54
2015-12-20,78.54
2015-12-21,78.54
2015-12-22,78.54
2015-12-23,78.55
2015-12-24,78.54
2015-12-25,78.55
2015-12-26,78.55
2015-12-27,78.54
2015-12-28,78.54
2015-12-29,78.54
2015-12-30,78.54
2015-12-31,78.54
2016-01-01,78.54
2016-01-02,78.54
2016-01-03,78.54
2016-01-04,78.54
2016-01-05,78.54
2016-01-06,78.54
2016-01-07,78.53
2016-01-08,78.53
2016-01-09,78.53
2016-01-10,78.53
2016-01-11,78.52
2016-01-12,78.52
2016-01-13,78.52
2016-01-14,78.52
2016-01-15,78.51
2016-01-16,78.51
2016-01-17,78.51
2016-01-18,78.51
2016-01-19,78.5
2016-01-20,78.5
2016-01-21,78.5
2016-01-22,78.49
2016-01-23,78.49
2016-01-24,78.49
2016-01-25,78.49
2016-01-26,78.49
2016-01-27,78.49
2016-01-28,78.49
2016-01-29,78.51
2016-01-30,78.52
2016-01-31,78.53
2016-02-01,78.53
2016-02-02,78.54
2016-02-03,78.54
2016-02-04,78.55
2016-02-05,78.55
2016-02-06,78.55
2016-02-07,78.55
2016-02-08,78.56
2016-02-09,78.56
2016-02-10,78.56
2016-02-11,78.57
2016-02-12,78.58
2016-02-13,78.58
2016-02-14,78.59
2016-02-15,78.59
2016-02-16,78.59
2016-02-17,78.59
2016-02-18,78.615
2016-02-19,78.6
2016-02-20,78.6
2016-02-21,78.6
2016-02-22,78.6
2016-02-23,78.6
2016-02-24,78.6
2016-02-25,78.6
2016-02-26,78.6
2016-02-27,78.6
2016-02-28,78.6
2016-02-29,78.6
2016-03-01,78.6
2016-03-02,78.6
2016-03-03,78.6
2016-03-04,78.6
2016-03-05,78.6
2016-03-06,78.6
2016-03-07,78.6
2016-03-08,78.61
2016-03-09,78.61
2016-03-10,78.61
2016-03-11,78.61
2016-03-12,78.61
2016-03-13,78.61
2016-03-14,78.61
2016-03-15,78.62
2016-03-16,78.62
2016-03-17,78.63
2016-03-18,78.64
2016-03-19,78.64
2016-03-20,78.65
2016-03-21,78.65
2016-03-22,78.65
2016-03-23,78.66
2016-03-24,78.66
2016-03-25,78.67
2016-03-26,78.68
2016-03-27,78.69
2016-03-28,78.69
2016-03-29,78.69
2016-03-30,78.7
2016-03-31,78.7
2016-04-01,78.71
2016-04-02,78.71
2016-04-03,78.71
2016-04-04,78.71
2016-04-05,78.71
2016-04-06,78.72
2016-04-07,78.73
2016-04-08,78.74
2016-04-09,78.75
2016-04-10,78.75
2016-04-11,78.75
2016-04-12,78.76
2016-04-13,78.77
2016-04-14,78.76
2016-04-15,78.77
2016-04-17,78.77
2016-04-18,78.77
2016-04-19,78.78
2016-04-20,78.77
2016-04-21,78.77
2016-04-22,78.78
2016-04-23,78.78
2016-04-24,78.78
2016-04-25,78.78
2016-04-26,78.78
2016-04-27,78.78
2016-04-28,78.78
2016-04-29,78.79
2016-04-30,78.78
2016-05-01,78.78
2016-05-02,78.77
2016-05-03,78.78
2016-05-04,78.78
2016-05-05,78.77
2016-05-06,78.77
2016-05-07,78.77
2016-05-08,78.76
2016-05-09,78.77
2016-05-10,78.78
2016-05-11,78.76
2016-05-12,78.75
2016-05-13,78.77
2016-05-14,78.77
2016-05-15,78.76
2016-05-16,78.76
2016-05-17,78.75
2016-05-18,78.75
2016-05-19,78.75
2016-05-20,78.74
2016-05-21,78.75
2016-05-22,78.74
2016-05-23,78.72
2016-05-24,78.73
2016-05-25,78.73
2016-05-26,78.74
2016-05-27,78.77
2016-05-28,78.8
2016-05-29,78.79
2016-05-30,78.79
2016-05-31,78.78
2016-06-01,78.8
2016-06-02,78.78
2016-06-03,78.78
2016-06-04,78.78
2016-06-05,78.77
2016-06-06,78.76
2016-06-07,78.76
2016-06-08,78.76
2016-06-09,78.795
2016-06-10,78.8
2016-06-11,78.79
2016-06-12,78.79
2016-06-13,78.78
2016-06-14,78.78
2016-06-15,78.77
2016-06-16,78.77
2016-06-17,78.77
2016-06-18,78.77
2016-06-19,78.76
2016-06-20,78.76
2016-06-21,78.76
2016-06-22,78.75
2016-06-23,78.75
2016-06-24,78.75
2016-06-25,78.74
2016-06-26,78.74
2016-06-27,78.74
2016-06-28,78.73
2016-06-29,78.73
2016-06-30,78.72
2016-07-01,78.72
2016-07-02,78.72
2016-07-03,78.72
2016-07-04,78.72
2016-07-05,78.72
2016-07-06,78.72
2016-07-07,78.71
2016-07-08,78.71
2016-07-09,78.71
2016-07-10,78.7
2016-07-11,78.7
2016-07-12,78.72
2016-07-13,78.72
2016-07-14,78.72
2016-07-15,78.72
2016-07-16,78.72
2016-07-17,78.71
2016-07-18,78.7
2016-07-19,78.7
2016-07-20,78.7
2016-07-21,78.69
2016-07-22,78.69
2016-07-23,78.68
2016-07-24,78.68
2016-07-25,78.68
2016-07-26,78.68
2016-07-27,78.68
2016-07-28,78.68
2016-07-29,78.67
2016-07-30,78.67
2016-07-31,78.67
2016-08-01,78.67
2016-08-02,78.67
2016-08-03,78.66
2016-08-04,78.66
2016-08-05,78.66
2016-08-06,78.66
2016-08-07,78.65
2016-08-08,78.65
2016-08-09,78.65
2016-08-10,78.64
2016-08-11,78.64
2016-08-12,78.63
2016-08-13,78.63
2016-08-14,78.62
2016-08-15,78.62
2016-08-16,78.61
2016-08-17,78.61
2016-08-18,78.6
2016-08-19,78.6
2016-08-20,78.6
2016-08-21,78.59
2016-08-22,78.59
2016-08-23,78.59
2016-08-24,78.58
2016-08-25,78.58
2016-08-26,78.57
2016-08-27,78.57
2016-08-28,78.56
2016-08-29,78.56
2016-08-30,78.57
2016-08-31,78.58
2016-09-01,78.58
2016-09-02,78.58
2016-09-03,78.58
2016-09-04,78.57
2016-09-05,78.57
2016-09-06,78.56
2016-09-07,78.56
2016-09-08,78.55
2016-09-09,78.55
2016-09-10,78.55
2016-09-11,78.54
2016-09-12,78.54
2016-09-13,78.53
2016-09-14,78.53
2016-09-15,78.53
2016-09-16,78.52
2016-09-17,78.52
2016-09-18,78.51
2016-09-19,78.51
2016-09-20,78.5
2016-09-21,78.5
2016-09-22,78.5
2016-09-23,78.49
2016-09-24,78.49
2016-09-25,78.48
2016-09-26,78.48
2016-09-27,78.48
2016-09-28,78.47
2016-09-29,78.47
2016-09-30,78.46
2016-10-01,78.46
2016-10-02,78.46
2016-10-03,78.45
2016-10-04,78.45
2016-10-05,78.44
2016-10-06,78.44
2016-10-07,78.43
2016-10-08,78.43
2016-10-09,78.43
2016-10-10,78.42
2016-10-11,78.42
2016-10-12,78.42
2016-10-13,78.41
2016-10-14,78.41
2016-10-15,78.41
2016-10-16,78.4
2016-10-17,78.4
2016-10-18,78.39
2016-10-19,78.39
2016-10-20,78.39
2016-10-21,78.38
2016-10-22,78.38
2016-10-23,78.38
2016-10-24,78.38
2016-10-25,78.37
2016-10-26,78.37
2016-10-27,78.37
2016-10-28,78.37
2016-10-29,78.36
2016-10-30,78.36
2016-10-31,78.36
2016-11-01,78.36
2016-11-02,78.37
2016-11-03,78.39
2016-11-04,78.4
2016-11-05,78.4
2016-11-06,78.41
2016-11-07,78.41
2016-11-08,78.41
2016-11-09,78.41
2016-11-10,78.41
2016-11-11,78.41
2016-11-12,78.41
2016-11-13,78.41
2016-11-14,78.41
2016-11-15,78.41
2016-11-16,78.41
2016-11-17,78.42
2016-11-18,78.42
2016-11-19,78.43
2016-11-20,78.44
2016-11-21,78.46
2016-11-22,78.47
2016-11-23,78.48
2016-11-24,78.49
2016-11-25,78.49
2016-11-26,78.5
2016-11-27,78.5
2016-11-28,78.5
2016-11-29,78.51
2016-11-30,78.51
2016-12-01,78.51
2016-12-02,78.51
2016-12-03,78.51
2016-12-04,78.51
2016-12-05,78.51
2016-12-06,78.51
2016-12-07,78.52
2016-12-08,78.52
2016-12-09,78.52
2016-12-10,78.52
2016-12-11,78.52
2016-12-12,78.52
2016-12-13,78.52
2016-12-14,78.52
2016-12-15,78.52
2016-12-16,78.52
2016-12-17,78.52
2016-12-18,78.52
2016-12-19,78.52
2016-12-20,78.52
2016-12-21,78.52
2016-12-22,78.52
2016-12-23,78.52
2016-12-24,78.53
2016-12-25,78.53
2016-12-26,78.54
2016-12-27,78.54
2016-12-28,78.54
2016-12-29,78.54
2016-12-30,78.55
2016-12-31,78.55
2017-01-01,78.55
2017-01-02,78.56
2017-01-03,78.56
2017-01-04,78.56
2017-01-05,78.56
2017-01-06,78.56
2017-01-07,78.56
2017-01-08,78.56
2017-01-09,78.56
2017-01-10,78.56
2017-01-11,78.56
2017-01-12,78.56
2017-01-13,78.56
2017-01-14,78.56
2017-01-15,78.56
2017-01-16,78.56
2017-01-17,78.56
2017-01-18,78.56
2017-01-19,78.56
2017-01-20,78.56
2017-01-21,78.55
2017-01-22,78.55
2017-01-23,78.55
2017-01-24,78.55
2017-01-25,78.55
2017-01-26,78.55
2017-01-27,78.55
2017-01-28,78.55
2017-01-29,78.55
2017-01-30,78.55
2017-01-31,78.55
2017-02-01,78.55
2017-02-02,78.55
2017-02-03,78.55
2017-02-04,78.55
2017-02-05,78.54
2017-02-06,78.54
2017-02-07,78.54
2017-02-08,78.54
2017-02-09,78.53
2017-02-10,78.53
2017-02-11,78.53
2017-02-12,78.53
2017-02-13,78.53
2017-02-14,78.53
2017-02-15,78.52
2017-02-16,78.52
2017-02-17,78.52
2017-02-18,78.52
2017-02-19,78.52
2017-02-20,78.52
2017-02-21,78.52
2017-02-22,78.53
2017-02-23,78.52
2017-02-24,78.52
2017-02-25,78.52
2017-02-26,78.52
2017-02-27,78.51
2017-02-28,78.51
2017-03-01,78.52
2017-03-02,78.53
2017-03-03,78.54
2017-03-04,78.54
2017-03-05,78.54
2017-03-06,78.54
2017-03-07,78.54
2017-03-08,78.54
2017-03-09,78.54
2017-03-10,78.54
2017-03-11,78.54
2017-03-12,78.54
2017-03-13,78.55
2017-03-14,78.55
2017-03-15,78.56
2017-03-16,78.56
2017-03-17,78.57
2017-03-18,78.58
2017-03-19,78.59
2017-03-20,78.59
2017-03-21,78.6
2017-03-22,78.6
2017-03-23,78.6
2017-03-24,78.61
2017-03-25,78.61
2017-03-26,78.62
2017-03-27,78.62
2017-03-28,78.63
2017-03-29,78.63
2017-03-30,78.63
2017-03-31,78.64
2017-04-01,78.64
2017-04-02,78.64
2017-04-03,78.64
2017-04-04,78.65
2017-04-05,78.65
2017-04-06,78.65
2017-04-07,78.65
2017-04-08,78.65
2017-04-09,78.65
2017-04-10,78.66
2017-04-11,78.66
2017-04-12,78.66
2017-04-13,78.66
2017-04-14,78.66
2017-04-15,78.66
2017-04-16,78.66
2017-04-17,78.66
2017-04-18,78.66
2017-04-19,78.66
2017-04-20,78.66
2017-04-21,78.66
2017-04-22,78.66
2017-04-23,78.66
2017-04-24,78.66
2017-04-25,78.66
2017-04-26,78.66
2017-04-27,78.66
2017-04-28,78.66
2017-04-29,78.67
2017-04-30,78.67
2017-05-01,78.67
2017-05-02,78.67
2017-05-03,78.67
2017-05-04,78.66
2017-05-05,78.66
2017-05-06,78.66
2017-05-07,78.66
2017-05-08,78.66
2017-05-09,78.65
2017-05-10,78.65
2017-05-11,78.65
2017-05-12,78.65
2017-05-13,78.64
2017-05-14,78.64
2017-05-15,78.63
2017-05-16,78.63
2017-05-17,78.63
2017-05-18,78.63
2017-05-19,78.63
2017-05-20,78.62
2017-05-21,78.62
2017-05-22,78.62
2017-05-23,78.61
2017-05-24,78.61
2017-05-25,78.61
2017-05-26,78.6
2017-05-27,78.6
2017-05-28,78.6
2017-05-29,78.59
2017-05-30,78.59
2017-05-31,78.59
2017-06-01,78.58
2017-06-02,78.58
2017-06-03,78.57
2017-06-04,78.57
2017-06-05,78.57
2017-06-06,78.57
2017-06-07,78.56
2017-06-08,78.56
2017-06-09,78.55
2017-06-10,78.55
2017-06-11,78.55
2017-06-12,78.55
2017-06-13,78.55
2017-06-14,78.55
2017-06-15,78.54
2017-06-16,78.54
2017-06-17,78.54
2017-06-18,78.54
2017-06-19,78.53
2017-06-20,78.53
2017-06-21,78.53
2017-06-22,78.52
2017-06-23,78.52
2017-06-24,78.52
2017-06-25,78.51
2017-06-26,78.51
2017-06-27,78.5
2017-06-28,78.5
2017-06-29,78.5
2017-06-30,78.49
2017-07-01,78.49
2017-07-02,78.48
2017-07-03,78.48
2017-07-04,78.47
2017-07-05,78.47
2017-07-06,78.46
2017-07-07,78.46
2017-07-08,78.45
2017-07-09,78.45
2017-07-10,78.44
2017-07-11,78.44
2017-07-12,78.43
2017-07-13,78.43
2017-07-14,78.42
2017-07-15,78.42
2017-07-16,78.41
2017-07-17,78.41
2017-07-18,78.4
2017-07-19,78.4
2017-07-20,78.39
2017-07-21,78.39
2017-07-22,78.38
2017-07-23,78.38
2017-07-24,78.37
2017-07-25,78.37
2017-07-26,78.36
2017-07-27,78.36
2017-07-28,78.35
2017-07-29,78.35
2017-07-30,78.34
2017-07-31,78.34
2017-08-01,78.34
2017-08-02,78.33
2017-08-03,78.33
2017-08-04,78.32
2017-08-05,78.32
2017-08-06,78.31
2017-08-07,78.31
2017-08-08,78.31
2017-08-09,78.3
2017-08-10,78.3
2017-08-11,78.3
2017-08-12,78.29
2017-08-13,78.29
2017-08-14,78.29
2017-08-15,78.28
2017-08-16,78.28
2017-08-17,78.27
2017-08-18,78.27
2017-08-19,78.27
2017-08-20,78.26
2017-08-21,78.26
2017-08-22,78.26
2017-08-23,78.25
2017-08-24,78.25
2017-08-25,78.25
2017-08-26,78.25
2017-08-27,78.25
2017-08-28,78.25
2017-08-29,78.25
2017-08-30,78.25
2017-08-31,78.24
2017-09-01,78.25
2017-09-02,78.26
2017-09-03,78.27
2017-09-04,78.27
2017-09-05,78.27
2017-09-06,78.27
2017-09-07,78.27
2017-09-08,78.26
2017-09-09,78.26
2017-09-10,78.26
2017-09-11,78.27
2017-09-12,78.28
2017-09-13,78.28
2017-09-14,78.28
2017-09-15,78.28
2017-09-16,78.28
2017-09-17,78.28
2017-09-18,78.28
2017-09-19,78.28
2017-09-20,78.28
2017-09-21,78.28
2017-09-22,78.27
2017-09-23,78.27
2017-09-24,78.27
2017-09-25,78.27
2017-09-26,78.27
2017-09-27,78.27
2017-09-28,78.26
2017-09-29,78.26
2017-09-30,78.26
2017-10-01,78.26
2017-10-02,78.26
2017-10-03,78.25
2017-10-04,78.26
2017-10-05,78.26
2017-10-06,78.27
2017-10-07,78.27
2017-10-08,78.28
2017-10-09,78.28
2017-10-10,78.33
2017-10-11,78.35
2017-10-12,78.37
2017-10-13,78.4
2017-10-14,78.44
2017-10-15,78.47
2017-10-16,78.49
2017-10-17,78.51
2017-10-18,78.53
2017-10-19,78.55
2017-10-20,78.57
2017-10-21,78.59
2017-10-22,78.61
2017-10-23,78.62
2017-10-24,78.64
2017-10-25,78.65
2017-10-26,78.66
2017-10-27,78.67
2017-10-28,78.69
2017-10-29,78.7
2017-10-30,78.7
2017-10-31,78.71
2017-11-01,78.72
2017-11-02,78.72
2017-11-03,78.73
2017-11-04,78.73
2017-11-05,78.74
2017-11-06,78.74
2017-11-07,78.75
2017-11-08,78.75
2017-11-09,78.76
2017-11-10,78.77
2017-11-11,78.78
2017-11-12,78.81
2017-11-13,78.83
2017-11-14,78.84
2017-11-15,78.86
2017-11-16,78.86
2017-11-17,78.88
2017-11-18,78.89
2017-11-19,78.9
2017-11-20,78.91
2017-11-21,78.92
2017-11-22,78.93
2017-11-23,78.95
2017-11-24,78.97
2017-11-25,78.99
2017-11-26,79.0
2017-11-27,79.01
2017-11-28,79.02
2017-11-29,79.04
2017-11-30,79.05
2017-12-01,79.06
2017-12-02,79.07
2017-12-03,79.08
2017-12-04,79.08
2017-12-05,79.08
2017-12-06,79.08
2017-12-07,79.09
2017-12-08,79.1
2017-12-09,79.1
2017-12-10,79.11
2017-12-11,79.11
2017-12-12,79.11
2017-12-13,79.11
2017-12-14,79.11
2017-12-15,79.12
2017-12-16,79.11
2017-12-17,79.11
2017-12-18,79.11
2017-12-19,79.11
2017-12-20,79.11
2017-12-21,79.11
2017-12-22,79.11
2017-12-23,79.12
2017-12-24,79.11
2017-12-25,79.11
2017-12-26,79.12
2017-12-27,79.12
2017-12-28,79.12
2017-12-29,79.13
2017-12-30,79.13
2017-12-31,79.13
2018-01-01,79.14
2018-01-02,79.14
2018-01-03,79.14
2018-01-04,79.14
2018-01-05,79.15
2018-01-06,79.15
2018-01-07,79.14
2018-01-08,79.14
2018-01-09,79.15
2018-01-10,79.15
2018-01-11,79.15
2018-01-12,79.14
2018-01-13,79.15
2018-01-14,79.15
2018-01-15,79.16
2018-01-16,79.17
2018-01-17,79.16
2018-01-18,79.16
2018-01-19,79.16
2018-01-20,79.16
2018-01-21,79.16
2018-01-22,79.16
2018-01-23,79.16
2018-01-24,79.17
2018-01-25,79.17
2018-01-26,79.17
2018-01-27,79.16
2018-01-28,79.17
2018-01-29,79.17
2018-01-30,79.16
2018-01-31,79.17
2018-02-01,79.17
2018-02-02,79.15
2018-02-03,79.14
2018-02-04,79.13
2018-02-05,79.13
2018-02-06,79.14
2018-02-07,79.14
2018-02-08,79.13
2018-02-09,79.12
2018-02-10,79.12
2018-02-11,79.13
2018-02-12,79.13
2018-02-13,79.12
2018-02-14,79.11
2018-02-15,79.11
2018-02-16,79.11
2018-02-17,79.1
2018-02-18,79.1
2018-02-19,79.1
2018-02-20,79.09
2018-02-21,79.09
2018-02-22,79.09
2018-02-23,79.09
2018-02-24,79.08
2018-02-25,79.08
2018-02-26,79.08
2018-02-27,79.07
2018-02-28,79.07
2018-03-01,79.07
2018-03-02,79.07
2018-03-03,79.07
2018-03-04,79.07
2018-03-05,79.06
2018-03-06,79.06
2018-03-07,79.06
2018-03-08,79.06
2018-03-09,79.05
2018-03-10,79.05
2018-03-11,79.05
2018-03-12,79.05
2018-03-13,79.05
2018-03-14,79.04
2018-03-15,79.03
2018-03-16,79.03
2018-03-17,79.03
2018-03-18,79.03
2018-03-19,79.03
2018-03-20,79.02
2018-03-21,79.03
2018-03-22,79.02
2018-03-23,79.02
2018-03-24,79.02
2018-03-25,79.02
2018-03-26,79.01
2018-03-27,79.01
2018-03-28,79.01
2018-03-29,79.01
2018-03-30,79.01
2018-03-31,79.0
2018-04-01,79.0
2018-04-02,79.0
2018-04-03,79.0
2018-04-04,79.0
2018-04-05,79.0
2018-04-06,79.02
2018-04-07,79.04
2018-04-08,79.06
2018-04-09,79.07
2018-04-10,79.08
2018-04-11,79.09
2018-04-12,79.09
2018-04-13,79.1
2018-04-14,79.11
2018-04-15,79.12
2018-04-16,79.13
2018-04-17,79.14
2018-04-18,79.16
2018-04-19,79.17
2018-04-20,79.18
2018-04-21,79.19
2018-04-22,79.18
2018-04-23,79.18
2018-04-24,79.18
2018-04-25,79.18
2018-04-26,79.17
2018-04-27,79.16
2018-04-28,79.16
2018-04-29,79.16
2018-04-30,79.15
2018-05-01,79.16
2018-05-02,79.15
2018-05-03,79.15
2018-05-04,79.14
2018-05-05,79.14
2018-05-06,79.14
2018-05-07,79.14
2018-05-08,79.14
2018-05-09,79.14
2018-05-10,79.14
2018-05-11,79.13
2018-05-12,79.13
2018-05-13,79.13
2018-05-14,79.13
2018-05-15,79.13
2018-05-16,79.13
2018-05-17,79.13
2018-05-18,79.13
2018-05-19,79.13
2018-05-20,79.13
2018-05-21,79.13
2018-05-22,79.13
2018-05-23,79.12
2018-05-24,79.12
2018-05-25,79.12
2018-05-26,79.11
2018-05-27,79.11
2018-05-28,79.11
2018-05-29,79.11
2018-05-30,79.1
2018-05-31,79.1
2018-06-01,79.1
2018-06-02,79.09
2018-06-03,79.09
2018-06-04,79.09
2018-06-05,79.08
2018-06-06,79.07
2018-06-07,79.07
2018-06-08,79.06
2018-06-09,79.06
2018-06-10,79.06
2018-06-11,79.06
2018-06-12,79.05
2018-06-13,79.04
2018-06-14,79.04
2018-06-15,79.04
2018-06-16,79.03
2018-06-17,79.03
2018-06-18,79.03
2018-06-19,79.02
2018-06-20,79.02
2018-06-21,79.02
2018-06-22,79.05
2018-06-23,79.04
2018-06-24,79.03
2018-06-25,79.02
2018-06-26,79.01
2018-06-27,79.01
2018-06-28,79.0
2018-06-29,79.0
2018-06-30,78.99
2018-07-01,78.99
2018-07-02,78.98
2018-07-03,78.98
2018-07-04,78.97
2018-07-05,78.97
2018-07-06,78.96
2018-07-07,78.95
2018-07-08,78.95
2018-07-09,78.94
2018-07-10,78.93
2018-07-11,78.93
2018-07-12,78.92
2018-07-13,78.92
2018-07-14,78.91
2018-07-15,78.9
2018-07-16,78.9
2018-07-17,78.89
2018-07-18,78.88
2018-07-19,78.88
2018-07-20,78.87
2018-07-21,78.86
2018-07-22,78.85
2018-07-23,78.85
2018-07-24,78.84
2018-07-25,78.83
2018-07-26,78.82
2018-07-27,78.81
2018-07-28,78.81
2018-07-29,78.81
2018-07-30,78.82
2018-07-31,78.87
2018-08-01,78.87
2018-08-02,78.86
2018-08-03,78.85
2018-08-04,78.84
2018-08-05,78.84
2018-08-06,78.83
2018-08-07,78.82
2018-08-08,78.81
2018-08-09,78.81
2018-08-10,78.8
2018-08-11,78.79
2018-08-12,78.79
2018-08-13,78.79
2018-08-14,78.79
2018-08-15,78.79
2018-08-16,78.78
2018-08-17,78.78
2018-08-18,78.77
2018-08-19,78.77
2018-08-20,78.77
2018-08-21,78.76
2018-08-22,78.76
2018-08-23,78.75
2018-08-24,78.79
2018-08-25,78.81
2018-08-26,78.81
2018-08-27,78.81
2018-08-28,78.8
2018-08-29,78.8
2018-08-30,78.8
2018-08-31,78.79
2018-09-01,78.79
2018-09-02,78.78
2018-09-03,78.78
2018-09-04,78.78
2018-09-05,78.77
2018-09-06,78.77
2018-09-07,78.76
2018-09-08,78.76
2018-09-09,78.75
2018-09-10,78.75
2018-09-11,78.75
2018-09-12,78.76
2018-09-13,78.75
2018-09-14,78.75
2018-09-15,78.75
2018-09-16,78.74
2018-09-17,78.74
2018-09-18,78.74
2018-09-19,78.74
2018-09-20,78.73
2018-09-21,78.73
2018-09-22,78.73
2018-09-23,78.72
2018-09-24,78.72
2018-09-25,78.71
2018-09-26,78.71
2018-09-27,78.71
2018-09-28,78.71
2018-09-29,78.72
2018-09-30,78.73
2018-10-01,78.73
2018-10-02,78.72
2018-10-03,78.72
2018-10-04,78.71
2018-10-05,78.71
2018-10-06,78.7
2018-10-07,78.7
2018-10-08,78.7
2018-10-09,78.7
2018-10-10,78.69
2018-10-11,78.69
2018-10-12,78.68
2018-10-13,78.68
2018-10-14,78.68
2018-10-15,78.68
2018-10-16,78.67
2018-10-17,78.67
2018-10-18,78.67
2018-10-19,78.66
2018-10-20,78.66
2018-10-21,78.66
2018-10-22,78.65
2018-10-23,78.65
2018-10-24,78.65
2018-10-25,78.65
2018-10-26,78.64
2018-10-27,78.64
2018-10-28,78.64
2018-10-29,78.63
2018-10-30,78.64
2018-10-31,78.66
2018-11-01,78.67
2018-11-02,78.67
2018-11-03,78.68
2018-11-04,78.67
2018-11-05,78.67
2018-11-06,78.67
2018-11-07,78.67
2018-11-08,78.66
2018-11-09,78.66
2018-11-10,78.66
2018-11-11,78.66
2018-11-12,78.65
2018-11-13,78.65
2018-11-14,78.65
2018-11-15,78.65
2018-11-16,78.64
2018-11-17,78.64
2018-11-18,78.64
2018-11-19,78.64
2018-11-20,78.63
2018-11-21,78.63
2018-11-22,78.63
2018-11-23,78.63
2018-11-24,78.63
2018-11-25,78.63
2018-11-26,78.62
2018-11-27,78.62
2018-11-28,78.62
2018-11-29,78.62
2018-11-30,78.62
2018-12-01,78.61
2018-12-02,78.61
2018-12-03,78.61
2018-12-04,78.62
2018-12-05,78.62
2018-12-06,78.64
2018-12-07,78.65
2018-12-08,78.66
2018-12-09,78.66
2018-12-10,78.67
2018-12-11,78.67
2018-12-12,78.68
2018-12-13,78.68
2018-12-14,78.69
2018-12-15,78.69
2018-12-16,78.7
2018-12-17,78.7
2018-12-18,78.7
2018-12-19,78.7
2018-12-20,78.7
2018-12-21,78.7
2018-12-22,78.7
2018-12-23,78.7
2018-12-24,78.69
2018-12-25,78.69
2018-12-26,78.69
2018-12-27,78.69
2018-12-28,78.69
2018-12-29,78.69
2018-12-30,78.69
2018-12-31,78.69
2019-01-01,78.69
2019-01-02,78.68
2019-01-03,78.68
2019-01-04,78.68
2019-01-05,78.68
2019-01-06,78.68
2019-01-07,78.68
2019-01-08,78.69
2019-01-09,78.68
2019-01-10,78.68
2019-01-11,78.68
2019-01-12,78.68
2019-01-13,78.69
2019-01-14,78.69
2019-01-15,78.68
2019-01-16,78.68
2019-01-17,78.68
2019-01-18,78.67
2019-01-19,78.66
2019-01-20,78.66
2019-01-21,78.66
2019-01-22,78.66
2019-01-23,78.65
2019-01-24,78.65
2019-01-25,78.65
2019-01-26,78.65
2019-01-27,78.65
2019-01-28,78.65
2019-01-29,78.65
2019-01-30,78.64
2019-01-31,78.64
2019-02-01,78.64
2019-02-02,78.64
2019-02-03,78.63
2019-02-04,78.63
2019-02-05,78.63
2019-02-06,78.63
2019-02-07,78.62
2019-02-08,78.63
2019-02-09,78.64
2019-02-10,78.65
2019-02-11,78.66
2019-02-12,78.67
2019-02-13,78.67
2019-02-14,78.67
2019-02-15,78.68
2019-02-16,78.68
2019-02-17,78.68
2019-02-18,78.69
2019-02-19,78.69
2019-02-20,78.7
2019-02-21,78.7
2019-02-22,78.7
2019-02-23,78.71
2019-02-24,78.71
2019-02-25,78.72
2019-02-26,78.72
2019-02-27,78.72
2019-02-28,78.73
2019-03-01,78.73
2019-03-02,78.74
2019-03-03,78.74
2019-03-04,78.75
2019-03-05,78.75
2019-03-06,78.75
2019-03-07,78.76
2019-03-08,78.76
2019-03-09,78.77
2019-03-10,78.78
2019-03-11,78.79
2019-03-12,78.79
2019-03-13,78.8
2019-03-14,78.8
2019-03-15,78.81
2019-03-16,78.82
2019-03-17,78.82
2019-03-18,78.83
2019-03-19,78.84
2019-03-20,78.85
2019-03-21,78.86
2019-03-22,78.87
2019-03-23,78.89
2019-03-24,78.92
2019-03-25,78.94
2019-03-26,78.95
2019-03-27,78.96
2019-03-28,78.98
2019-03-29,79.0
2019-03-30,79.03
2019-03-31,79.06
2019-04-01,79.07
2019-04-02,79.07
2019-04-03,79.08
2019-04-04,79.09
2019-04-05,79.09
2019-04-06,79.1
2019-04-07,79.1
2019-04-08,79.11
2019-04-09,79.11
2019-04-10,79.1
2019-04-11,79.1
2019-04-12,79.1
2019-04-13,79.1
2019-04-14,79.1
2019-04-15,79.11
2019-04-16,79.11
2019-04-17,79.12
2019-04-18,79.12
2019-04-19,79.13
2019-04-20,79.14
2019-04-21,79.15
2019-04-22,79.15
2019-04-23,79.16
2019-04-24,79.17
2019-04-25,79.17
2019-04-26,79.18
2019-04-27,79.18
2019-04-28,79.18
2019-04-29,79.19
2019-04-30,79.19
2019-05-01,79.2
2019-05-02,79.2
2019-05-03,79.2
2019-05-04,79.19
2019-05-05,79.19
2019-05-06,79.19
2019-05-07,79.19
2019-05-08,79.19
2019-05-09,79.19
2019-05-10,79.19
2019-05-11,79.18
2019-05-12,79.17
2019-05-13,79.16
2019-05-14,79.16
2019-05-15,79.16
2019-05-16,79.16
2019-05-17,79.16
2019-05-18,79.16
2019-05-19,79.15
2019-05-20,79.15
2019-05-21,79.14
2019-05-22,79.14
2019-05-23,79.14
2019-05-24,79.14
2019-05-25,79.13
2019-05-26,79.13
2019-05-27,79.13
2019-05-28,79.13
2019-05-29,79.12
2019-05-30,79.11
2019-05-31,79.11
2019-06-01,79.1
2019-06-02,79.1
2019-06-03,79.09
2019-06-04,79.09
2019-06-05,79.08
2019-06-06,79.08
2019-06-07,79.07
2019-06-08,79.06
2019-06-09,79.06
2019-06-10,79.05
2019-06-11,79.04
2019-06-12,79.04
2019-06-13,79.03
2019-06-14,79.03
2019-06-15,79.02
2019-06-16,79.02
2019-06-17,79.01
2019-06-18,79.01
2019-06-19,79.0
2019-06-20,79.0
2019-06-21,78.99
2019-06-22,78.98
2019-06-23,78.98
2019-06-24,78.97
2019-06-25,78.96
2019-06-26,78.96
2019-06-27,78.95
2019-06-28,78.94
2019-06-29,78.94
2019-06-30,78.94
2019-07-01,78.93
2019-07-02,78.92
2019-07-03,78.91
2019-07-04,78.91
2019-07-05,78.9
2019-07-06,78.9
2019-07-07,78.89
2019-07-08,78.89
2019-07-09,78.88
2019-07-10,78.87
2019-07-11,78.87
2019-07-12,78.86
2019-07-13,78.86
2019-07-14,78.85
2019-07-15,78.85
2019-07-16,78.87
2019-07-17,78.87
2019-07-18,78.86
2019-07-19,78.85
2019-07-20,78.85
2019-07-21,78.84
2019-07-22,78.83
2019-07-23,78.83
2019-07-24,78.82
2019-07-25,78.82
2019-07-26,78.81
2019-07-27,78.8
2019-07-28,78.79
2019-07-29,78.79
2019-07-30,78.78
2019-07-31,78.77
2019-08-01,78.77
2019-08-02,78.76
2019-08-03,78.75
2019-08-04,78.74
2019-08-05,78.74
2019-08-06,78.73
2019-08-07,78.72
2019-08-08,78.72
2019-08-09,78.71
2019-08-10,78.71
2019-08-11,78.71
2019-08-12,78.71
2019-08-13,78.71
2019-08-14,78.7
2019-08-15,78.7
2019-08-16,78.69
2019-08-17,78.69
2019-08-18,78.69
2019-08-19,78.71
2019-08-20,78.72
2019-08-21,78.71
2019-08-22,78.71
2019-08-23,78.7
2019-08-24,78.71
2019-08-25,78.71
2019-08-26,78.71
2019-08-27,78.7
2019-08-28,78.69
2019-08-29,78.69
2019-08-30,78.68
2019-08-31,78.68
2019-09-01,78.68
2019-09-02,78.71
2019-09-03,78.72
2019-09-04,78.72
2019-09-05,78.72
2019-09-06,78.71
2019-09-07,78.7
2019-09-08,78.7
2019-09-09,78.69
2019-09-10,78.69
2019-09-11,78.7
2019-09-12,78.69
2019-09-13,78.69
2019-09-14,78.68
2019-09-15,78.68
2019-09-16,78.68
2019-09-17,78.67
2019-09-18,78.67
2019-09-19,78.66
2019-09-20,78.66
2019-09-21,78.66
2019-09-22,78.65
2019-09-23,78.65
2019-09-24,78.65
2019-09-25,78.64
2019-09-26,78.64
2019-09-27,78.63
2019-09-28,78.63
2019-09-29,78.63
2019-09-30,78.63
2019-10-01,78.62
2019-10-02,78.62
2019-10-03,78.62
2019-10-04,78.61
2019-10-05,78.61
2019-10-06,78.61
2019-10-07,78.61
2019-10-08,78.61
2019-10-09,78.61
2019-10-10,78.6
2019-10-11,78.6
2019-10-12,78.6
2019-10-13,78.6
2019-10-14,78.6
2019-10-15,78.61
2019-10-16,78.64
2019-10-17,78.67
2019-10-18,78.68
2019-10-19,78.69
2019-10-20,78.7
2019-10-21,78.72
2019-10-22,78.73
2019-10-23,78.74
2019-10-24,78.74
2019-10-25,78.74
2019-10-26,78.75
2019-10-27,78.75
2019-10-28,78.75
2019-10-29,78.75
2019-10-30,78.75
2019-10-31,78.75
2019-11-01,78.76
2019-11-02,78.76
2019-11-03,78.76
2019-11-04,78.76
2019-11-05,78.76
2019-11-06,78.76
2019-11-07,78.75
2019-11-08,78.75
2019-11-09,78.75
2019-11-10,78.75
2019-11-11,78.76
2019-11-12,78.76
2019-11-13,78.76
2019-11-14,78.76
2019-11-15,78.75
2019-11-16,78.76
2019-11-17,78.78
2019-11-18,78.79
2019-11-19,78.8
2019-11-20,78.8
2019-11-21,78.81
2019-11-22,78.81
2019-11-23,78.81
2019-11-24,78.81
2019-11-25,78.81
2019-11-26,78.82
2019-11-27,78.82
2019-11-28,78.83
2019-11-29,78.85
2019-11-30,78.85
2019-12-01,78.86
2019-12-02,78.86
2019-12-03,78.86
2019-12-04,78.86
2019-12-05,78.87
2019-12-06,78.87
2019-12-07,78.88
2019-12-08,78.9
2019-12-09,78.91
2019-12-10,78.92
2019-12-11,78.93
2019-12-12,78.94
2019-12-13,78.95
2019-12-14,78.96
2019-12-15,78.98
2019-12-16,78.99
2019-12-17,79.0
2019-12-18,79.01
2019-12-19,79.02
2019-12-20,79.03
2019-12-21,79.04
2019-12-22,79.05
2019-12-23,79.06
2019-12-24,79.07
2019-12-25,79.07
2019-12-26,79.08
2019-12-27,79.08
2019-12-28,79.08
2019-12-29,79.09
2019-12-30,79.09
2019-12-31,79.09
2020-01-01,79.09
2020-01-02,79.1
2020-01-03,79.1
2020-01-04,79.1
2020-01-05,79.09
2020-01-06,79.1
2020-01-07,79.1
2020-01-08,79.11
2020-01-09,79.1
2020-01-10,79.1
2020-01-11,79.1
2020-01-12,79.11
2020-01-13,79.11
2020-01-14,79.11
2020-01-15,79.12
2020-01-16,79.12
2020-01-17,79.12
2020-01-18,79.13
2020-01-19,79.13
2020-01-20,79.13
2020-01-21,79.14
2020-01-22,79.14
2020-01-23,79.15
2020-01-24,79.15
2020-01-25,79.15
2020-01-26,79.16
2020-01-27,79.16
2020-01-28,79.16
2020-01-29,79.17
2020-01-30,79.17
2020-01-31,79.17
2020-02-01,79.18
2020-02-02,79.18
2020-02-03,79.18
2020-02-04,79.18
2020-02-05,79.18
2020-02-06,79.17
2020-02-07,79.17
2020-02-08,79.18
2020-02-09,79.19
2020-02-10,79.2
2020-02-11,79.18
2020-02-12,79.18
2020-02-13,79.16
2020-02-14,79.15
2020-02-15,79.16
2020-02-16,79.18
2020-02-17,79.17
2020-02-18,79.16
2020-02-19,79.16
2020-02-20,79.15
2020-02-21,79.16
2020-02-22,79.16
2020-02-23,79.15
2020-02-24,79.14
2020-02-25,79.14
2020-02-26,79.14
2020-02-27,79.13
2020-02-28,79.13
2020-02-29,79.12
2020-03-01,79.13
2020-03-02,79.12
2020-03-03,79.12
2020-03-04,79.14
2020-03-05,79.15
2020-03-06,79.14
2020-03-07,79.13
2020-03-08,79.13
2020-03-09,79.13
2020-03-10,79.14
2020-03-11,79.14
2020-03-12,79.14
2020-03-13,79.12
2020-03-14,79.11
2020-03-15,79.11
2020-03-16,79.11
2020-03-17,79.1
2020-03-18,79.1
2020-03-19,79.09
2020-03-20,79.09
2020-03-21,79.08
2020-03-22,79.08
2020-03-23,79.08
2020-03-24,79.07
2020-03-25,79.07
2020-03-26,79.07
2020-03-27,79.06
2020-03-28,79.06
2020-03-29,79.06
2020-03-30,79.05
2020-03-31,79.05
2020-04-01,79.05
2020-04-02,79.05
2020-04-03,79.05
2020-04-04,79.03
2020-04-05,79.03
2020-04-06,79.03
2020-04-07,79.02
2020-04-08,79.02
2020-04-09,79.02
2020-04-10,79.01
2020-04-11,79.01
2020-04-12,79.01
2020-04-13,79.0
2020-04-14,79.0
2020-04-15,79.0
2020-04-16,78.99
2020-04-17,78.99
2020-04-18,78.98
2020-04-19,78.98
2020-04-20,78.97
2020-04-21,78.97
2020-04-22,78.97
2020-04-23,78.96
2020-04-24,78.96
2020-04-25,78.96
2020-04-26,78.95
2020-04-27,78.95
2020-04-28,78.95
2020-04-29,78.94
2020-04-30,78.94
2020-05-01,78.94
2020-05-02,78.94
2020-05-03,78.93
2020-05-04,78.94
2020-05-05,78.98
2020-05-06,78.99
2020-05-07,78.98
2020-05-08,78.97
2020-05-09,78.96
2020-05-10,78.96
2020-05-11,78.96
2020-05-12,78.96
2020-05-13,78.95
2020-05-14,78.96
2020-05-15,78.96
2020-05-16,78.96
2020-05-17,78.95
2020-05-18,78.94
2020-05-19,78.94
2020-05-20,78.93
2020-05-21,78.93
2020-05-22,78.93
2020-05-23,78.92
2020-05-24,78.92
2020-05-25,78.92
2020-05-26,78.91
2020-05-27,78.91
2020-05-28,78.91
2020-05-29,78.9
2020-05-30,78.9
2020-05-31,78.89
2020-06-01,78.89
2020-06-02,78.89
2020-06-03,78.89
2020-06-04,78.88
2020-06-05,78.88
2020-06-06,78.88
2020-06-07,78.88
2020-06-08,78.87
2020-06-09,78.87
2020-06-10,78.86
2020-06-11,78.86
2020-06-12,78.86
2020-06-13,78.85
2020-06-14,78.85
2020-06-15,78.84
2020-06-16,78.84
2020-06-17,78.9
2020-06-18,78.91
2020-06-19,78.9
2020-06-20,78.9
2020-06-21,78.89
2020-06-22,78.88
2020-06-23,78.87
2020-06-24,78.86
2020-06-25,78.86
2020-06-26,78.85
2020-06-27,78.85
2020-06-28,78.84
2020-06-29,78.84
2020-06-30,78.84
2020-07-01,78.84
2020-07-02,78.83
2020-07-03,78.83
2020-07-04,78.83
2020-07-05,78.83
2020-07-06,78.85
2020-07-07,78.84
2020-07-08,78.84
2020-07-09,78.83
2020-07-10,78.83
2020-07-11,78.82
2020-07-12,78.82
2020-07-13,78.84
2020-07-14,78.84
2020-07-15,78.84
2020-07-16,78.83
2020-07-17,78.83
2020-07-18,78.82
2020-07-19,78.81
2020-07-20,78.81
2020-07-21,78.81
2020-07-22,78.81
2020-07-23,78.8
2020-07-24,78.8
2020-07-25,78.79
2020-07-26,78.79
2020-07-27,78.78
2020-07-28,78.78
2020-07-29,78.78
2020-07-30,78.77
2020-07-31,78.77
2020-08-01,78.77
2020-08-02,78.77
2020-08-03,78.76
2020-08-04,78.76
2020-08-05,78.75
2020-08-06,78.75
2020-08-07,78.74
2020-08-08,78.74
2020-08-09,78.73
2020-08-10,78.73
2020-08-11,78.72
2020-08-12,78.71
2020-08-13,78.71
2020-08-14,78.7
2020-08-15,78.7
2020-08-16,78.69
2020-08-17,78.68
2020-08-18,78.68
2020-08-19,78.67
2020-08-20,78.66
2020-08-21,78.66
2020-08-22,78.65
2020-08-23,78.65
2020-08-24,78.64
2020-08-25,78.63
2020-08-26,78.63
2020-08-27,78.62
2020-08-28,78.61
2020-08-29,78.61
2020-08-30,78.61
2020-08-31,78.6
2020-09-01,78.6
2020-09-02,78.6
2020-09-03,78.59
2020-09-04,78.59
2020-09-05,78.58
2020-09-06,78.58
2020-09-07,78.58
2020-09-08,78.57
2020-09-09,78.57
2020-09-10,78.56
2020-09-11,78.56
2020-09-12,78.56
2020-09-13,78.55
2020-09-14,78.55
2020-09-15,78.54
2020-09-16,78.54
2020-09-17,78.53
2020-09-18,78.53
2020-09-19,78.53
2020-09-20,78.52
2020-09-21,78.52
2020-09-22,78.51
2020-09-23,78.51
2020-09-24,78.5
2020-09-25,78.5
2020-09-26,78.49
2020-09-27,78.49
2020-09-28,78.49
2020-09-29,78.48
2020-09-30,78.48
2020-10-01,78.48
2020-10-02,78.48
2020-10-03,78.47
2020-10-04,78.47
2020-10-05,78.47
2020-10-06,78.48
2020-10-07,78.49
2020-10-08,78.51
2020-10-09,78.53
2020-10-10,78.54
2020-10-11,78.55
2020-10-12,78.56
2020-10-13,78.57
2020-10-14,78.57
2020-10-15,78.58
2020-10-16,78.58
2020-10-17,78.58
2020-10-18,78.58
2020-10-19,78.58
2020-10-20,78.58
2020-10-21,78.58
2020-10-22,78.58
2020-10-23,78.59
2020-10-24,78.6
2020-10-25,78.61
2020-10-26,78.63
2020-10-27,78.65
2020-10-28,78.68
2020-10-29,78.69
2020-10-30,78.7
2020-10-31,78.71
2020-11-01,78.72
2020-11-02,78.73
2020-11-03,78.74
2020-11-04,78.74
2020-11-05,78.75
2020-11-06,78.76
2020-11-07,78.77
2020-11-08,78.77
2020-11-09,78.77
2020-11-10,78.78
2020-11-11,78.78
2020-11-12,78.78
2020-11-13,78.79
2020-11-14,78.79
2020-11-15,78.79
2020-11-16,78.79
