Date, Groundwater
1988-01-14,12.29
1988-01-28,12.59
1988-02-12,12.57
1988-02-29,12.39
1988-03-15,12.57
1988-03-29,12.59
1988-04-14,12.14
1988-04-28,12.06
1988-05-16,12.12
1988-05-27,12.0
1988-06-14,11.98
1988-06-28,11.84
1988-07-14,11.9
1988-07-28,12.18
1988-08-15,11.92
1988-08-29,11.86
1988-09-14,11.78
1988-09-28,12.3
1988-10-13,12.3
1988-10-28,12.1
1988-11-14,11.96
1988-11-28,11.94
1988-12-14,12.22
1988-12-28,12.31
1989-01-13,12.2
1989-01-27,12.14
1989-02-14,11.97
1989-02-28,12.22
1989-03-14,12.24
1989-03-28,12.31
1989-04-14,12.26
1989-04-27,12.26
1989-05-16,11.99
1989-05-29,11.82
1989-06-14,11.87
1989-06-28,11.63
1989-07-14,11.54
1989-07-28,11.39
1989-08-14,11.31
1989-08-28,11.24
1989-09-14,11.2
1989-09-28,11.18
1989-10-13,11.28
1989-10-27,11.15
1989-11-14,11.16
1989-11-28,11.12
1989-12-14,11.15
1989-12-28,11.42
1990-01-15,11.44
1990-01-29,11.59
1990-02-14,11.7
1990-02-28,11.87
1990-03-14,11.86
1990-03-27,11.83
1990-04-13,11.76
1990-04-27,11.72
1990-05-14,11.77
1990-05-28,11.65
1990-06-14,11.62
1990-06-28,11.48
1990-07-16,11.39
1990-07-27,11.32
1990-08-14,11.16
1990-08-28,11.08
1990-09-14,11.03
1990-09-28,11.0
1990-10-15,10.99
1990-10-29,10.97
1990-11-14,10.98
1990-11-28,11.13
1990-12-14,11.17
1990-12-28,11.27
1991-01-14,11.86
1991-01-28,11.83
1991-02-14,11.74
1991-02-28,11.9
1991-03-14,11.86
1991-03-28,11.82
1991-04-15,11.75
1991-04-29,11.74
1991-05-14,11.63
1991-05-28,11.56
1991-06-13,11.5
1991-06-27,11.47
1991-07-15,11.5
1991-07-29,11.39
1991-08-14,11.29
1991-08-28,11.36
1991-09-13,11.11
1991-09-27,11.06
1991-10-14,11.01
1991-10-28,11.0
1991-11-14,11.12
1991-11-28,11.41
1991-12-13,11.57
1991-12-30,11.92
1992-01-14,11.94
1992-01-28,11.9
1992-02-14,11.97
1992-02-28,11.96
1992-03-13,12.08
1992-03-27,12.14
1992-04-14,12.03
1992-04-28,12.11
1992-05-14,12.02
1992-05-27,11.87
1992-06-15,11.84
1992-06-29,11.61
1992-07-14,11.44
1992-07-28,11.37
1992-08-14,11.32
1992-08-28,11.32
1992-09-14,11.73
1992-09-28,11.63
1992-10-14,11.7
1992-10-28,11.81
1992-11-13,11.94
1992-11-27,12.22
1992-12-14,12.33
1992-12-28,12.19
1993-01-14,12.41
1993-01-28,12.38
1993-02-15,12.16
1993-03-01,12.18
1993-03-15,12.1
1993-03-29,12.04
1993-04-14,12.06
1993-04-28,12.05
1993-05-14,12.29
1993-05-28,12.13
1993-06-14,11.88
1993-06-28,11.82
1993-07-14,11.67
1993-07-28,11.84
1993-08-13,11.76
1993-08-27,11.66
1993-09-14,11.8
1993-09-28,12.24
1993-10-14,12.18
1993-10-28,12.11
1993-11-15,12.39
1993-11-29,12.03
1993-12-14,12.43
1993-12-28,12.59
1994-01-14,12.69
1994-01-28,12.75
1994-02-11,12.45
1994-02-28,12.42
1994-03-14,12.33
1994-03-28,12.43
1994-04-14,12.4
1994-04-28,12.23
1994-05-16,12.21
1994-05-27,12.21
1994-06-14,12.22
1994-06-28,12.01
1994-07-13,11.82
1994-07-28,11.68
1994-08-15,11.44
1994-08-29,11.47
1994-09-14,11.58
1994-09-28,11.66
1994-10-14,11.73
1994-10-28,11.76
1994-11-14,11.99
1994-11-28,11.98
1994-12-12,11.87
1994-12-14,12.11
1994-12-23,11.7
1994-12-28,12.34
1995-01-13,12.45
1995-01-27,12.6
1995-02-14,12.49
1995-03-02,12.48
1995-03-15,12.45
1995-03-29,12.49
1995-04-14,12.23
1995-04-28,12.17
1995-05-15,12.08
1995-05-29,12.28
1995-06-14,12.29
1995-06-28,12.04
1995-07-14,11.74
1995-07-28,11.44
1995-08-14,11.38
1995-08-28,11.32
1995-09-14,11.35
1995-09-28,11.3
1995-10-13,11.39
1995-10-27,11.35
1995-11-14,11.29
1995-11-28,11.26
1995-12-14,11.24
1995-12-28,11.39
1996-01-15,11.48
1996-01-29,11.57
1996-02-14,11.52
1996-02-28,11.64
1996-03-13,11.74
1996-03-27,11.7
1996-04-15,11.72
1996-04-29,11.67
1996-05-14,11.52
1996-05-28,11.54
1996-06-14,11.34
1996-06-28,11.29
1996-07-15,11.2
1996-07-29,11.1
1996-08-14,11.04
1996-08-28,11.05
1996-09-13,11.18
1996-09-27,
1996-10-14,
1996-10-28,
1996-11-14,11.2
1996-11-28,11.66
1996-12-13,11.98
1996-12-24,12.0
1997-01-14,11.83
1997-01-28,11.89
1997-02-14,12.23
1997-02-28,12.26
1997-03-14,12.13
1997-03-28,12.15
1997-04-14,12.05
1997-04-28,12.03
1997-05-14,12.12
1997-05-28,12.03
1997-06-13,11.84
1997-06-27,11.88
1997-07-14,11.99
1997-07-28,11.71
1997-08-14,11.51
1997-08-28,11.42
1997-09-15,11.38
1997-09-29,11.33
1997-10-14,11.3
1997-10-28,11.29
1997-11-12,11.32
1997-11-28,11.38
1997-12-15,11.48
1997-12-29,11.73
1998-01-14,12.01
1998-01-28,12.01
1998-02-16,12.01
1998-02-27,12.04
1998-03-13,12.27
1998-03-27,12.15
1998-04-14,12.22
1998-04-28,12.3
1998-05-14,12.1
1998-05-28,11.98
1998-06-15,12.46
1998-06-29,12.16
1998-07-15,12.07
1998-07-28,11.92
1998-08-14,11.7
1998-08-28,11.68
1998-09-14,12.25
1998-09-28,12.05
1998-10-14,12.39
1998-10-29,12.65
1998-11-13,12.73
1998-11-27,12.57
1998-12-14,12.44
1998-12-28,12.4
1999-01-14,12.54
1999-01-28,12.5
1999-02-12,12.25
1999-03-01,12.51
1999-03-15,12.43
1999-03-29,12.31
1999-04-14,12.34
1999-04-28,12.15
1999-05-12,12.2
1999-05-28,12.05
1999-06-14,12.12
1999-06-28,11.93
1999-07-14,11.83
1999-07-28,11.61
1999-08-13,11.61
1999-08-31,11.7
1999-09-28,11.53
1999-10-14,11.53
1999-10-28,11.51
1999-11-15,11.54
1999-11-29,11.68
1999-12-14,12.02
1999-12-28,12.27
2000-01-14,12.14
2000-01-28,12.07
2000-02-14,12.22
2000-02-28,12.42
2000-03-14,12.53
2000-03-28,12.41
2000-04-14,12.26
2000-04-28,12.29
2000-05-14,12.11
2000-05-29,12.29
2000-06-13,12.2
2000-06-28,11.95
2000-07-14,11.89
2000-07-28,11.88
2000-08-14,11.75
2000-08-28,11.66
2000-09-14,11.68
2000-09-28,11.63
2000-10-13,11.77
2000-10-27,11.81
2000-11-14,12.01
2000-11-28,12.21
2000-12-14,12.3
2000-12-28,12.1
2001-01-15,12.17
2001-01-29,12.34
2001-02-15,12.37
2001-02-28,12.28
2001-03-14,12.33
2001-03-28,12.41
2001-04-13,12.29
2001-04-27,12.37
2001-05-14,12.14
2001-05-28,12.02
2001-06-14,11.94
2001-06-28,11.73
2001-07-13,11.6
2001-07-30,11.49
2001-08-14,11.44
2001-08-29,11.39
2001-09-13,11.47
2001-09-28,11.74
2001-10-14,11.83
2001-10-29,11.8
2001-11-14,11.8
2001-11-28,11.96
2001-12-13,12.06
2001-12-28,12.32
2002-01-14,12.11
2002-01-28,12.57
2002-02-14,12.42
2002-03-01,12.75
2002-03-14,12.48
2002-03-28,12.32
2002-04-16,12.28
2002-04-26,12.2
2002-05-15,12.17
2002-05-28,12.03
2002-06-14,11.96
2002-06-27,11.99
2002-07-16,11.99
2002-07-26,12.02
2002-08-14,11.86
2002-08-28,12.07
2002-09-16,11.75
2002-09-27,11.75
2002-10-15,11.71
2002-10-29,11.82
2002-11-14,12.19
2002-11-29,12.08
2002-12-16,12.02
2002-12-31,12.61
2003-01-14,12.44
2003-01-28,12.58
2003-02-12,12.31
2003-02-27,12.2
2003-03-13,12.35
2003-03-26,12.2
2003-04-15,12.09
2003-04-28,12.22
2003-05-14,12.08
2003-05-28,12.29
2003-06-18,12.03
2003-06-27,11.92
2003-07-16,11.78
2003-07-29,11.65
2003-08-14,11.41
2003-08-28,11.39
2003-09-15,11.34
2003-10-01,11.31
2003-10-14,12.08
2003-10-27,11.45
2003-11-13,11.64
2003-11-28,11.69
2003-12-12,11.72
2003-12-30,11.47
2004-01-14,12.27
2004-01-28,12.31
2004-02-12,12.54
2004-02-27,12.3
2004-03-16,12.15
2004-03-30,12.2
2004-04-15,12.23
2004-04-27,12.14
2004-05-14,12.14
2004-05-25,12.03
2004-06-16,11.92
2004-06-30,11.83
2004-07-14,11.91
2004-07-27,12.1
2004-08-13,11.94
2004-08-27,12.07
2004-09-14,11.89
2004-09-29,11.94
2004-10-15,11.84
2004-10-28,11.92
2004-11-12,12.06
2004-11-26,12.25
2004-12-14,12.11
2004-12-29,12.34
2005-01-14,12.13
2005-01-27,12.4
2005-02-16,12.64
2005-03-01,12.39
2005-03-15,12.34
2005-03-29,12.23
2005-04-13,12.2
2005-04-26,12.15
2005-05-13,12.27
2005-05-27,12.12
2005-06-13,12.06
2005-06-29,11.86
2005-07-18,11.82
2005-07-27,11.81
2005-08-15,11.88
2005-08-29,11.8
2005-09-14,11.69
2005-09-28,11.53
2005-10-14,11.56
2005-10-28,11.62
2005-11-15,11.61
2005-11-25,11.69
2005-12-14,11.94
2005-12-29,12.02
2006-01-13,11.99
2006-01-30,11.91
2006-02-15,12.11
2006-03-06,12.2
2006-03-14,12.29
2006-03-28,12.28
2006-04-13,12.17
2006-04-28,12.08
2006-05-16,11.97
2006-05-30,12.29
2006-06-14,11.96
2006-06-28,11.88
2006-07-11,11.58
2006-07-28,11.42
2006-08-14,11.53
2006-08-30,11.8
2006-09-14,11.79
2006-09-28,11.74
2006-10-16,11.82
2006-10-30,11.82
2006-11-14,11.88
2006-11-30,12.05
2006-12-13,12.21
2006-12-29,12.07
2007-01-14,12.3
2007-01-24,12.4
2007-02-12,12.54
2007-02-28,12.52
2007-03-13,12.44
2007-03-28,12.23
2007-04-13,12.08
2007-04-27,11.99
2007-05-15,12.22
2007-05-30,12.11
2007-06-15,11.97
2007-06-26,12.09
2007-07-16,12.1
2007-07-26,12.1
2007-08-15,12.15
2007-08-29,12.02
2007-09-18,11.94
2007-09-27,11.93
2007-10-18,11.88
2007-10-31,11.93
2007-11-14,12.19
2007-11-30,12.12
2007-12-13,12.42
2007-12-28,12.23
2008-01-15,12.31
2008-01-29,12.22
2008-02-14,12.4
2008-02-27,12.25
2008-03-12,12.36
2008-03-27,12.51
2008-04-14,12.29
2008-04-28,
2008-05-15,12.05
2008-05-28,
2008-06-12,12.1
2008-06-26,11.8
2008-07-16,11.96
2008-07-28,11.95
2008-08-19,11.89
2008-08-29,11.83
2008-09-16,11.84
2008-10-02,11.79
2008-10-15,11.86
2008-10-29,11.87
2008-11-19,11.93
2008-12-02,12.05
2008-12-16,12.04
2008-12-30,11.99
2009-01-13,11.95
2009-01-30,12.11
2009-02-16,12.26
2009-03-05,12.14
2009-03-13,12.19
2009-03-26,12.14
2009-04-20,12.11
2009-04-28,12.07
2009-05-18,11.97
2009-05-27,11.88
2009-06-15,11.97
2009-06-30,11.88
2009-07-16,11.85
2009-07-28,12.02
2009-08-13,11.9
2009-08-27,11.69
2009-09-15,11.6
2009-10-02,11.51
2009-10-15,11.82
2009-10-27,11.73
2009-11-16,11.99
2009-11-26,12.22
2009-12-15,12.32
2009-12-29,12.42
2010-01-15,12.2
2010-01-28,12.28
2010-02-08,12.44
2010-03-05,12.39
2010-03-17,12.35
2010-03-30,12.47
2010-04-14,12.23
2010-05-04,12.13
2010-05-12,12.29
2010-05-27,12.08
2010-06-17,11.94
2010-06-28,11.67
2010-07-14,11.64
2010-07-26,11.57
2010-08-16,11.6
2010-08-25,11.72
2010-09-17,12.21
2010-09-28,12.06
2010-10-15,12.01
2010-10-27,12.16
2010-11-15,12.72
2010-12-01,12.32
2010-12-14,12.31
2010-12-28,12.26
2011-01-10,12.52
2011-02-01,12.35
2011-03-02,12.44
2011-03-03,12.41
2011-03-04,12.38
2011-03-05,12.37
2011-03-06,12.34
2011-03-07,12.32
2011-03-08,12.32
2011-03-09,12.31
2011-03-10,12.31
2011-03-11,12.28
2011-03-12,12.31
2011-03-13,12.29
2011-03-14,12.28
2011-03-15,12.28
2011-03-16,12.28
2011-03-17,12.26
2011-03-18,12.23
2011-03-19,12.3
2011-03-20,12.28
2011-03-21,12.25
2011-03-22,12.23
2011-03-23,12.22
2011-03-24,12.23
2011-03-25,12.26
2011-03-26,12.23
2011-03-27,12.23
2011-03-28,12.2
2011-03-29,12.21
2011-03-30,12.21
2011-03-31,12.28
2011-04-01,12.27
2011-04-02,12.29
2011-04-03,12.28
2011-04-04,12.26
2011-04-05,12.24
2011-04-06,12.21
2011-04-07,12.21
2011-04-08,12.21
2011-04-09,12.19
2011-04-10,12.19
2011-04-11,12.2
2011-04-12,12.16
2011-04-13,12.18
2011-04-14,12.17
2011-04-15,12.16
2011-04-16,12.15
2011-04-17,12.14
2011-04-18,12.15
2011-04-19,12.14
2011-04-20,12.13
2011-04-21,12.13
2011-04-22,12.13
2011-04-23,12.1
2011-04-24,12.09
2011-04-25,12.08
2011-04-26,12.06
2011-04-27,12.05
2011-04-28,12.08
2011-04-29,12.09
2011-04-30,12.09
2011-05-01,12.08
2011-05-02,12.07
2011-05-03,12.03
2011-05-04,12.04
2011-05-05,12.04
2011-05-06,12.04
2011-05-07,12.03
2011-05-08,12.02
2011-05-09,11.99
2011-05-10,12.0
2011-05-11,12.0
2011-05-12,12.0
2011-05-13,11.97
2011-05-14,11.96
2011-05-15,11.96
2011-05-16,11.97
2011-05-17,11.98
2011-05-18,11.97
2011-05-19,11.94
2011-05-20,11.93
2011-05-21,11.91
2011-05-22,11.93
2011-05-23,11.9
2011-05-24,11.87
2011-05-25,11.89
2011-05-26,11.9
2011-05-27,11.86
2011-05-28,11.85
2011-05-29,11.85
2011-05-30,11.82
2011-05-31,11.79
2011-06-01,11.79
2011-06-02,11.77
2011-06-03,11.78
2011-06-04,11.78
2011-06-05,11.77
2011-06-06,11.77
2011-06-07,11.75
2011-06-08,11.77
2011-06-09,11.78
2011-06-10,11.78
2011-06-11,11.76
2011-06-12,11.78
2011-06-13,11.8
2011-06-14,11.79
2011-06-15,11.81
2011-06-16,11.83
2011-06-17,11.86
2011-06-18,11.86
2011-06-19,11.86
2011-06-20,11.88
2011-06-21,11.88
2011-06-22,11.89
2011-06-23,11.89
2011-06-24,11.87
2011-06-25,11.89
2011-06-26,11.9
2011-06-27,11.9
2011-06-28,11.89
2011-06-29,11.86
2011-06-30,11.85
2011-07-01,11.84
2011-07-02,11.83
2011-07-03,11.83
2011-07-04,11.81
2011-07-05,11.79
2011-07-06,11.79
2011-07-07,11.77
2011-07-08,11.76
2011-07-09,11.72
2011-07-10,11.7
2011-07-11,11.67
2011-07-12,11.68
2011-07-13,11.69
2011-07-14,11.72
2011-07-15,11.71
2011-07-16,11.75
2011-07-17,11.76
2011-07-18,11.78
2011-07-19,11.77
2011-07-20,11.76
2011-07-21,11.76
2011-07-22,11.79
2011-07-23,11.82
2011-07-24,11.84
2011-07-25,11.92
2011-07-26,11.93
2011-07-27,11.94
2011-07-28,11.95
2011-07-29,11.95
2011-07-30,11.96
2011-07-31,11.96
2011-08-01,11.95
2011-08-02,11.94
2011-08-03,11.93
2011-08-04,11.93
2011-08-05,11.92
2011-08-06,11.94
2011-08-07,11.92
2011-08-08,11.91
2011-08-09,11.9
2011-08-10,11.94
2011-08-11,11.95
2011-08-12,11.94
2011-08-13,11.94
2011-08-14,12.0
2011-08-15,12.06
2011-08-16,12.06
2011-08-17,12.05
2011-08-18,12.03
2011-08-19,12.02
2011-08-20,12.02
2011-08-21,12.03
2011-08-22,12.0
2011-08-23,12.03
2011-08-24,12.12
2011-08-25,12.12
2011-08-26,12.12
2011-08-27,12.11
2011-08-28,12.12
2011-08-29,12.1
2011-08-30,12.09
2011-08-31,12.07
2011-09-01,12.05
2011-09-02,12.04
2011-09-03,12.02
2011-09-04,12.01
2011-09-05,11.99
2011-09-06,11.99
2011-09-07,12.01
2011-09-08,12.05
2011-09-09,12.06
2011-09-10,12.07
2011-09-11,12.04
2011-09-12,12.04
2011-09-13,12.01
2011-09-14,11.97
2011-09-15,11.95
2011-09-16,11.96
2011-09-17,11.95
2011-09-18,11.94
2011-09-19,11.91
2011-09-20,11.9
2011-09-21,11.9
2011-09-22,11.87
2011-09-23,11.86
2011-09-24,11.86
2011-09-25,11.84
2011-09-26,11.82
2011-09-27,11.8
2011-09-28,11.8
2011-09-29,11.78
2011-09-30,11.78
2011-10-01,11.77
2011-10-02,11.77
2011-10-03,11.77
2011-10-04,11.76
2011-10-05,11.77
2011-10-06,11.79
2011-10-07,11.78
2011-10-08,11.8
2011-10-09,11.81
2011-10-10,11.83
2011-10-11,11.83
2011-10-12,11.86
2011-10-13,11.93
2011-10-14,11.94
2011-10-15,11.96
2011-10-16,11.95
2011-10-17,11.95
2011-10-18,11.94
2011-10-19,11.92
2011-10-20,11.91
2011-10-21,11.92
2011-10-22,11.94
2011-10-23,11.93
2011-10-24,11.94
2011-10-25,11.93
2011-10-26,11.89
2011-10-27,11.9
2011-10-28,11.87
2011-10-29,11.88
2011-10-30,11.88
2011-10-31,11.88
2011-11-01,11.89
2011-11-02,11.89
2011-11-03,11.91
2011-11-04,11.88
2011-11-05,11.86
2011-11-06,11.83
2011-11-07,11.83
2011-11-08,11.84
2011-11-09,11.82
2011-11-10,11.82
2011-11-11,11.82
2011-11-12,11.8
2011-11-13,11.77
2011-11-14,11.81
2011-11-15,11.81
2011-11-16,11.8
2011-11-17,11.79
2011-11-18,11.79
2011-11-19,11.8
2011-11-20,11.81
2011-11-21,11.82
2011-11-22,11.82
2011-11-23,11.81
2011-11-24,11.81
2011-11-25,11.83
2011-11-26,11.81
2011-11-27,11.83
2011-11-28,11.8
2011-11-29,11.84
2011-11-30,11.8
2011-12-01,11.84
2011-12-02,11.81
2011-12-03,11.86
2011-12-04,11.88
2011-12-05,11.87
2011-12-06,11.89
2011-12-07,11.9
2011-12-08,11.91
2011-12-09,11.93
2011-12-10,11.95
2011-12-11,11.97
2011-12-12,11.96
2011-12-13,12.01
2011-12-14,12.03
2011-12-15,12.09
2011-12-16,12.2
2011-12-17,12.24
2011-12-18,12.24
2011-12-19,12.24
2011-12-20,12.29
2011-12-21,12.29
2011-12-22,12.29
2011-12-23,12.31
2011-12-24,12.28
2011-12-25,12.28
2011-12-26,12.27
2011-12-27,12.26
2011-12-28,12.28
2011-12-29,12.24
2011-12-30,12.29
2011-12-31,12.34
2012-01-01,12.38
2012-01-02,12.47
2012-01-03,12.49
2012-01-04,12.49
2012-01-05,12.6
2012-01-06,12.59
2012-01-07,12.59
2012-01-08,12.53
2012-01-09,12.52
2012-01-10,12.48
2012-01-11,12.45
2012-01-12,12.45
2012-01-13,12.41
2012-01-14,12.38
2012-01-15,12.35
2012-01-16,12.32
2012-01-17,12.29
2012-01-18,12.27
2012-01-19,12.48
2012-01-20,12.56
2012-01-21,12.62
2012-01-22,12.62
2012-01-23,12.57
2012-01-24,12.51
2012-01-25,12.47
2012-01-26,12.46
2012-01-27,12.4
2012-01-28,12.36
2012-01-29,12.34
2012-01-30,12.33
2012-01-31,12.3
2012-02-01,12.25
2012-02-02,12.22
2012-02-03,12.19
2012-02-04,12.17
2012-02-05,12.16
2012-02-06,12.14
2012-02-07,12.11
2012-02-08,12.1
2012-02-09,12.09
2012-02-10,12.07
2012-02-11,12.06
2012-02-12,12.05
2012-02-13,12.07
2012-02-14,12.06
2012-02-15,12.06
2012-02-16,12.07
2012-02-17,12.12
2012-02-18,12.21
2012-02-19,12.29
2012-02-20,12.27
2012-02-21,12.29
2012-02-22,12.29
2012-02-23,12.28
2012-02-24,12.27
2012-02-25,12.26
2012-02-26,12.23
2012-02-27,12.23
2012-02-28,12.21
2012-02-29,12.2
2012-03-01,12.19
2012-03-02,12.18
2012-03-03,12.18
2012-03-04,12.18
2012-03-05,12.28
2012-03-06,12.21
2012-03-07,12.22
2012-03-08,12.26
2012-03-09,12.24
2012-03-10,12.22
2012-03-11,12.21
2012-03-12,12.19
2012-03-13,12.17
2012-03-14,12.16
2012-03-15,12.17
2012-03-16,12.17
2012-03-17,12.18
2012-03-18,12.17
2012-03-19,12.13
2012-03-20,12.14
2012-03-21,12.12
2012-03-22,12.12
2012-03-23,12.13
2012-03-24,12.13
2012-03-25,12.12
2012-03-26,12.11
2012-03-27,12.11
2012-03-28,12.12
2012-03-29,12.12
2012-03-30,12.11
2012-03-31,12.12
2012-04-01,12.1
2012-04-02,12.12
2012-04-03,12.13
2012-04-04,12.09
2012-04-05,12.14
2012-04-06,12.16
2012-04-07,12.16
2012-04-08,12.13
2012-04-09,12.19
2012-04-10,12.22
2012-04-11,12.29
2012-04-12,12.28
2012-04-13,12.26
2012-04-14,12.26
2012-04-15,12.24
2012-04-16,12.21
2012-04-17,12.25
2012-04-18,12.26
2012-04-19,12.25
2012-04-20,12.21
2012-04-21,12.23
2012-04-22,12.23
2012-04-23,12.29
2012-04-24,12.28
2012-04-25,12.25
2012-04-26,12.23
2012-04-27,12.19
2012-04-28,12.21
2012-04-29,12.21
2012-04-30,12.17
2012-05-01,12.16
2012-05-02,12.18
2012-05-03,12.18
2012-05-04,12.18
2012-05-05,12.15
2012-05-06,12.15
2012-05-07,12.13
2012-05-08,12.15
2012-05-09,12.12
2012-05-10,12.12
2012-05-11,12.12
2012-05-12,12.09
2012-05-13,12.11
2012-05-14,12.12
2012-05-15,12.12
2012-05-16,12.07
2012-05-17,12.09
2012-05-18,12.11
2012-05-19,12.08
2012-05-20,12.07
2012-05-21,12.08
2012-05-22,12.05
2012-05-23,12.03
2012-05-24,12.53
2012-05-25,12.48
2012-05-26,12.42
2012-05-27,12.37
2012-05-28,12.34
2012-05-29,12.31
2012-05-30,12.27
2012-05-31,12.26
2012-06-01,12.25
2012-06-02,12.23
2012-06-03,12.3
2012-06-04,12.37
2012-06-05,12.47
2012-06-06,12.51
2012-06-07,12.5
2012-06-08,12.49
2012-06-09,12.43
2012-06-10,12.38
2012-06-11,12.36
2012-06-12,12.35
2012-06-13,12.3
2012-06-14,12.26
2012-06-15,12.28
2012-06-16,12.31
2012-06-17,12.33
2012-06-18,12.36
2012-06-19,12.32
2012-06-20,12.29
2012-06-21,12.27
2012-06-22,12.22
2012-06-23,12.19
2012-06-24,12.23
2012-06-25,12.24
2012-06-26,12.19
2012-06-27,12.19
2012-06-28,12.2
2012-06-29,12.16
2012-06-30,12.13
2012-07-01,12.11
2012-07-02,12.1
2012-07-03,12.09
2012-07-04,12.07
2012-07-05,12.06
2012-07-06,12.18
2012-07-07,12.15
2012-07-08,12.17
2012-07-09,12.17
2012-07-10,12.16
2012-07-11,12.14
2012-07-12,12.16
2012-07-13,12.23
2012-07-14,12.24
2012-07-15,12.27
2012-07-16,12.23
2012-07-17,12.32
2012-07-18,12.35
2012-07-19,12.34
2012-07-20,12.31
2012-07-21,12.24
2012-07-22,12.2
2012-07-23,12.18
2012-07-24,12.16
2012-07-25,12.13
2012-07-26,12.09
2012-07-27,12.09
2012-07-28,12.24
2012-07-29,12.37
2012-07-30,12.33
2012-07-31,12.35
2012-08-01,12.33
2012-08-02,12.26
2012-08-03,12.23
2012-08-04,12.2
2012-08-05,12.18
2012-08-06,12.14
2012-08-07,12.11
2012-08-08,12.08
2012-08-09,12.07
2012-08-10,12.05
2012-08-11,12.04
2012-08-12,12.03
2012-08-13,12.0
2012-08-14,11.99
2012-08-15,12.0
2012-08-16,11.95
2012-08-17,11.95
2012-08-18,11.93
2012-08-19,11.92
2012-08-20,11.89
2012-08-21,11.89
2012-08-22,11.86
2012-08-23,11.86
2012-08-24,11.86
2012-08-25,11.85
2012-08-26,11.83
2012-08-27,11.85
2012-08-28,11.86
2012-08-29,11.86
2012-08-30,11.85
2012-08-31,11.81
2012-09-01,11.82
2012-09-02,11.81
2012-09-03,11.8
2012-09-04,11.79
2012-09-05,11.77
2012-09-06,11.77
2012-09-07,11.78
2012-09-08,11.77
2012-09-09,11.78
2012-09-10,11.76
2012-09-11,11.77
2012-09-12,11.76
2012-09-13,11.74
2012-09-14,11.76
2012-09-15,11.73
2012-09-16,11.75
2012-09-17,11.74
2012-09-18,11.75
2012-09-19,11.73
2012-09-20,11.73
2012-09-21,11.73
2012-09-22,11.7
2012-09-23,11.72
2012-09-24,11.83
2012-09-25,11.81
2012-09-26,11.8
2012-09-27,11.8
2012-09-28,11.79
2012-09-29,11.79
2012-09-30,11.78
2012-10-01,11.79
2012-10-02,11.79
2012-10-03,11.8
2012-10-04,11.81
2012-10-05,11.87
2012-10-06,11.88
2012-10-07,11.89
2012-10-08,11.92
2012-10-09,11.9
2012-10-10,11.9
2012-10-11,11.91
2012-10-12,11.9
2012-10-13,11.93
2012-10-14,11.96
2012-10-15,11.93
2012-10-16,11.95
2012-10-17,11.95
2012-10-18,11.94
2012-10-19,11.93
2012-10-20,11.91
2012-10-21,11.92
2012-10-22,11.91
2012-10-23,11.9
2012-10-24,11.9
2012-10-25,11.91
2012-10-26,11.92
2012-10-27,11.89
2012-10-28,11.88
2012-10-29,11.88
2012-10-30,11.89
2012-10-31,11.91
2012-11-01,11.94
2012-11-02,11.89
2012-11-03,11.91
2012-11-04,11.93
2012-11-05,11.93
2012-11-06,11.92
2012-11-07,11.93
2012-11-08,11.97
2012-11-09,11.98
2012-11-10,11.99
2012-11-11,11.94
2012-11-12,11.93
2012-11-13,11.92
2012-11-14,11.93
2012-11-15,11.93
2012-11-16,11.93
2012-11-17,11.93
2012-11-18,11.91
2012-11-19,11.92
2012-11-20,11.92
2012-11-21,11.94
2012-11-22,11.91
2012-11-23,11.92
2012-11-24,11.91
2012-11-25,11.92
2012-11-26,11.95
2012-11-27,11.94
2012-11-28,11.93
2012-11-29,11.93
2012-11-30,11.92
2012-12-01,11.91
2012-12-02,11.92
2012-12-03,11.95
2012-12-04,11.97
2012-12-05,11.97
2012-12-06,11.95
2012-12-07,12.0
2012-12-08,11.93
2012-12-09,11.99
2012-12-10,12.11
2012-12-11,12.12
2012-12-12,12.13
2012-12-13,12.13
2012-12-14,12.14
2012-12-15,12.17
2012-12-16,12.2
2012-12-17,12.22
2012-12-18,12.22
2012-12-19,12.21
2012-12-20,12.23
2012-12-21,12.28
2012-12-22,12.29
2012-12-23,12.46
2012-12-24,12.59
2012-12-25,12.59
2012-12-26,12.58
2012-12-27,12.61
2012-12-28,12.53
2012-12-29,12.55
2012-12-30,12.54
2012-12-31,12.5
2013-01-01,12.58
2013-01-02,12.56
2013-01-03,12.51
2013-01-04,12.48
2013-01-05,12.46
2013-01-06,12.43
2013-01-07,12.4
2013-01-08,12.38
2013-01-09,12.38
2013-01-10,12.41
2013-01-11,12.38
2013-01-12,12.36
2013-01-13,12.32
2013-01-14,12.31
2013-01-15,12.31
2013-01-16,12.28
2013-01-17,12.25
2013-01-18,12.27
2013-01-19,12.26
2013-01-20,12.25
2013-01-21,12.22
2013-01-22,12.21
2013-01-23,12.17
2013-01-24,12.16
2013-01-25,12.14
2013-01-26,12.14
2013-01-27,12.19
2013-01-28,12.23
2013-01-29,12.33
2013-01-30,12.47
2013-01-31,12.45
2013-02-01,12.49
2013-02-02,12.54
2013-02-03,12.51
2013-02-04,12.57
2013-02-05,12.57
2013-02-06,12.52
2013-02-07,12.52
2013-02-08,12.52
2013-02-09,12.5
2013-02-10,12.51
2013-02-11,12.44
2013-02-12,12.35
2013-02-13,12.31
2013-02-14,12.33
2013-02-15,12.29
2013-02-16,12.32
2013-02-17,12.33
2013-02-18,12.3
2013-02-19,12.29
2013-02-20,12.25
2013-02-21,12.23
2013-02-22,12.22
2013-02-23,12.19
2013-02-24,12.18
2013-02-25,12.17
2013-02-26,12.17
2013-02-27,12.19
2013-02-28,12.18
2013-03-01,12.17
2013-03-02,12.16
2013-03-03,12.15
2013-03-04,12.16
2013-03-05,12.16
2013-03-06,12.15
2013-03-07,12.14
2013-03-08,12.12
2013-03-09,12.14
2013-03-10,12.24
2013-03-11,12.21
2013-03-12,12.19
2013-03-13,12.16
2013-03-14,12.12
2013-03-15,12.12
2013-03-16,12.13
2013-03-17,12.15
2013-03-18,12.14
2013-03-19,12.1
2013-03-20,12.09
2013-03-21,12.1
2013-03-22,12.14
2013-03-23,12.12
2013-03-24,12.1
2013-03-25,12.09
2013-03-26,12.08
2013-03-27,12.07
2013-03-28,12.06
2013-03-29,12.05
2013-03-30,12.05
2013-03-31,12.03
2013-04-01,12.04
2013-04-02,12.02
2013-04-03,12.02
2013-04-04,12.02
2013-04-05,12.01
2013-04-06,11.99
2013-04-07,12.0
2013-04-08,12.03
2013-04-09,12.03
2013-04-10,12.0
2013-04-11,12.04
2013-04-12,12.06
2013-04-13,12.05
2013-04-14,12.07
2013-04-15,12.07
2013-04-16,12.08
2013-04-17,12.08
2013-04-18,12.07
2013-04-19,12.05
2013-04-20,12.05
2013-04-21,12.07
2013-04-22,12.05
2013-04-23,12.04
2013-04-24,12.03
2013-04-25,12.04
2013-04-26,12.06
2013-04-27,12.08
2013-04-28,12.07
2013-04-29,12.07
2013-04-30,12.06
2013-05-01,12.07
2013-05-02,12.06
2013-05-03,12.06
2013-05-04,12.04
2013-05-05,12.04
2013-05-06,12.04
2013-05-07,12.04
2013-05-08,12.05
2013-05-09,12.03
2013-05-10,12.02
2013-05-11,12.01
2013-05-12,12.01
2013-05-13,12.02
2013-05-14,12.01
2013-05-15,12.02
2013-05-16,12.01
2013-05-17,12.03
2013-05-18,12.04
2013-05-19,12.04
2013-05-20,12.03
2013-05-21,12.01
2013-05-22,12.02
2013-05-23,12.04
2013-05-24,12.02
2013-05-25,12.0
2013-05-26,12.01
2013-05-27,12.0
2013-05-28,12.02
2013-05-29,11.99
2013-05-30,11.97
2013-05-31,11.97
2013-06-01,11.94
2013-06-02,11.94
2013-06-03,11.94
2013-06-04,11.95
2013-06-05,11.94
2013-06-06,11.93
2013-06-07,11.92
2013-06-08,11.9
2013-06-09,11.91
2013-06-10,11.89
2013-06-11,11.88
2013-06-12,11.88
2013-06-13,11.89
2013-06-14,11.87
2013-06-15,11.88
2013-06-16,11.86
2013-06-17,11.85
2013-06-18,11.82
2013-06-19,11.82
2013-06-20,11.82
2013-06-21,11.83
2013-06-22,11.83
2013-06-23,11.8
2013-06-24,11.81
2013-06-25,11.83
2013-06-26,11.83
2013-06-27,11.83
2013-06-28,11.85
2013-06-29,11.86
2013-06-30,11.9
2013-07-01,11.9
2013-07-02,11.89
2013-07-03,11.89
2013-07-04,11.87
2013-07-05,11.84
2013-07-06,11.83
2013-07-07,11.82
2013-07-08,11.79
2013-07-09,11.77
2013-07-10,11.77
2013-07-11,11.78
2013-07-12,11.77
2013-07-13,11.68
2013-07-14,11.72
2013-07-15,11.68
2013-07-16,11.66
2013-07-17,11.64
2013-07-18,11.66
2013-07-19,11.65
2013-07-20,11.63
2013-07-21,11.65
2013-07-22,11.62
2013-07-23,11.6
2013-07-24,11.65
2013-07-25,11.68
2013-07-26,11.7
2013-07-27,11.74
2013-07-28,11.76
2013-07-29,11.78
2013-07-30,11.78
2013-07-31,11.77
2013-08-01,11.78
2013-08-02,11.77
2013-08-03,11.73
2013-08-04,11.72
2013-08-05,11.7
2013-08-06,11.65
2013-08-07,11.66
2013-08-08,11.66
2013-08-09,11.66
2013-08-10,11.65
2013-08-11,11.65
2013-08-12,11.64
2013-08-13,11.61
2013-08-14,11.6
2013-08-15,11.6
2013-08-16,11.59
2013-08-17,11.58
2013-08-18,11.58
2013-08-19,11.56
2013-08-20,11.57
2013-08-21,11.59
2013-08-22,11.58
2013-08-23,11.59
2013-08-24,11.58
2013-08-25,11.56
2013-08-26,11.55
2013-08-27,11.53
2013-08-28,11.51
2013-08-29,11.51
2013-08-30,11.53
2013-08-31,11.48
2013-09-01,11.5
2013-09-02,11.51
2013-09-03,11.48
2013-09-04,11.49
2013-09-05,11.48
2013-09-06,11.45
2013-09-07,11.44
2013-09-08,11.46
2013-09-09,11.51
2013-09-10,11.58
2013-09-11,11.68
2013-09-12,11.76
2013-09-13,11.8
2013-09-14,11.86
2013-09-15,11.89
2013-09-16,11.91
2013-09-17,11.93
2013-09-18,11.94
2013-09-19,11.94
2013-09-20,11.93
2013-09-21,11.93
2013-09-22,11.93
2013-09-23,11.93
2013-09-24,11.94
2013-09-25,11.94
2013-09-26,11.88
2013-09-27,11.88
2013-09-28,11.87
2013-09-29,11.86
2013-09-30,11.84
2013-10-01,11.81
2013-10-02,11.81
2013-10-03,11.81
2013-10-04,11.81
2013-10-05,11.8
2013-10-06,11.8
2013-10-07,11.8
2013-10-08,11.8
2013-10-09,11.81
2013-10-10,11.8
2013-10-11,11.78
2013-10-12,11.79
2013-10-13,11.83
2013-10-14,11.91
2013-10-15,11.94
2013-10-16,11.97
2013-10-17,11.98
2013-10-18,11.96
2013-10-19,11.98
2013-10-20,11.96
2013-10-21,11.95
2013-10-22,11.96
2013-10-23,11.99
2013-10-24,11.97
2013-10-25,12.0
2013-10-26,11.98
2013-10-27,12.0
2013-10-28,12.0
2013-10-29,11.97
2013-10-30,11.95
2013-10-31,11.97
2013-11-01,11.97
2013-11-02,11.99
2013-11-03,12.01
2013-11-04,12.07
2013-11-05,12.12
2013-11-06,12.13
2013-11-07,12.13
2013-11-08,12.19
2013-11-09,12.21
2013-11-10,12.22
2013-11-11,12.2
2013-11-12,12.19
2013-11-13,12.16
2013-11-14,12.19
2013-11-15,12.15
2013-11-16,12.14
2013-11-17,12.15
2013-11-18,12.16
2013-11-19,12.12
2013-11-20,12.13
2013-11-21,12.1
2013-11-22,12.07
2013-11-23,12.06
2013-11-24,12.04
2013-11-25,12.02
2013-11-26,12.01
2013-11-27,12.01
2013-11-28,12.01
2013-11-29,12.04
2013-11-30,12.03
2013-12-01,12.03
2013-12-02,12.03
2013-12-03,12.03
2013-12-04,12.03
2013-12-05,12.05
2013-12-06,12.06
2013-12-07,12.12
2013-12-08,12.15
2013-12-09,12.13
2013-12-10,12.11
2013-12-11,12.1
2013-12-12,12.09
2013-12-13,12.08
2013-12-14,12.05
2013-12-15,12.06
2013-12-16,12.07
2013-12-17,12.05
2013-12-18,12.05
2013-12-19,12.07
2013-12-20,12.03
2013-12-21,12.05
2013-12-22,12.07
2013-12-23,12.08
2013-12-24,12.13
2013-12-25,12.23
2013-12-26,12.24
2013-12-27,12.25
2013-12-28,12.3
2013-12-29,12.3
2013-12-30,12.3
2013-12-31,12.29
2014-01-01,12.26
2014-01-02,12.25
2014-01-03,12.23
2014-01-04,12.25
2014-01-05,12.2
2014-01-06,12.2
2014-01-07,12.22
2014-01-08,12.21
2014-01-09,12.26
2014-01-10,12.19
2014-01-11,12.19
2014-01-12,12.16
2014-01-13,12.16
2014-01-14,12.16
2014-01-15,12.14
2014-01-16,12.16
2014-01-17,12.15
2014-01-18,12.16
2014-01-19,12.15
2014-01-20,12.11
2014-01-21,12.09
2014-01-22,12.09
2014-01-23,12.09
2014-01-24,12.09
2014-01-25,12.1
2014-01-26,12.16
2014-01-27,12.28
2014-01-28,12.26
2014-01-29,12.22
2014-01-30,12.18
2014-01-31,12.16
2014-02-01,12.17
2014-02-02,12.12
2014-02-03,12.13
2014-02-04,12.11
2014-02-05,12.14
2014-02-06,12.08
2014-02-07,12.17
2014-02-08,12.23
2014-02-09,12.21
2014-02-10,12.18
2014-02-11,12.15
2014-02-12,12.16
2014-02-13,12.2
2014-02-14,12.22
2014-02-15,12.3
2014-02-16,12.25
2014-02-17,12.22
2014-02-18,12.21
2014-02-19,12.19
2014-02-20,12.21
2014-02-21,12.2
2014-02-22,12.18
2014-02-23,12.16
2014-02-24,12.17
2014-02-25,12.16
2014-02-26,12.12
2014-02-27,12.14
2014-02-28,12.16
2014-03-01,12.13
2014-03-02,12.11
2014-03-03,12.13
2014-03-04,12.08
2014-03-05,12.04
2014-03-06,12.04
2014-03-07,12.05
2014-03-08,12.04
2014-03-09,12.04
2014-03-10,12.04
2014-03-11,12.02
2014-03-12,12.02
2014-03-13,12.02
2014-03-14,12.02
2014-03-15,12.0
2014-03-16,12.0
2014-03-17,12.01
2014-03-18,12.04
2014-03-19,12.01
2014-03-20,12.05
2014-03-21,12.05
2014-03-22,12.07
2014-03-23,12.04
2014-03-24,12.03
2014-03-25,12.05
2014-03-26,12.03
2014-03-27,12.04
2014-03-28,12.03
2014-03-29,12.03
2014-03-30,12.03
2014-03-31,12.03
2014-04-01,12.02
2014-04-02,12.04
2014-04-03,12.04
2014-04-04,12.02
2014-04-05,12.01
2014-04-06,12.02
2014-04-07,12.03
2014-04-08,12.02
2014-04-09,12.01
2014-04-10,12.02
2014-04-11,12.02
2014-04-12,12.02
2014-04-13,12.01
2014-04-14,12.0
2014-04-15,11.99
2014-04-16,11.99
2014-04-17,12.02
2014-04-18,12.0
2014-04-19,11.99
2014-04-20,12.02
2014-04-21,12.0
2014-04-22,11.97
2014-04-23,11.97
2014-04-24,11.97
2014-04-25,11.99
2014-04-26,11.97
2014-04-27,11.98
2014-04-28,11.97
2014-04-29,11.97
2014-04-30,11.98
2014-05-01,11.98
2014-05-02,11.97
2014-05-03,11.95
2014-05-04,11.95
2014-05-05,11.96
2014-05-06,11.96
2014-05-07,11.95
2014-05-08,11.95
2014-05-09,11.99
2014-05-10,12.14
2014-05-11,12.16
2014-05-12,12.14
2014-05-13,12.22
2014-05-14,12.19
2014-05-15,12.16
2014-05-16,12.16
2014-05-17,12.15
2014-05-18,12.14
2014-05-19,12.12
2014-05-20,12.09
2014-05-21,12.07
2014-05-22,12.05
2014-05-23,12.04
2014-05-24,12.01
2014-05-25,12.0
2014-05-26,12.01
2014-05-27,12.02
2014-05-28,12.06
2014-05-29,12.14
2014-05-30,12.16
2014-05-31,12.15
2014-06-01,12.12
2014-06-02,12.1
2014-06-03,12.09
2014-06-04,12.09
2014-06-05,12.11
2014-06-06,12.11
2014-06-07,12.09
2014-06-08,12.06
2014-06-09,12.05
2014-06-10,12.09
2014-06-11,12.07
2014-06-12,12.06
2014-06-13,12.05
2014-06-14,12.03
2014-06-15,12.01
2014-06-16,12.0
2014-06-17,11.98
2014-06-18,11.98
2014-06-19,11.98
2014-06-20,11.96
2014-06-21,11.94
2014-06-22,11.94
2014-06-23,11.94
2014-06-24,11.93
2014-06-25,11.93
2014-06-26,11.91
2014-06-27,11.9
2014-06-28,11.9
2014-06-29,11.88
2014-06-30,11.88
2014-07-01,11.87
2014-07-02,11.86
2014-07-03,11.87
2014-07-04,11.88
2014-07-05,11.87
2014-07-06,11.87
2014-07-07,11.84
2014-07-08,11.89
2014-07-09,12.06
2014-07-10,12.14
2014-07-11,12.19
2014-07-12,12.18
2014-07-13,12.15
2014-07-14,12.12
2014-07-15,12.09
2014-07-16,12.08
2014-07-17,12.05
2014-07-18,12.04
2014-07-19,12.03
2014-07-20,12.0
2014-07-21,12.01
2014-07-22,12.01
2014-07-23,12.0
2014-07-24,11.98
2014-07-25,11.96
2014-07-26,11.96
2014-07-27,11.94
2014-07-28,11.95
2014-07-29,11.92
2014-07-30,11.9
2014-07-31,11.89
2014-08-01,11.88
2014-08-02,11.87
2014-08-03,11.85
2014-08-04,11.84
2014-08-05,11.83
2014-08-06,11.83
2014-08-07,11.82
2014-08-08,11.83
2014-08-09,11.85
2014-08-10,11.89
2014-08-11,11.87
2014-08-12,11.89
2014-08-13,11.94
2014-08-14,11.92
2014-08-15,11.93
2014-08-16,11.95
2014-08-17,11.98
2014-08-18,11.98
2014-08-19,11.99
2014-08-20,12.0
2014-08-21,12.0
2014-08-22,11.99
2014-08-23,11.98
2014-08-24,11.96
2014-08-25,11.97
2014-08-26,12.02
2014-08-27,12.07
2014-08-28,12.07
2014-08-29,12.11
2014-08-30,12.12
2014-08-31,12.14
2014-09-01,12.12
2014-09-02,12.1
2014-09-03,12.08
2014-09-04,12.07
2014-09-05,12.04
2014-09-06,12.01
2014-09-07,12.0
2014-09-08,11.97
2014-09-09,11.95
2014-09-10,11.95
2014-09-11,11.94
2014-09-12,11.92
2014-09-13,11.9
2014-09-14,11.91
2014-09-15,11.9
2014-09-16,11.9
2014-09-17,11.89
2014-09-18,11.88
2014-09-19,11.87
2014-09-20,11.87
2014-09-21,11.85
2014-09-22,11.85
2014-09-23,11.84
2014-09-24,11.85
2014-09-25,11.82
2014-09-26,11.82
2014-09-27,11.82
2014-09-28,11.84
2014-09-29,11.83
2014-09-30,11.82
2014-10-01,11.82
2014-10-02,11.82
2014-10-03,11.82
2014-10-04,11.84
2014-10-05,11.81
2014-10-06,11.83
2014-10-07,11.85
2014-10-08,11.83
2014-10-09,11.83
2014-10-10,11.81
2014-10-11,11.83
2014-10-12,11.83
2014-10-13,11.86
2014-10-14,11.86
2014-10-15,11.85
2014-10-16,11.86
2014-10-17,11.83
2014-10-18,11.85
2014-10-19,11.86
2014-10-20,11.85
2014-10-21,11.9
2014-10-22,11.9
2014-10-23,11.97
2014-10-24,11.99
2014-10-25,11.99
2014-10-26,11.99
2014-10-27,12.0
2014-10-28,12.0
2014-10-29,11.98
2014-10-30,11.97
2014-10-31,11.97
2014-11-01,11.97
2014-11-02,11.97
2014-11-03,12.01
2014-11-04,12.04
2014-11-05,12.04
2014-11-06,12.03
2014-11-07,12.05
2014-11-08,12.0
2014-11-09,12.0
2014-11-10,11.99
2014-11-11,11.99
2014-11-12,11.98
2014-11-13,11.96
2014-11-14,11.98
2014-11-15,11.97
2014-11-16,11.97
2014-11-17,11.99
2014-11-18,11.99
2014-11-19,11.97
2014-11-20,11.96
2014-11-21,11.97
2014-11-22,11.97
2014-11-23,11.96
2014-11-24,11.93
2014-11-25,11.94
2014-11-26,11.95
2014-11-27,11.95
2014-11-28,11.95
2014-11-29,11.93
2014-11-30,11.93
2014-12-01,11.92
2014-12-02,11.91
2014-12-03,11.89
2014-12-04,11.9
2014-12-05,11.89
2014-12-06,11.88
2014-12-07,11.9
2014-12-08,11.89
2014-12-09,11.86
2014-12-10,11.9
2014-12-11,11.93
2014-12-12,11.98
2014-12-13,12.02
2014-12-14,12.04
2014-12-15,12.04
2014-12-16,12.06
2014-12-17,12.08
2014-12-18,12.07
2014-12-19,12.1
2014-12-20,12.17
2014-12-21,12.18
2014-12-22,12.19
2014-12-23,12.17
2014-12-24,12.16
2014-12-25,12.12
2014-12-26,12.11
2014-12-27,12.2
2014-12-28,12.18
2014-12-29,12.19
2014-12-30,12.21
2014-12-31,12.25
2015-01-01,12.29
2015-01-02,12.28
2015-01-03,12.31
2015-01-04,12.25
2015-01-05,12.25
2015-01-06,12.25
2015-01-07,12.21
2015-01-08,12.24
2015-01-09,12.44
2015-01-10,12.48
2015-01-11,12.49
2015-01-12,12.49
2015-01-13,12.46
2015-01-14,12.49
2015-01-15,12.5
2015-01-16,12.42
2015-01-17,12.37
2015-01-18,12.38
2015-01-19,12.36
2015-01-20,12.33
2015-01-21,12.31
2015-01-22,12.26
2015-01-23,12.23
2015-01-24,12.24
2015-01-25,12.22
2015-01-26,12.32
2015-01-27,12.31
2015-01-28,12.36
2015-01-29,12.42
2015-01-30,12.37
2015-01-31,12.34
2015-02-01,12.29
2015-02-02,12.27
2015-02-03,12.26
2015-02-04,12.22
2015-02-05,12.19
2015-02-06,12.17
2015-02-07,12.16
2015-02-08,12.15
2015-02-09,12.16
2015-02-10,12.15
2015-02-11,12.16
2015-02-12,12.14
2015-02-13,12.15
2015-02-14,12.14
2015-02-15,12.1
2015-02-16,12.1
2015-02-17,12.06
2015-02-18,12.07
2015-02-19,12.1
2015-02-20,12.11
2015-02-21,12.17
2015-02-22,12.16
2015-02-23,12.24
2015-02-24,12.19
2015-02-25,12.19
2015-02-26,12.23
2015-02-27,12.29
2015-02-28,12.3
2015-03-01,12.29
2015-03-02,12.3
2015-03-03,12.3
2015-03-04,12.28
2015-03-05,12.24
2015-03-06,12.23
2015-03-07,12.23
2015-03-08,12.22
2015-03-09,12.18
2015-03-10,12.16
2015-03-11,12.14
2015-03-12,12.13
2015-03-13,12.13
2015-03-14,12.1
2015-03-15,12.1
2015-03-16,12.09
2015-03-17,12.08
2015-03-18,12.06
2015-03-19,12.06
2015-03-20,12.06
2015-03-21,12.07
2015-03-22,12.04
2015-03-23,12.07
2015-03-24,12.07
2015-03-25,12.07
2015-03-26,12.1
2015-03-27,12.06
2015-03-28,12.09
2015-03-29,12.15
2015-03-30,12.28
2015-03-31,12.39
2015-04-01,12.35
2015-04-02,12.4
2015-04-03,12.38
2015-04-04,12.33
2015-04-05,12.28
2015-04-06,12.25
2015-04-07,12.23
2015-04-08,12.22
2015-04-09,12.22
2015-04-10,12.22
2015-04-11,12.19
2015-04-12,12.15
2015-04-13,12.13
2015-04-14,12.15
2015-04-15,12.15
2015-04-16,12.13
2015-04-17,12.1
2015-04-18,12.08
2015-04-19,12.09
2015-04-20,12.06
2015-04-21,12.06
2015-04-22,12.06
2015-04-23,12.08
2015-04-24,12.08
2015-04-25,12.08
2015-04-26,12.07
2015-04-27,12.06
2015-04-28,12.04
2015-04-29,12.05
2015-04-30,12.05
2015-05-01,12.04
2015-05-02,12.02
2015-05-03,12.06
2015-05-04,12.03
2015-05-05,12.11
2015-05-06,12.09
2015-05-07,12.06
2015-05-08,12.08
2015-05-09,12.06
2015-05-10,12.04
2015-05-11,12.07
2015-05-12,12.04
2015-05-13,12.05
2015-05-14,12.05
2015-05-15,12.01
2015-05-16,12.01
2015-05-17,12.0
2015-05-18,12.04
2015-05-19,12.02
2015-05-20,11.99
2015-05-21,11.98
2015-05-22,11.99
2015-05-23,11.98
2015-05-24,11.99
2015-05-25,11.98
2015-05-26,11.95
2015-05-27,11.94
2015-05-28,11.95
2015-05-29,11.96
2015-05-30,11.94
2015-05-31,11.96
2015-06-01,11.95
2015-06-02,11.97
2015-06-03,11.93
2015-06-04,11.93
2015-06-05,11.92
2015-06-06,11.9
2015-06-07,11.89
2015-06-08,11.9
2015-06-09,11.9
2015-06-10,11.89
2015-06-11,11.87
2015-06-12,11.86
2015-06-13,11.83
2015-06-14,11.82
2015-06-15,11.79
2015-06-16,11.69
2015-06-17,11.82
2015-06-18,11.82
2015-06-19,11.82
2015-06-20,11.8
2015-06-21,11.83
2015-06-22,11.85
2015-06-23,11.83
2015-06-24,11.83
2015-06-25,11.83
2015-06-26,11.83
2015-06-27,11.8
2015-06-28,11.78
2015-06-29,11.76
2015-06-30,11.66
2015-07-01,11.67
2015-07-02,11.74
2015-07-03,11.74
2015-07-04,11.71
2015-07-05,11.7
2015-07-06,11.68
2015-07-07,11.68
2015-07-08,11.49
2015-07-09,11.67
2015-07-10,11.72
2015-07-11,11.74
2015-07-12,11.71
2015-07-13,11.72
2015-07-14,11.73
2015-07-15,11.74
2015-07-16,11.74
2015-07-17,11.73
2015-07-18,11.71
2015-07-19,11.73
2015-07-20,11.7
2015-07-21,11.67
2015-07-22,11.65
2015-07-23,11.64
2015-07-24,11.66
2015-07-25,11.66
2015-07-26,11.67
2015-07-27,11.68
2015-07-28,11.66
2015-07-29,11.67
2015-07-30,11.68
2015-07-31,11.69
2015-08-01,11.69
2015-08-02,11.65
2015-08-03,11.65
2015-08-04,11.62
2015-08-05,11.62
2015-08-06,11.6
2015-08-07,11.55
2015-08-08,11.53
2015-08-09,11.55
2015-08-10,11.54
2015-08-11,11.53
2015-08-12,11.54
2015-08-13,11.54
2015-08-14,11.54
2015-08-15,11.55
2015-08-16,11.57
2015-08-17,11.66
2015-08-18,11.75
2015-08-19,11.79
2015-08-20,11.8
2015-08-21,11.81
2015-08-22,11.82
2015-08-23,11.84
2015-08-24,11.84
2015-08-25,11.8
2015-08-26,11.85
2015-08-27,11.83
2015-08-28,11.83
2015-08-29,11.84
2015-08-30,11.86
2015-08-31,11.88
2015-09-01,11.86
2015-09-02,11.88
2015-09-03,11.88
2015-09-04,11.88
2015-09-05,11.9
2015-09-06,11.9
2015-09-07,11.91
2015-09-08,11.92
2015-09-09,11.93
2015-09-10,11.92
2015-09-11,11.92
2015-09-12,11.92
2015-09-13,11.93
2015-09-14,11.93
2015-09-15,11.96
2015-09-16,11.98
2015-09-17,11.97
2015-09-18,12.02
2015-09-19,12.02
2015-09-20,12.02
2015-09-21,12.03
2015-09-22,12.03
2015-09-23,12.09
2015-09-24,12.11
2015-09-25,12.09
2015-09-26,12.07
2015-09-27,12.04
2015-09-28,12.02
2015-09-29,12.01
2015-09-30,11.98
2015-10-01,11.96
2015-10-02,11.96
2015-10-03,11.95
2015-10-04,11.93
2015-10-05,11.94
2015-10-06,11.94
2015-10-07,11.92
2015-10-08,11.91
2015-10-09,11.91
2015-10-10,11.92
2015-10-11,11.92
2015-10-12,11.9
2015-10-13,11.89
2015-10-14,11.89
2015-10-15,11.91
2015-10-16,11.92
2015-10-17,11.99
2015-10-18,12.02
2015-10-19,12.01
2015-10-20,12.01
2015-10-21,12.02
2015-10-22,12.01
2015-10-23,11.99
2015-10-24,12.0
2015-10-25,11.97
2015-10-26,11.99
2015-10-27,11.98
2015-10-28,11.99
2015-10-29,11.95
2015-10-30,11.94
2015-10-31,11.94
2015-11-01,11.93
2015-11-02,11.94
2015-11-03,11.95
2015-11-04,11.95
2015-11-05,11.93
2015-11-06,11.93
2015-11-07,11.95
2015-11-08,11.96
2015-11-09,11.97
2015-11-10,11.99
2015-11-11,11.99
2015-11-12,11.99
2015-11-13,12.0
2015-11-14,11.98
2015-11-15,12.06
2015-11-16,12.12
2015-11-17,12.13
2015-11-18,12.14
2015-11-19,12.12
2015-11-20,12.18
2015-11-21,12.18
2015-11-22,12.13
2015-11-23,12.09
2015-11-24,12.13
2015-11-25,12.16
2015-11-26,12.13
2015-11-27,12.14
2015-11-28,12.12
2015-11-29,12.15
2015-11-30,12.24
2015-12-01,12.36
2015-12-02,12.36
2015-12-03,12.33
2015-12-04,12.3
2015-12-05,12.31
2015-12-06,12.27
2015-12-07,12.23
2015-12-08,12.22
2015-12-09,12.19
2015-12-10,12.2
2015-12-11,12.23
2015-12-12,12.24
2015-12-13,12.24
2015-12-14,12.26
2015-12-15,12.21
2015-12-16,12.22
2015-12-17,12.26
2015-12-18,12.22
2015-12-19,12.21
2015-12-20,12.19
2015-12-21,12.17
2015-12-22,12.18
2015-12-23,12.15
2015-12-24,12.17
2015-12-25,12.13
2015-12-26,12.13
2015-12-27,12.11
2015-12-28,12.11
2015-12-29,12.09
2015-12-30,12.09
2015-12-31,12.08
2016-01-01,12.06
2016-01-02,12.1
2016-01-03,12.13
2016-01-04,12.27
2016-01-05,12.3
2016-01-06,12.26
2016-01-07,12.28
2016-01-08,12.3
2016-01-09,12.3
2016-01-10,12.27
2016-01-11,12.27
2016-01-12,12.23
2016-01-13,12.24
2016-01-14,12.32
2016-01-15,12.29
2016-01-16,12.26
2016-01-17,12.23
2016-01-18,12.24
2016-01-19,12.2
2016-01-20,12.16
2016-01-21,12.13
2016-01-22,12.14
2016-01-23,12.15
2016-01-24,12.2
2016-01-25,12.23
2016-01-26,12.22
2016-01-27,12.22
2016-01-28,12.28
2016-01-29,12.31
2016-01-30,12.38
2016-01-31,12.5
2016-02-01,12.51
2016-02-02,12.49
2016-02-03,12.45
2016-02-04,12.45
2016-02-05,12.41
2016-02-06,12.42
2016-02-07,12.38
2016-02-08,12.41
2016-02-09,12.43
2016-02-10,12.57
2016-02-11,12.53
2016-02-12,12.51
2016-02-13,12.47
2016-02-14,12.47
2016-02-15,12.52
2016-02-16,12.44
2016-02-17,12.45
2016-02-18,12.41
2016-02-19,12.37
2016-02-20,12.39
2016-02-21,12.49
2016-02-22,12.55
2016-02-23,12.59
2016-02-24,12.55
2016-02-25,12.5
2016-02-26,12.47
2016-02-27,12.43
2016-02-28,12.36
2016-02-29,12.32
2016-03-01,12.33
2016-03-02,12.45
2016-03-03,12.48
2016-03-04,12.5
2016-03-05,12.52
2016-03-06,12.46
2016-03-07,12.42
2016-03-08,12.36
2016-03-09,12.37
2016-03-10,12.29
2016-03-11,12.26
2016-03-12,12.25
2016-03-13,12.23
2016-03-14,12.22
2016-03-15,12.21
2016-03-16,12.19
2016-03-17,12.18
2016-03-18,12.18
2016-03-19,12.16
2016-03-20,12.16
2016-03-21,12.15
2016-03-22,12.16
2016-03-23,12.14
2016-03-24,12.13
2016-03-25,12.16
2016-03-26,12.18
2016-03-27,12.18
2016-03-28,12.24
2016-03-29,12.18
2016-03-30,12.17
2016-03-31,12.15
2016-04-01,12.12
2016-04-02,12.13
2016-04-03,12.14
2016-04-04,12.12
2016-04-05,12.11
2016-04-06,12.12
2016-04-07,12.14
2016-04-08,12.12
2016-04-09,12.12
2016-04-10,12.09
2016-04-11,12.1
2016-04-12,12.09
2016-04-13,12.1
2016-04-14,12.08
2016-04-15,12.11
2016-04-16,12.13
2016-04-17,12.08
2016-04-18,12.07
2016-04-19,12.06
2016-04-20,12.06
2016-04-21,12.07
2016-04-22,12.06
2016-04-23,12.05
2016-04-24,12.04
2016-04-25,12.07
2016-04-26,12.07
2016-04-27,12.08
2016-04-28,12.12
2016-04-29,12.13
2016-04-30,12.11
2016-05-01,12.08
2016-05-02,12.09
2016-05-03,12.06
2016-05-04,12.05
2016-05-05,12.06
2016-05-06,12.06
2016-05-07,12.05
2016-05-08,12.03
2016-05-09,12.02
2016-05-10,12.02
2016-05-11,12.04
2016-05-12,12.04
2016-05-13,12.03
2016-05-14,12.0
2016-05-15,12.0
2016-05-16,12.0
2016-05-17,12.01
2016-05-18,12.02
2016-05-19,11.99
2016-05-20,11.99
2016-05-21,12.0
2016-05-22,12.0
2016-05-23,11.99
2016-05-24,12.02
2016-05-25,12.03
2016-05-26,12.02
2016-05-27,12.02
2016-05-28,12.01
2016-05-29,12.01
2016-05-30,12.06
2016-05-31,12.4
2016-06-01,12.38
2016-06-02,12.43
2016-06-03,12.91
2016-06-04,12.89
2016-06-05,12.79
2016-06-06,12.72
2016-06-07,12.67
2016-06-08,12.63
2016-06-09,12.58
2016-06-10,12.54
2016-06-11,12.5
2016-06-12,12.47
2016-06-13,12.64
2016-06-14,12.7
2016-06-15,12.64
2016-06-16,12.6
2016-06-17,12.6
2016-06-18,12.58
2016-06-19,12.53
2016-06-20,12.52
2016-06-21,12.63
2016-06-22,12.58
2016-06-23,12.53
2016-06-24,12.76
2016-06-25,12.69
2016-06-26,12.65
2016-06-27,12.61
2016-06-28,12.6
2016-06-29,12.62
2016-06-30,12.56
2016-07-01,12.56
2016-07-02,12.67
2016-07-03,12.6
2016-07-04,12.54
2016-07-05,12.5
2016-07-06,12.45
2016-07-07,12.43
2016-07-08,12.4
2016-07-09,12.36
2016-07-10,12.36
2016-07-11,12.3
2016-07-12,12.28
2016-07-13,12.25
2016-07-14,12.23
2016-07-15,12.21
2016-07-16,12.18
2016-07-17,12.17
2016-07-18,12.16
2016-07-19,12.16
2016-07-20,12.16
2016-07-21,12.12
2016-07-22,12.17
2016-07-23,12.18
2016-07-24,12.16
2016-07-25,12.14
2016-07-26,12.11
2016-07-27,12.11
2016-07-28,12.1
2016-07-29,12.12
2016-07-30,12.11
2016-07-31,12.11
2016-08-01,12.09
2016-08-02,12.13
2016-08-03,12.2
2016-08-04,12.31
2016-08-05,12.26
2016-08-06,12.22
2016-08-07,12.2
2016-08-08,12.18
2016-08-09,12.14
2016-08-10,12.13
2016-08-11,12.12
2016-08-12,12.13
2016-08-13,12.12
2016-08-14,12.1
2016-08-15,12.08
2016-08-16,12.07
2016-08-17,12.07
2016-08-18,12.05
2016-08-19,12.03
2016-08-20,12.02
2016-08-21,11.99
2016-08-22,12.0
2016-08-23,11.99
2016-08-24,11.99
2016-08-25,11.99
2016-08-26,11.96
2016-08-27,11.96
2016-08-28,11.95
2016-08-29,11.93
2016-08-30,11.92
2016-08-31,11.93
2016-09-01,11.89
2016-09-02,11.89
2016-09-03,11.88
2016-09-04,11.9
2016-09-05,11.84
2016-09-06,11.86
2016-09-07,11.87
2016-09-08,11.88
2016-09-09,11.84
2016-09-10,11.84
2016-09-11,11.81
2016-09-12,11.82
2016-09-13,11.81
2016-09-14,11.79
2016-09-15,11.8
2016-09-16,11.86
2016-09-17,11.87
2016-09-18,11.88
2016-09-19,11.87
2016-09-20,11.87
2016-09-21,11.85
2016-09-22,11.84
2016-09-23,11.82
2016-09-24,11.82
2016-09-25,11.82
2016-09-26,11.79
2016-09-27,11.78
2016-09-28,11.78
2016-09-29,11.79
2016-09-30,11.77
2016-10-01,11.78
2016-10-02,11.77
2016-10-03,11.73
2016-10-04,11.74
2016-10-05,11.74
2016-10-06,11.75
2016-10-07,11.74
2016-10-08,11.72
2016-10-09,11.73
2016-10-10,11.73
2016-10-11,11.73
2016-10-12,11.72
2016-10-13,11.73
2016-10-14,11.74
2016-10-15,11.72
2016-10-16,11.73
2016-10-17,11.73
2016-10-18,11.74
2016-10-19,11.76
2016-10-20,11.79
2016-10-21,11.82
2016-10-22,11.85
2016-10-23,11.87
2016-10-24,11.88
2016-10-25,11.86
2016-10-26,11.87
2016-10-27,11.88
2016-10-28,11.87
2016-10-29,11.87
2016-10-30,11.87
2016-10-31,11.87
2016-11-01,11.88
2016-11-02,11.88
2016-11-03,11.87
2016-11-04,11.89
2016-11-05,11.9
2016-11-06,11.9
2016-11-07,11.87
2016-11-08,11.87
2016-11-09,11.89
2016-11-10,11.89
2016-11-11,11.91
2016-11-12,11.98
2016-11-13,11.98
2016-11-14,11.98
2016-11-15,12.0
2016-11-16,12.05
2016-11-17,12.12
2016-11-18,12.2
2016-11-19,12.22
2016-11-20,12.25
2016-11-21,12.22
2016-11-22,12.19
2016-11-23,12.18
2016-11-24,12.16
2016-11-25,12.15
2016-11-26,12.11
2016-11-27,12.09
2016-11-28,12.06
2016-11-29,12.04
2016-11-30,12.04
2016-12-01,12.04
2016-12-02,12.03
2016-12-03,12.02
2016-12-04,12.01
2016-12-05,12.0
2016-12-06,11.98
2016-12-07,11.99
2016-12-08,11.99
2016-12-09,11.98
2016-12-10,11.98
2016-12-11,11.98
2016-12-12,11.98
2016-12-13,11.99
2016-12-14,11.99
2016-12-15,11.98
2016-12-16,11.97
2016-12-17,11.95
2016-12-18,11.97
2016-12-19,11.97
2016-12-20,11.97
2016-12-21,11.96
2016-12-22,11.98
2016-12-23,12.05
2016-12-24,12.08
2016-12-25,12.08
2016-12-26,12.08
2016-12-27,12.07
2016-12-28,12.07
2016-12-29,12.08
2016-12-30,12.07
2016-12-31,12.07
2017-01-01,12.09
2017-01-02,12.05
2017-01-03,12.06
2017-01-04,12.07
2017-01-05,12.04
2017-01-06,12.04
2017-01-07,12.06
2017-01-08,12.04
2017-01-09,12.08
2017-01-10,12.12
2017-01-11,12.16
2017-01-12,12.14
2017-01-13,12.27
2017-01-14,12.34
2017-01-15,12.33
2017-01-16,12.3
