,Observation well
1960-04-28 12:00:00,10.68
1960-05-16 12:00:00,10.59
1960-05-30 12:00:00,10.56
1960-06-15 12:00:00,10.5
1960-06-29 12:00:00,10.45
1960-07-15 12:00:00,10.43
1960-07-29 12:00:00,10.42
1960-08-17 12:00:00,10.4
1960-08-30 12:00:00,10.42
1960-09-15 12:00:00,10.53
1960-09-29 12:00:00,10.65
1960-10-17 12:00:00,10.91
1960-10-31 12:00:00,11.19
1960-11-15 12:00:00,11.31
1960-11-28 12:00:00,11.48
1960-12-14 12:00:00,11.56
1960-12-28 12:00:00,11.56
1961-01-14 12:00:00,11.66
1961-01-30 12:00:00,11.72
1961-02-14 12:00:00,11.76
1961-02-28 12:00:00,11.79
1961-03-14 12:00:00,11.76
1961-03-28 12:00:00,11.58
1961-04-14 12:00:00,11.8
1961-04-28 12:00:00,11.75
1961-05-15 12:00:00,11.52
1961-05-29 12:00:00,11.38
1961-06-14 12:00:00,11.3
1961-06-28 12:00:00,11.17
1961-07-14 12:00:00,11.15
1961-07-28 12:00:00,11.07
1961-08-14 12:00:00,10.98
1961-08-29 12:00:00,10.97
1961-09-14 12:00:00,11.02
1961-09-28 12:00:00,11.02
1961-10-16 12:00:00,11.11
1961-10-30 12:00:00,11.43
1961-11-15 12:00:00,11.65
1961-11-28 12:00:00,11.71
1961-12-14 12:00:00,11.93
1961-12-28 12:00:00,11.83
1962-01-15 12:00:00,11.89
1962-01-29 12:00:00,11.87
1962-02-14 12:00:00,11.98
1962-02-28 12:00:00,11.82
1962-03-14 12:00:00,11.77
1962-03-28 12:00:00,11.75
1962-04-13 12:00:00,11.87
1962-04-27 12:00:00,11.61
1962-05-14 12:00:00,11.61
1962-05-28 12:00:00,11.62
1962-06-14 12:00:00,11.38
1962-06-28 12:00:00,11.2
1962-07-16 12:00:00,11.4
1962-07-27 12:00:00,11.12
1962-08-14 12:00:00,11.1
1962-08-28 12:00:00,10.99
1962-09-14 12:00:00,10.95
1962-09-28 12:00:00,10.98
1962-10-17 12:00:00,10.87
1962-10-29 12:00:00,10.97
1962-11-15 12:00:00,11.02
1962-11-28 12:00:00,11.07
1962-12-14 12:00:00,11.27
1963-03-14 12:00:00,11.22
1963-03-29 12:00:00,11.46
1963-04-17 12:00:00,11.29
1963-04-29 12:00:00,11.28
1963-05-14 12:00:00,11.22
1963-05-28 12:00:00,11.17
1963-06-14 12:00:00,11.06
1963-06-28 12:00:00,11.06
1963-07-15 12:00:00,11.04
1963-07-29 12:00:00,10.89
1963-08-16 12:00:00,10.83
1963-08-28 12:00:00,10.79
1963-09-16 12:00:00,10.87
1963-09-27 12:00:00,10.84
1963-10-14 12:00:00,10.9
1963-10-29 12:00:00,10.92
1963-11-14 12:00:00,11.04
1963-11-29 12:00:00,11.1
1963-12-17 12:00:00,10.98
1963-12-28 12:00:00,10.89
1964-01-14 12:00:00,10.91
1964-01-29 12:00:00,10.95
1964-02-14 12:00:00,11.05
1964-02-28 12:00:00,10.92
1964-03-13 12:00:00,10.93
1964-03-26 12:00:00,10.88
1964-04-14 12:00:00,10.85
1964-04-28 12:00:00,10.81
1964-05-28 12:00:00,10.53
1964-06-29 12:00:00,10.4
1964-07-14 12:00:00,10.36
1964-07-28 12:00:00,10.28
1964-08-28 12:00:00,10.14
1964-09-14 12:00:00,10.22
1964-09-28 12:00:00,10.14
1964-10-14 12:00:00,10.22
1964-10-28 12:00:00,10.35
1964-11-13 12:00:00,10.56
1964-11-27 12:00:00,10.81
1964-12-14 12:00:00,10.92
1965-01-14 12:00:00,10.97
1965-01-28 12:00:00,11.14
1965-02-15 12:00:00,10.97
1965-02-28 12:00:00,11.34
1965-03-01 12:00:00,10.91
1965-03-15 12:00:00,10.92
1965-04-14 12:00:00,10.97
1965-04-29 12:00:00,11.1
1965-05-14 12:00:00,11.06
1965-05-28 12:00:00,10.79
1965-06-14 12:00:00,10.63
1965-06-28 12:00:00,10.59
1965-07-14 12:00:00,10.54
1965-08-13 12:00:00,10.7
1965-08-27 12:00:00,10.48
1965-09-14 12:00:00,10.89
1965-09-29 12:00:00,10.65
1965-10-14 12:00:00,10.66
1965-10-28 12:00:00,10.63
1965-11-15 12:00:00,10.54
1965-11-30 12:00:00,10.68
1965-12-14 12:00:00,11.09
1965-12-28 12:00:00,11.36
1966-01-17 12:00:00,11.21
1966-01-28 12:00:00,11.12
1966-02-14 12:00:00,11.34
1966-03-14 12:00:00,11.22
1966-03-28 12:00:00,11.26
1966-04-14 12:00:00,11.35
1966-04-28 12:00:00,11.32
1966-05-14 12:00:00,11.04
1966-05-28 12:00:00,10.82
1966-06-15 12:00:00,10.56
1966-06-30 12:00:00,10.84
1966-07-14 12:00:00,10.8
1966-07-28 12:00:00,10.84
1966-08-15 12:00:00,10.84
1966-08-29 12:00:00,10.73
1966-09-15 12:00:00,10.56
1966-09-28 12:00:00,10.55
1966-10-14 12:00:00,10.54
1966-11-02 12:00:00,10.57
1966-11-14 12:00:00,10.67
1966-11-28 12:00:00,10.98
1966-12-14 12:00:00,11.29
1966-12-28 12:00:00,11.46
1967-01-16 12:00:00,11.36
1967-02-14 12:00:00,11.23
1967-02-28 12:00:00,11.32
1967-03-14 12:00:00,11.15
1967-03-30 12:00:00,11.19
1967-04-13 12:00:00,11.08
1967-06-28 12:00:00,10.51
1967-07-15 12:00:00,10.23
1967-07-28 12:00:00,10.36
1967-08-14 12:00:00,10.31
1967-08-28 12:00:00,10.27
1967-09-14 12:00:00,10.28
1967-09-28 12:00:00,10.21
1967-10-13 12:00:00,10.14
1967-12-28 12:00:00,10.52
1968-01-15 12:00:00,10.74
1968-01-29 12:00:00,10.77
1968-02-14 12:00:00,10.76
1968-02-28 12:00:00,10.53
1968-03-14 12:00:00,10.53
1968-03-28 12:00:00,10.34
1968-04-16 12:00:00,10.26
1968-04-29 12:00:00,10.2
1968-05-14 12:00:00,10.08
1968-05-28 12:00:00,9.98
1968-06-14 12:00:00,9.89
1968-06-28 12:00:00,9.9
1968-07-29 12:00:00,10.11
1968-08-14 12:00:00,10.21
1968-08-28 12:00:00,10.29
1968-09-13 12:00:00,10.17
1968-09-30 12:00:00,10.38
1968-10-15 12:00:00,10.59
1968-10-29 12:00:00,10.51
1968-11-15 12:00:00,9.98
1968-11-28 12:00:00,10.5
1968-12-16 12:00:00,10.38
1969-01-02 12:00:00,10.38
1969-01-14 12:00:00,10.62
1969-01-28 12:00:00,10.58
1969-02-28 12:00:00,10.68
1969-03-14 12:00:00,10.75
1969-03-28 12:00:00,10.59
1969-04-14 12:00:00,10.53
1969-04-28 12:00:00,10.51
1969-05-14 12:00:00,10.09
1969-05-28 12:00:00,9.98
1969-06-14 12:00:00,9.94
1969-06-27 12:00:00,9.81
1969-07-14 12:00:00,9.64
1969-08-14 12:00:00,9.33
1969-08-28 12:00:00,9.47
1969-09-15 12:00:00,9.56
1969-09-29 12:00:00,9.4
1969-10-14 12:00:00,9.36
1969-10-28 12:00:00,9.25
1969-11-14 12:00:00,9.27
1969-11-28 12:00:00,9.27
1969-12-15 12:00:00,9.43
1970-01-02 12:00:00,9.43
1970-01-14 12:00:00,9.4
1970-01-28 12:00:00,9.37
1970-02-13 12:00:00,9.53
1970-03-13 12:00:00,9.8
1970-03-26 12:00:00,9.68
1970-04-14 12:00:00,9.7
1970-04-28 12:00:00,9.69
1970-05-14 12:00:00,9.6
1970-05-28 12:00:00,9.44
1970-06-16 12:00:00,9.11
1970-06-29 12:00:00,9.05
1970-07-15 12:00:00,9.15
1970-08-14 12:00:00,9.1
1970-08-28 12:00:00,9.06
1970-09-14 12:00:00,8.93
1970-09-28 12:00:00,8.93
1970-10-14 12:00:00,8.92
1970-10-28 12:00:00,8.99
1970-11-14 12:00:00,9.18
1970-11-27 12:00:00,9.19
1970-12-14 12:00:00,9.33
1971-01-04 12:00:00,9.29
1971-01-15 12:00:00,9.29
1971-01-28 12:00:00,9.3
1971-02-15 12:00:00,9.52
1971-03-01 12:00:00,9.27
1971-03-15 12:00:00,9.4
1971-03-29 12:00:00,9.27
1971-04-14 12:00:00,9.1
1971-04-28 12:00:00,8.98
1971-05-14 12:00:00,8.82
1971-05-28 12:00:00,8.88
1971-06-14 12:00:00,8.82
1971-06-28 12:00:00,8.87
1971-07-28 12:00:00,8.64
1971-08-16 12:00:00,8.55
1971-08-29 12:00:00,8.58
1971-09-14 12:00:00,8.46
1971-09-28 12:00:00,8.47
1971-10-14 12:00:00,8.35
1971-10-28 12:00:00,8.42
1971-11-15 12:00:00,8.34
1971-11-29 12:00:00,8.45
1971-12-14 12:00:00,8.37
1971-12-28 12:00:00,8.4
1972-01-14 12:00:00,8.36
1972-01-28 12:00:00,8.49
1972-02-14 12:00:00,8.22
1972-02-28 12:00:00,8.29
1972-03-14 12:00:00,8.27
1972-03-28 12:00:00,8.34
1972-04-14 12:00:00,8.21
1972-04-28 12:00:00,8.24
1972-05-15 12:00:00,8.19
1972-05-29 12:00:00,8.19
1972-06-14 12:00:00,8.31
1972-06-28 12:00:00,8.25
1972-07-28 12:00:00,8.2
1972-08-14 12:00:00,8.2
1972-08-28 12:00:00,8.17
1972-09-14 12:00:00,8.06
1972-09-28 12:00:00,8.03
1972-10-13 12:00:00,8.03
1972-10-27 12:00:00,8.14
1972-11-14 12:00:00,7.95
1972-11-28 12:00:00,8.0
1972-12-14 12:00:00,7.89
1973-01-02 12:00:00,7.89
1973-01-15 12:00:00,8.12
1973-01-29 12:00:00,7.89
1973-02-14 12:00:00,8.11
1973-02-28 12:00:00,7.89
1973-03-14 12:00:00,7.93
1973-03-28 12:00:00,7.95
1973-04-13 12:00:00,7.82
1973-05-01 12:00:00,7.92
1973-05-14 12:00:00,7.82
1973-05-28 12:00:00,7.96
1973-06-14 12:00:00,7.83
1973-06-28 12:00:00,7.87
1973-07-16 12:00:00,7.82
1973-07-30 12:00:00,7.76
1973-08-14 12:00:00,7.77
1973-08-28 12:00:00,7.61
1973-09-14 12:00:00,7.62
1973-09-28 12:00:00,7.6
1973-10-15 12:00:00,7.78
1973-10-29 12:00:00,7.53
1973-11-14 12:00:00,7.66
1973-11-28 12:00:00,7.58
1973-12-14 12:00:00,7.84
1974-01-02 12:00:00,7.82
1974-01-14 12:00:00,7.83
1974-01-28 12:00:00,7.98
1974-02-14 12:00:00,8.12
1974-02-28 12:00:00,8.19
1974-03-14 12:00:00,8.19
1974-03-28 12:00:00,8.22
1974-04-17 12:00:00,7.87
1974-04-29 12:00:00,7.97
1974-05-14 12:00:00,7.78
1974-05-28 12:00:00,7.81
1974-06-14 12:00:00,7.74
1974-06-28 12:00:00,7.73
1974-07-29 12:00:00,7.52
1974-08-14 12:00:00,7.48
1974-08-28 12:00:00,7.41
1974-09-13 12:00:00,7.46
1974-09-27 12:00:00,7.59
1974-10-14 12:00:00,7.47
1974-10-28 12:00:00,7.74
1974-11-14 12:00:00,8.02
1974-11-28 12:00:00,8.07
1974-12-16 12:00:00,8.33
1975-01-01 12:00:00,8.24
1975-01-14 12:00:00,8.48
1975-01-28 12:00:00,8.39
1975-02-14 12:00:00,8.53
1975-02-28 12:00:00,8.42
1975-03-14 12:00:00,8.53
1975-03-27 12:00:00,8.73
1975-04-14 12:00:00,8.83
1975-04-28 12:00:00,8.8
1975-05-14 12:00:00,8.6
1975-05-28 12:00:00,8.33
1975-06-17 12:00:00,8.41
1975-07-10 12:00:00,8.46
1975-07-28 12:00:00,8.33
1975-08-14 12:00:00,8.17
1975-08-28 12:00:00,8.15
1975-09-15 12:00:00,8.28
1975-09-29 12:00:00,8.13
1975-10-14 12:00:00,8.17
1975-10-28 12:00:00,8.11
1975-11-14 12:00:00,8.04
1975-11-28 12:00:00,8.07
1975-12-15 12:00:00,8.17
1975-12-29 12:00:00,8.13
1976-01-14 12:00:00,8.07
1976-01-28 12:00:00,8.12
1976-02-16 12:00:00,7.94
1976-02-26 12:00:00,8.02
1976-03-15 12:00:00,8.31
1976-03-29 12:00:00,8.08
1976-04-14 12:00:00,7.99
1976-04-28 12:00:00,7.94
1976-05-14 12:00:00,7.83
1976-05-26 12:00:00,7.8
1976-06-14 12:00:00,7.58
1976-06-28 12:00:00,7.41
1976-08-13 12:00:00,7.2
1976-08-27 12:00:00,7.01
1976-09-14 12:00:00,7.19
1976-09-27 12:00:00,7.24
1976-10-14 12:00:00,7.2
1976-10-25 12:00:00,7.19
1976-11-15 12:00:00,6.98
1976-11-29 12:00:00,7.17
1976-12-13 12:00:00,6.97
1976-12-27 12:00:00,7.17
1977-01-14 12:00:00,7.22
1977-01-28 12:00:00,7.08
1977-02-14 12:00:00,7.09
1977-02-28 12:00:00,7.01
1977-03-14 12:00:00,7.18
1977-03-28 12:00:00,7.09
1977-04-14 12:00:00,7.24
1977-04-28 12:00:00,7.32
1977-05-12 12:00:00,7.26
1977-05-26 12:00:00,7.26
1977-06-14 12:00:00,7.22
1977-06-28 12:00:00,7.42
1977-08-15 12:00:00,7.07
1977-08-29 12:00:00,7.06
1977-09-14 12:00:00,7.09
1977-09-29 12:00:00,7.11
1977-10-14 12:00:00,7.04
1977-10-28 12:00:00,7.15
1977-11-14 12:00:00,7.37
1977-11-28 12:00:00,7.05
1977-12-15 12:00:00,7.12
1977-12-28 12:00:00,7.49
1978-01-13 12:00:00,7.25
1978-01-30 12:00:00,7.59
1978-02-14 12:00:00,7.5
1978-02-28 12:00:00,7.45
1978-03-14 12:00:00,7.48
1978-03-28 12:00:00,7.51
1978-04-14 12:00:00,7.58
1978-04-28 12:00:00,7.52
1978-05-12 12:00:00,7.57
1978-05-26 12:00:00,7.42
1978-06-13 12:00:00,7.28
1978-06-28 12:00:00,7.28
1978-07-13 12:00:00,7.36
1978-07-31 12:00:00,7.28
1978-08-14 12:00:00,7.34
1978-08-28 12:00:00,7.18
1978-09-14 12:00:00,7.26
1978-09-28 12:00:00,7.38
1978-10-13 12:00:00,7.23
1978-10-27 12:00:00,7.27
1978-11-14 12:00:00,7.25
1978-11-28 12:00:00,7.17
1978-12-14 12:00:00,7.49
1979-01-15 12:00:00,7.2
1979-02-15 12:00:00,7.55
1979-02-28 12:00:00,7.82
1979-03-14 12:00:00,7.81
1979-03-28 12:00:00,7.9
1979-04-12 12:00:00,7.81
1979-04-27 12:00:00,7.76
1979-05-14 12:00:00,7.91
1979-05-28 12:00:00,7.98
1979-06-14 12:00:00,8.1
1979-06-28 12:00:00,7.99
1979-07-13 12:00:00,7.77
1979-07-27 12:00:00,7.87
1979-08-14 12:00:00,7.82
1979-09-14 12:00:00,7.74
1979-09-28 12:00:00,7.56
1979-10-12 12:00:00,7.79
1979-10-29 12:00:00,7.75
1979-11-14 12:00:00,7.86
1979-11-28 12:00:00,7.75
1979-12-14 12:00:00,7.82
1979-12-28 12:00:00,7.81
1980-01-14 12:00:00,8.05
1980-01-28 12:00:00,7.95
1980-02-28 12:00:00,8.16
1980-03-14 12:00:00,8.36
1980-03-28 12:00:00,8.37
1980-04-14 12:00:00,8.31
1980-04-28 12:00:00,8.26
1980-05-14 12:00:00,8.19
1980-05-28 12:00:00,7.93
1980-06-27 12:00:00,7.96
1980-07-14 12:00:00,8.02
1980-07-28 12:00:00,8.29
1980-08-14 12:00:00,8.21
1980-08-28 12:00:00,7.99
1980-09-16 12:00:00,8.02
1980-09-29 12:00:00,8.02
1980-10-14 12:00:00,8.07
1980-10-28 12:00:00,8.05
1980-11-14 12:00:00,8.07
1980-11-28 12:00:00,8.18
1980-12-15 12:00:00,8.06
1980-12-29 12:00:00,8.17
1981-01-14 12:00:00,8.61
1981-01-28 12:00:00,8.35
1981-02-13 12:00:00,8.61
1981-02-27 12:00:00,8.46
1981-03-13 12:00:00,8.63
1981-03-27 12:00:00,8.69
1981-04-14 12:00:00,8.5
1981-04-28 12:00:00,8.4
1981-05-14 12:00:00,8.51
1981-05-27 12:00:00,8.47
1981-06-15 12:00:00,8.36
1981-06-30 12:00:00,8.35
1981-07-14 12:00:00,8.28
1981-07-28 12:00:00,8.28
1981-08-14 12:00:00,8.28
1981-08-28 12:00:00,7.97
1981-09-14 12:00:00,7.87
1981-09-28 12:00:00,7.83
1981-10-14 12:00:00,7.89
1981-10-28 12:00:00,7.97
1981-11-13 12:00:00,7.96
1981-11-27 12:00:00,8.18
1981-12-14 12:00:00,8.49
1981-12-28 12:00:00,8.53
1982-01-15 12:00:00,8.39
1982-01-28 12:00:00,8.28
1982-02-15 12:00:00,8.42
1982-03-01 12:00:00,8.54
1982-03-15 12:00:00,8.49
1982-03-29 12:00:00,8.52
1982-04-14 12:00:00,8.33
1982-04-28 12:00:00,8.24
1982-05-14 12:00:00,8.12
1982-05-28 12:00:00,7.98
1982-06-14 12:00:00,7.85
1982-06-28 12:00:00,7.94
1982-07-14 12:00:00,7.89
1982-07-28 12:00:00,7.66
1982-08-30 12:00:00,7.69
1982-09-14 12:00:00,7.48
1982-09-29 12:00:00,7.45
1982-10-14 12:00:00,7.54
1982-10-28 12:00:00,7.44
1982-11-15 12:00:00,7.6
1982-11-29 12:00:00,7.46
1982-12-14 12:00:00,7.65
1982-12-28 12:00:00,8.01
1983-01-14 12:00:00,7.99
1983-01-28 12:00:00,7.98
1983-02-16 12:00:00,7.84
1983-02-28 12:00:00,8.01
1983-03-14 12:00:00,8.14
1983-03-28 12:00:00,8.05
1983-04-14 12:00:00,8.05
1983-04-28 12:00:00,8.14
1983-05-13 12:00:00,8.3
1983-05-28 12:00:00,8.33
1983-06-14 12:00:00,8.26
1983-06-28 12:00:00,8.07
1983-07-14 12:00:00,7.94
1983-07-28 12:00:00,7.83
1983-08-14 12:00:00,7.81
1983-08-28 12:00:00,7.55
1983-09-14 12:00:00,7.67
1983-09-28 12:00:00,7.66
1983-10-14 12:00:00,7.7
1983-10-28 12:00:00,7.65
1983-11-14 12:00:00,7.48
1983-11-24 12:00:00,7.39
1983-12-14 12:00:00,7.54
1983-12-28 12:00:00,7.46
1984-01-13 12:00:00,7.82
1984-01-27 12:00:00,7.86
1984-02-14 12:00:00,7.85
1984-02-28 12:00:00,8.12
1984-03-14 12:00:00,8.12
1984-03-28 12:00:00,8.14
1984-04-14 12:00:00,8.07
1984-04-27 12:00:00,8.0
1984-05-14 12:00:00,8.0
1984-05-28 12:00:00,7.97
1984-06-14 12:00:00,7.97
1984-06-28 12:00:00,7.97
1984-07-14 12:00:00,7.94
1984-07-27 12:00:00,7.95
1984-08-14 12:00:00,7.9
1984-08-28 12:00:00,7.57
1984-09-14 12:00:00,7.62
1984-09-28 12:00:00,7.79
1984-10-15 12:00:00,7.89
1984-10-28 12:00:00,8.07
1984-11-16 12:00:00,8.37
1984-11-28 12:00:00,8.05
1984-12-14 12:00:00,8.37
1984-12-28 12:00:00,8.19
1985-01-14 12:00:00,8.25
1985-01-28 12:00:00,8.29
1985-02-14 12:00:00,8.4
1985-02-28 12:00:00,8.18
1985-03-14 12:00:00,8.33
1985-03-28 12:00:00,8.15
1985-04-14 12:00:00,8.24
1985-04-28 12:00:00,8.46
1985-05-14 12:00:00,8.35
1985-05-28 12:00:00,8.24
1985-06-14 12:00:00,8.26
1985-06-28 12:00:00,8.19
1985-07-14 12:00:00,8.24
1985-07-28 12:00:00,8.12
1985-08-14 12:00:00,8.24
1985-08-28 12:00:00,8.09
1985-09-14 12:00:00,8.12
1985-09-27 12:00:00,8.03
1985-10-14 12:00:00,7.89
1985-10-28 12:00:00,7.97
1985-11-14 12:00:00,7.9
1985-11-28 12:00:00,8.05
1985-12-14 12:00:00,7.92
1985-12-28 12:00:00,7.92
1986-01-14 12:00:00,8.06
1986-01-28 12:00:00,8.25
1986-02-14 12:00:00,8.02
1986-02-28 12:00:00,7.92
1986-03-14 12:00:00,7.95
1986-03-28 12:00:00,7.97
1986-04-14 12:00:00,8.16
1986-04-28 12:00:00,7.87
1986-05-14 12:00:00,8.02
1986-05-28 12:00:00,7.95
1986-06-14 12:00:00,7.77
1986-06-28 12:00:00,7.64
1986-07-14 12:00:00,7.61
1986-07-28 12:00:00,7.53
1986-08-14 12:00:00,7.47
1986-08-28 12:00:00,7.47
1986-09-15 12:00:00,7.41
1986-09-28 12:00:00,7.27
1986-10-14 12:00:00,7.34
1986-10-28 12:00:00,7.3
1986-11-14 12:00:00,7.32
1986-11-28 12:00:00,7.41
1986-12-14 12:00:00,7.57
1986-12-28 12:00:00,7.72
1987-01-14 12:00:00,7.8
1987-01-28 12:00:00,7.77
1987-02-14 12:00:00,7.62
1987-02-28 12:00:00,7.75
1987-03-14 12:00:00,7.87
1987-03-28 12:00:00,7.78
1987-04-14 12:00:00,7.69
1987-04-27 12:00:00,7.73
1987-05-14 12:00:00,7.94
1987-05-28 12:00:00,7.67
1987-06-14 12:00:00,7.79
1987-06-28 12:00:00,7.78
1987-07-14 12:00:00,7.61
1987-07-28 12:00:00,7.87
1987-08-14 12:00:00,7.94
1987-08-28 12:00:00,7.78
1987-09-14 12:00:00,7.88
1987-09-28 12:00:00,7.87
1987-10-14 12:00:00,8.03
1987-10-28 12:00:00,8.02
1987-11-14 12:00:00,8.07
1987-11-28 12:00:00,8.01
1987-12-14 12:00:00,8.04
1987-12-28 12:00:00,8.09
1988-01-14 12:00:00,8.32
1988-01-28 12:00:00,8.37
1988-02-14 12:00:00,8.51
1988-02-28 12:00:00,8.72
1988-03-14 12:00:00,8.73
1988-03-28 12:00:00,8.67
1988-04-14 12:00:00,8.59
1988-04-28 12:00:00,8.49
1988-05-14 12:00:00,8.51
1988-05-28 12:00:00,8.48
1988-06-14 12:00:00,8.19
1988-06-28 12:00:00,8.05
1988-07-14 12:00:00,8.07
1988-07-28 12:00:00,7.97
1988-08-24 12:00:00,7.7
1988-09-05 12:00:00,7.96
1988-09-14 12:00:00,7.7
1988-10-14 12:00:00,7.91
1988-10-28 12:00:00,7.97
1988-11-14 12:00:00,7.91
1988-11-28 12:00:00,7.97
1988-12-14 12:00:00,8.28
1988-12-28 12:00:00,8.15
1989-01-18 12:00:00,8.2
1989-01-28 12:00:00,8.19
1989-02-14 12:00:00,8.37
1989-02-28 12:00:00,8.41
1989-03-14 12:00:00,8.32
1989-03-28 12:00:00,8.42
1989-04-14 12:00:00,8.47
1989-04-28 12:00:00,8.45
1989-05-14 12:00:00,8.35
1989-05-28 12:00:00,7.97
1989-06-14 12:00:00,7.87
1989-06-28 12:00:00,7.84
1989-07-14 12:00:00,7.62
1989-07-28 12:00:00,7.58
1989-08-28 12:00:00,7.5
1989-09-14 12:00:00,7.64
1989-09-28 12:00:00,7.67
1989-10-14 12:00:00,7.61
1989-10-28 12:00:00,7.52
1989-11-14 12:00:00,7.52
1989-11-28 12:00:00,7.52
1989-12-14 12:00:00,7.67
1989-12-28 12:00:00,7.37
1990-01-14 12:00:00,7.39
1990-01-29 12:00:00,7.5
1990-02-14 12:00:00,7.52
1990-02-27 12:00:00,7.67
1990-03-13 12:00:00,7.44
1990-03-27 12:00:00,7.42
1990-04-14 12:00:00,7.41
1990-04-28 12:00:00,7.37
1990-05-14 12:00:00,7.33
1990-05-28 12:00:00,6.98
1990-06-14 12:00:00,7.21
1990-06-28 12:00:00,7.24
1990-07-14 12:00:00,7.04
1990-07-28 12:00:00,6.92
1990-08-14 12:00:00,6.72
1990-08-28 12:00:00,6.72
1990-09-14 12:00:00,6.73
1990-09-28 12:00:00,6.83
1990-10-14 12:00:00,6.83
1990-10-28 12:00:00,7.02
1990-11-14 12:00:00,6.91
1990-11-28 12:00:00,6.75
1990-12-14 12:00:00,6.97
1990-12-28 12:00:00,7.02
1991-01-14 12:00:00,6.86
1991-01-28 12:00:00,7.04
1991-02-14 12:00:00,6.97
1991-02-28 12:00:00,7.04
1991-03-14 12:00:00,6.97
1991-03-28 12:00:00,6.97
1991-04-28 12:00:00,6.97
1991-05-14 12:00:00,6.94
1991-05-28 12:00:00,6.77
1991-06-14 12:00:00,6.89
1991-06-28 12:00:00,6.92
1991-07-14 12:00:00,6.97
1991-07-28 12:00:00,7.05
1991-08-14 12:00:00,6.74
1991-08-28 12:00:00,6.59
1991-09-14 12:00:00,6.51
1991-09-28 12:00:00,6.78
1991-10-14 12:00:00,6.74
1991-10-28 12:00:00,6.71
1991-11-14 12:00:00,6.77
1991-11-28 12:00:00,6.68
1991-12-14 12:00:00,6.72
1991-12-28 12:00:00,6.74
1992-01-14 12:00:00,6.83
1992-01-28 12:00:00,6.9
1992-02-14 12:00:00,7.14
1992-03-14 12:00:00,6.87
1992-03-28 12:00:00,7.19
1992-04-14 12:00:00,7.05
1992-04-28 12:00:00,6.97
1992-05-14 12:00:00,7.05
1992-05-28 12:00:00,6.94
1992-06-14 12:00:00,6.95
1992-06-28 12:00:00,6.88
1992-07-14 12:00:00,6.92
1992-07-28 12:00:00,6.87
1992-08-14 12:00:00,6.79
1992-08-28 12:00:00,6.8
1992-09-03 12:00:00,6.89
1992-09-14 12:00:00,6.87
1992-09-28 12:00:00,6.94
1992-10-14 12:00:00,6.9
1992-10-28 12:00:00,7.13
1992-11-14 12:00:00,7.36
1992-11-28 12:00:00,7.26
1992-12-14 12:00:00,7.24
1992-12-28 12:00:00,7.16
1993-01-14 12:00:00,7.39
1993-01-28 12:00:00,7.37
1993-02-14 12:00:00,7.41
1993-02-28 12:00:00,7.52
1993-03-14 12:00:00,7.42
1993-03-28 12:00:00,7.4
1993-04-14 12:00:00,7.42
1993-04-28 12:00:00,7.35
1993-05-14 12:00:00,7.32
1993-05-28 12:00:00,7.22
1993-06-14 12:00:00,6.99
1993-06-28 12:00:00,6.99
1993-07-14 12:00:00,6.85
1993-07-28 12:00:00,7.02
1993-08-14 12:00:00,7.17
1993-08-28 12:00:00,7.12
1993-09-14 12:00:00,7.29
1993-09-28 12:00:00,7.22
1993-10-14 12:00:00,7.32
1993-10-28 12:00:00,7.27
1993-11-14 12:00:00,7.21
1993-11-28 12:00:00,7.37
1993-12-14 12:00:00,7.52
1993-12-28 12:00:00,7.67
1994-01-14 12:00:00,7.93
1994-01-28 12:00:00,7.94
1994-02-14 12:00:00,7.95
1994-02-28 12:00:00,7.96
1994-03-14 12:00:00,8.02
1994-03-28 12:00:00,8.15
1994-04-14 12:00:00,8.27
1994-04-28 12:00:00,8.07
1994-05-14 12:00:00,8.32
1994-05-28 12:00:00,8.15
1994-06-14 12:00:00,8.07
1994-06-28 12:00:00,7.82
1994-07-14 12:00:00,7.57
1994-07-28 12:00:00,7.37
1994-08-14 12:00:00,7.32
1994-08-28 12:00:00,7.55
1994-09-14 12:00:00,7.68
1994-09-28 12:00:00,7.62
1994-10-14 12:00:00,7.59
1994-10-28 12:00:00,7.77
1994-11-14 12:00:00,7.72
1994-11-28 12:00:00,7.69
1994-12-14 12:00:00,7.81
1994-12-29 12:00:00,8.08
1995-01-12 12:00:00,8.01
1995-01-14 12:00:00,8.47
1995-01-28 12:00:00,8.49
1995-02-14 12:00:00,8.47
1995-02-28 12:00:00,8.4
1995-03-14 12:00:00,8.39
1995-03-28 12:00:00,8.51
1995-04-14 12:00:00,8.31
1995-04-28 12:00:00,8.4
1995-05-14 12:00:00,8.27
1995-05-28 12:00:00,8.25
1995-06-14 12:00:00,8.27
1995-07-28 12:00:00,8.06
1995-08-14 12:00:00,7.56
1995-08-28 12:00:00,7.56
1995-09-14 12:00:00,7.72
1995-09-28 12:00:00,7.69
1995-10-14 12:00:00,7.75
1995-10-28 12:00:00,7.77
1995-11-14 12:00:00,7.69
1995-11-28 12:00:00,7.73
1995-12-28 12:00:00,7.59
1996-01-14 12:00:00,7.53
1996-01-28 12:00:00,7.61
1996-02-14 12:00:00,7.66
1996-02-28 12:00:00,7.52
1996-03-14 12:00:00,7.67
1996-03-28 12:00:00,7.62
1996-04-14 12:00:00,7.42
1996-04-28 12:00:00,7.34
1996-05-14 12:00:00,7.29
1996-05-28 12:00:00,7.29
1996-06-14 12:00:00,7.1
1996-06-28 12:00:00,6.99
1996-07-14 12:00:00,7.02
1996-08-14 12:00:00,6.91
1996-08-28 12:00:00,7.22
1996-09-14 12:00:00,7.27
1996-10-14 12:00:00,7.25
1996-10-28 12:00:00,7.27
1996-11-14 12:00:00,7.27
1996-11-28 12:00:00,7.17
1996-12-14 12:00:00,7.2
1996-12-28 12:00:00,7.27
1997-01-14 12:00:00,7.18
1997-01-28 12:00:00,7.09
1997-02-14 12:00:00,7.37
1997-02-28 12:00:00,7.15
1997-03-14 12:00:00,7.25
1997-03-28 12:00:00,7.29
1997-04-14 12:00:00,7.37
1997-04-28 12:00:00,7.37
1997-05-14 12:00:00,7.25
1997-05-28 12:00:00,7.09
1997-06-14 12:00:00,7.13
1997-06-28 12:00:00,7.22
1997-07-14 12:00:00,7.0
1997-07-28 12:00:00,7.02
1997-08-14 12:00:00,6.85
1997-08-28 12:00:00,6.94
1997-09-14 12:00:00,6.84
1997-09-28 12:00:00,6.82
1997-10-14 12:00:00,6.78
1997-11-14 12:00:00,6.87
1997-11-28 12:00:00,6.89
1997-12-14 12:00:00,6.76
1997-12-28 12:00:00,6.95
1998-01-14 12:00:00,7.09
1998-01-28 12:00:00,7.06
1998-02-14 12:00:00,7.14
1998-02-28 12:00:00,7.04
1998-03-14 12:00:00,7.12
1998-04-28 12:00:00,7.36
1998-05-14 12:00:00,7.26
1998-05-28 12:00:00,7.31
1998-06-14 12:00:00,7.29
1998-07-14 12:00:00,7.4
1998-09-14 12:00:00,7.25
1998-09-28 12:00:00,7.47
1998-10-14 12:00:00,7.29
1998-10-28 12:00:00,7.63
1998-11-14 12:00:00,7.79
1998-12-14 12:00:00,7.96
1998-12-28 12:00:00,8.13
1999-01-14 12:00:00,8.27
1999-01-28 12:00:00,8.25
1999-02-14 12:00:00,8.27
1999-02-28 12:00:00,8.48
1999-03-28 12:00:00,8.39
1999-04-14 12:00:00,8.49
1999-04-28 12:00:00,8.29
1999-05-14 12:00:00,8.2
1999-05-28 12:00:00,8.2
1999-06-14 12:00:00,7.73
1999-06-28 12:00:00,8.15
1999-07-14 12:00:00,8.1
1999-07-29 12:00:00,7.75
1999-08-14 12:00:00,7.85
1999-08-31 12:00:00,7.81
1999-09-15 12:00:00,7.84
1999-09-30 12:00:00,7.85
1999-10-15 12:00:00,7.67
1999-10-29 12:00:00,7.62
1999-11-28 12:00:00,7.77
1999-12-14 12:00:00,7.71
1999-12-28 12:00:00,8.09
2000-01-14 12:00:00,8.05
2000-01-28 12:00:00,8.11
2000-02-14 12:00:00,8.13
2000-02-28 12:00:00,8.25
2000-03-14 12:00:00,8.3
2000-03-28 12:00:00,8.33
2000-04-14 12:00:00,8.37
2000-04-28 12:00:00,8.25
2000-05-14 12:00:00,8.1
2000-05-28 12:00:00,8.16
2000-06-14 12:00:00,8.15
2000-06-28 12:00:00,8.1
2000-07-14 12:00:00,8.17
2000-07-28 12:00:00,8.21
2000-08-14 12:00:00,8.09
2000-08-28 12:00:00,8.1
2000-09-28 12:00:00,8.12
2000-10-14 12:00:00,8.21
2000-10-28 12:00:00,8.29
2000-11-14 12:00:00,8.37
2000-12-14 12:00:00,8.39
2000-12-28 12:00:00,8.59
2001-01-14 12:00:00,8.36
2001-01-28 12:00:00,8.38
2001-02-14 12:00:00,8.49
2001-02-28 12:00:00,8.89
2001-03-14 12:00:00,8.71
2001-03-28 12:00:00,8.85
2001-04-14 12:00:00,8.59
2001-04-28 12:00:00,8.8
2001-05-14 12:00:00,8.83
2001-05-28 12:00:00,8.76
2001-06-14 12:00:00,8.45
2001-06-28 12:00:00,8.12
2001-07-14 12:00:00,8.3
2001-07-28 12:00:00,8.27
2001-08-14 12:00:00,8.17
2001-08-28 12:00:00,8.09
2001-09-14 12:00:00,8.12
2001-09-28 12:00:00,8.19
2001-10-14 12:00:00,8.29
2001-11-14 12:00:00,8.25
2001-11-28 12:00:00,8.33
2001-12-14 12:00:00,8.29
2001-12-28 12:00:00,8.6
2002-01-14 12:00:00,8.59
2002-01-28 12:00:00,8.65
2002-02-14 12:00:00,8.77
2002-02-28 12:00:00,9.04
2002-03-14 12:00:00,8.89
2002-03-28 12:00:00,8.75
2002-04-14 12:00:00,8.77
2002-04-28 12:00:00,8.72
2002-05-14 12:00:00,8.62
2002-05-28 12:00:00,8.51
2002-06-14 12:00:00,8.44
2002-06-28 12:00:00,8.39
2002-07-14 12:00:00,8.44
2002-07-28 12:00:00,8.32
2002-08-14 12:00:00,8.29
2002-08-28 12:00:00,8.42
2002-09-14 12:00:00,8.37
2002-09-28 12:00:00,8.32
2002-10-14 12:00:00,8.49
2002-10-28 12:00:00,8.33
2002-11-14 12:00:00,8.47
2002-11-28 12:00:00,8.59
2002-12-14 12:00:00,8.59
2002-12-28 12:00:00,8.87
2003-01-14 12:00:00,8.85
2003-01-28 12:00:00,8.84
2003-02-14 12:00:00,8.87
2003-02-28 12:00:00,8.92
2003-03-14 12:00:00,8.7
2003-03-28 12:00:00,8.8
2003-04-14 12:00:00,8.85
2003-04-28 12:00:00,8.64
2003-05-14 12:00:00,8.59
2003-05-26 12:00:00,8.56
2003-06-14 12:00:00,8.43
2003-06-28 12:00:00,8.18
2003-07-14 12:00:00,8.23
2003-07-28 12:00:00,8.01
2003-08-14 12:00:00,7.67
2003-08-28 12:00:00,7.65
2003-09-14 12:00:00,7.75
2003-09-28 12:00:00,7.79
2003-10-14 12:00:00,7.79
2003-10-28 12:00:00,7.98
2003-11-14 12:00:00,7.77
2003-11-28 12:00:00,7.87
2003-12-28 12:00:00,7.87
2004-01-14 12:00:00,7.91
2004-01-28 12:00:00,7.87
2004-02-14 12:00:00,8.02
2004-02-28 12:00:00,8.37
2004-03-28 12:00:00,8.24
2004-04-14 12:00:00,8.13
2004-04-28 12:00:00,8.24
2004-05-14 12:00:00,8.1
2004-05-28 12:00:00,8.05
2004-06-03 12:00:00,7.95
2004-06-10 12:00:00,7.96
2004-06-14 12:00:00,7.85
2004-06-28 12:00:00,8.03
2004-07-14 12:00:00,7.86
2004-07-28 12:00:00,7.87
2004-08-14 12:00:00,7.84
2004-08-28 12:00:00,7.82
2004-09-14 12:00:00,7.88
2004-09-28 12:00:00,7.86
2004-10-14 12:00:00,7.77
2004-10-28 12:00:00,7.74
2004-11-14 12:00:00,7.81
2004-11-28 12:00:00,7.78
2004-12-14 12:00:00,7.79
2004-12-28 12:00:00,7.81
2005-01-14 12:00:00,7.91
2005-02-14 12:00:00,8.09
2005-02-28 12:00:00,8.04
2005-03-14 12:00:00,8.15
2005-03-28 12:00:00,8.13
2005-04-14 12:00:00,8.13
2005-04-28 12:00:00,7.97
2005-05-14 12:00:00,7.96
2005-05-30 12:00:00,8.01
2005-06-13 12:00:00,8.17
2005-06-28 12:00:00,7.72
2005-08-17 12:00:00,7.77
2005-08-28 12:00:00,7.8
2005-09-14 12:00:00,7.71
2005-10-14 12:00:00,7.75
2005-10-28 12:00:00,7.77
2005-11-14 12:00:00,7.72
2005-11-29 12:00:00,7.77
2005-12-15 12:00:00,7.75
2005-12-27 12:00:00,8.07
2006-01-13 12:00:00,7.94
2006-01-30 12:00:00,7.91
2006-02-14 12:00:00,8.19
2006-02-15 12:00:00,7.32
2006-03-28 12:00:00,8.23
2006-04-14 12:00:00,8.19
2006-04-28 12:00:00,8.07
2006-05-17 12:00:00,8.04
2006-05-28 12:00:00,8.02
2006-06-14 12:00:00,8.01
2006-06-28 12:00:00,7.93
2006-07-18 12:00:00,7.52
2006-07-28 12:00:00,7.58
2006-08-14 12:00:00,7.72
2006-08-28 12:00:00,7.73
2006-09-14 12:00:00,7.85
2006-09-28 12:00:00,7.75
2006-10-14 12:00:00,7.7
2006-10-28 12:00:00,7.58
2006-11-14 12:00:00,7.73
2006-11-28 12:00:00,7.65
2006-12-11 12:00:00,7.75
2007-01-05 12:00:00,7.93
2007-01-18 12:00:00,7.95
2007-01-29 12:00:00,8.0
2007-02-14 12:00:00,8.31
2007-03-01 12:00:00,8.32
2007-03-12 12:00:00,8.11
2007-03-26 12:00:00,8.27
2007-04-16 12:00:00,8.05
2007-06-27 12:00:00,8.0
2007-07-12 12:00:00,8.03
2007-07-26 12:00:00,7.98
2007-08-14 12:00:00,8.23
2007-08-30 12:00:00,8.09
2007-09-12 12:00:00,8.09
2007-09-26 12:00:00,8.05
2007-11-14 12:00:00,8.14
2007-11-28 12:00:00,8.27
2007-12-13 12:00:00,8.02
2007-12-27 12:00:00,8.23
2008-01-14 12:00:00,7.85
2008-01-15 12:00:00,8.39
2008-01-28 12:00:00,8.19
2008-02-14 12:00:00,8.26
2008-02-29 12:00:00,8.37
2008-03-14 12:00:00,8.31
2008-04-01 12:00:00,8.37
2008-04-14 12:00:00,8.29
2008-04-28 12:00:00,8.32
2008-05-15 12:00:00,8.17
2008-05-27 12:00:00,8.17
2008-06-16 12:00:00,8.12
2008-07-14 12:00:00,7.96
2008-07-28 12:00:00,7.94
2008-08-28 12:00:00,7.95
2008-09-15 12:00:00,7.87
2008-10-13 12:00:00,7.8
2008-10-27 12:00:00,8.04
2008-11-14 12:00:00,7.85
2008-11-27 12:00:00,7.97
2008-12-15 12:00:00,8.0
2008-12-30 12:00:00,8.06
2009-01-14 12:00:00,8.18
2009-01-28 12:00:00,7.98
2009-02-13 12:00:00,8.06
2009-03-02 12:00:00,8.23
2009-03-17 12:00:00,8.12
2009-03-30 12:00:00,8.11
2009-04-14 12:00:00,8.07
2009-04-28 12:00:00,8.07
2009-05-14 12:00:00,7.88
2009-05-28 12:00:00,7.8
2009-06-16 12:00:00,7.84
2009-06-30 12:00:00,7.74
2009-07-13 12:00:00,7.76
2009-07-28 12:00:00,7.79
2009-08-28 12:00:00,7.57
2009-09-14 12:00:00,7.53
2009-09-29 12:00:00,7.47
2009-10-13 12:00:00,7.46
2009-11-16 12:00:00,7.55
2009-12-01 12:00:00,7.5
2009-12-14 12:00:00,7.57
2009-12-28 12:00:00,7.68
2010-01-13 12:00:00,7.82
2010-01-19 17:00:00,7.71
2010-01-20 12:00:00,7.8
2010-01-21 12:00:00,7.73
2010-01-22 12:00:00,7.72
2010-01-23 12:00:00,7.75
2010-01-24 12:00:00,7.74
2010-01-25 12:00:00,7.69
2010-01-26 12:00:00,7.61
2010-01-27 12:00:00,7.73
2010-01-28 12:00:00,7.92
2010-01-29 12:00:00,8.12
2010-01-30 12:00:00,8.0
2010-01-31 12:00:00,7.93
2010-02-01 12:00:00,7.88
2010-02-02 12:00:00,7.92
2010-02-03 12:00:00,7.87
2010-02-04 12:00:00,7.87
2010-02-05 12:00:00,7.96
2010-02-06 12:00:00,7.87
2010-02-07 12:00:00,7.8
2010-02-08 12:00:00,7.91
2010-02-09 12:00:00,7.94
2010-02-10 12:00:00,7.91
2010-02-11 12:00:00,7.87
2010-02-12 12:00:00,7.85
2010-02-13 12:00:00,7.87
2010-02-14 12:00:00,7.93
2010-02-15 12:00:00,7.99
2010-02-16 12:00:00,8.07
2010-02-17 12:00:00,8.11
2010-02-18 12:00:00,8.07
2010-02-19 12:00:00,8.09
2010-02-20 12:00:00,8.03
2010-02-21 12:00:00,8.01
2010-02-22 12:00:00,8.12
2010-02-23 12:00:00,8.04
2010-02-24 12:00:00,8.01
2010-02-25 12:00:00,8.04
2010-02-26 12:00:00,8.1
2010-02-27 12:00:00,8.0
2010-02-28 12:00:00,8.24
2010-03-01 12:00:00,7.91
2010-03-02 12:00:00,7.82
2010-03-03 12:00:00,7.84
2010-03-04 12:00:00,7.87
2010-03-05 12:00:00,7.84
2010-03-06 12:00:00,7.88
2010-03-07 12:00:00,7.82
2010-03-08 12:00:00,7.89
2010-03-09 12:00:00,7.9
2010-03-10 12:00:00,7.93
2010-03-11 12:00:00,7.99
2010-03-12 12:00:00,8.01
2010-03-13 12:00:00,7.95
2010-03-14 12:00:00,7.98
2010-03-15 12:00:00,7.99
2010-03-16 12:00:00,7.96
2010-03-17 12:00:00,8.0
2010-03-18 12:00:00,8.02
2010-03-19 12:00:00,8.05
2010-03-20 12:00:00,8.12
2010-03-21 12:00:00,8.04
2010-03-22 12:00:00,7.99
2010-03-23 12:00:00,8.01
2010-03-24 12:00:00,8.12
2010-03-25 12:00:00,8.17
2010-03-26 12:00:00,8.13
2010-03-27 12:00:00,8.15
2010-03-28 12:00:00,8.1
2010-03-29 12:00:00,8.14
2010-03-30 12:00:00,8.26
2010-03-31 12:00:00,8.23
2010-04-01 12:00:00,8.08
2010-04-02 12:00:00,8.08
2010-04-03 12:00:00,8.12
2010-04-04 12:00:00,8.1
2010-04-05 12:00:00,7.94
2010-04-06 12:00:00,8.01
2010-04-07 12:00:00,8.06
2010-04-08 12:00:00,7.97
2010-04-09 12:00:00,7.95
2010-04-10 12:00:00,7.97
2010-04-11 12:00:00,8.04
2010-04-12 12:00:00,8.08
2010-04-13 12:00:00,8.11
2010-04-14 12:00:00,8.11
2010-04-15 12:00:00,8.1
2010-04-16 12:00:00,8.05
2010-04-17 12:00:00,8.08
2010-04-18 12:00:00,8.15
2010-04-19 12:00:00,8.1
2010-04-20 12:00:00,8.11
2010-04-21 12:00:00,8.09
2010-04-22 12:00:00,8.09
2010-04-23 12:00:00,8.11
2010-04-24 12:00:00,8.08
2010-04-25 12:00:00,8.06
2010-04-26 12:00:00,8.0
2010-04-27 12:00:00,7.98
2010-04-28 12:00:00,8.04
2010-04-29 12:00:00,8.13
2010-04-30 12:00:00,8.1
2010-05-01 12:00:00,8.1
2010-05-02 12:00:00,8.13
2010-05-03 12:00:00,8.07
2010-05-04 12:00:00,8.0
2010-05-05 12:00:00,8.05
2010-05-06 12:00:00,8.14
2010-05-07 12:00:00,8.13
2010-05-08 12:00:00,8.12
2010-05-09 12:00:00,8.11
2010-05-10 12:00:00,8.11
2010-05-11 12:00:00,8.11
2010-05-12 12:00:00,8.09
2010-05-13 12:00:00,8.07
2010-05-14 12:00:00,8.09
2010-05-15 12:00:00,8.08
2010-05-16 12:00:00,8.05
2010-05-17 12:00:00,8.01
2010-05-18 12:00:00,7.94
2010-05-19 12:00:00,7.96
2010-05-20 12:00:00,7.94
2010-05-21 12:00:00,7.95
2010-05-22 12:00:00,7.98
2010-05-23 12:00:00,8.0
2010-05-24 12:00:00,8.07
2010-05-25 12:00:00,8.06
2010-05-26 12:00:00,8.08
2010-05-27 12:00:00,8.06
2010-05-28 12:00:00,8.0
2010-05-29 12:00:00,7.96
2010-05-30 12:00:00,8.04
2010-05-31 12:00:00,7.99
2010-06-01 12:00:00,7.99
2010-06-02 12:00:00,7.97
2010-06-03 12:00:00,7.93
2010-06-04 12:00:00,7.93
2010-06-05 12:00:00,7.91
2010-06-06 12:00:00,7.96
2010-06-07 12:00:00,7.97
2010-06-08 12:00:00,8.05
2010-06-09 12:00:00,8.03
2010-06-10 12:00:00,8.03
2010-06-11 12:00:00,8.01
2010-06-12 12:00:00,7.97
2010-06-13 12:00:00,7.92
2010-06-14 12:00:00,7.94
2010-06-15 12:00:00,7.87
2010-06-16 12:00:00,7.89
2010-06-17 12:00:00,7.88
2010-06-18 12:00:00,7.89
2010-06-19 12:00:00,7.94
2010-06-20 12:00:00,7.88
2010-06-21 12:00:00,7.86
2010-06-22 12:00:00,7.8
2010-06-23 12:00:00,7.77
2010-06-24 12:00:00,7.77
2010-06-25 12:00:00,7.73
2010-06-26 12:00:00,7.69
2010-06-27 12:00:00,7.69
2010-06-28 12:00:00,7.64
2010-06-29 12:00:00,7.6
2010-06-30 12:00:00,7.56
2010-07-01 12:00:00,7.58
2010-07-02 12:00:00,7.56
2010-07-03 12:00:00,7.49
2010-07-04 12:00:00,7.48
2010-07-05 12:00:00,7.51
2010-07-06 12:00:00,7.48
2010-07-07 12:00:00,7.47
2010-07-08 12:00:00,7.49
2010-07-09 12:00:00,7.47
2010-07-10 12:00:00,7.41
2010-07-11 12:00:00,7.49
2010-07-12 12:00:00,7.57
2010-07-13 12:00:00,7.62
2010-07-14 12:00:00,7.68
2010-07-15 12:00:00,7.62
2010-07-16 12:00:00,7.63
2010-07-17 12:00:00,7.57
2010-07-18 12:00:00,7.52
2010-07-19 12:00:00,7.57
2010-07-20 12:00:00,7.65
2010-07-21 12:00:00,7.66
2010-07-22 12:00:00,7.61
2010-07-23 12:00:00,7.57
2010-07-24 12:00:00,7.5
2010-07-25 12:00:00,7.55
2010-07-26 12:00:00,7.57
2010-07-27 12:00:00,7.5
2010-07-28 12:00:00,7.55
2010-07-29 12:00:00,7.58
2010-07-30 12:00:00,7.58
2010-07-31 12:00:00,7.59
2010-08-01 12:00:00,7.6
2010-08-02 12:00:00,7.58
2010-08-03 12:00:00,7.58
2010-08-04 12:00:00,7.67
2010-08-05 12:00:00,7.63
2010-08-06 12:00:00,7.58
2010-08-07 12:00:00,7.59
2010-08-08 12:00:00,7.59
2010-08-09 12:00:00,7.6
2010-08-10 12:00:00,7.64
2010-08-11 12:00:00,7.64
2010-08-12 12:00:00,7.63
2010-08-13 12:00:00,7.61
2010-08-14 12:00:00,7.61
2010-08-15 12:00:00,7.63
2010-08-16 12:00:00,7.7
2010-08-17 12:00:00,7.66
2010-08-18 12:00:00,7.71
2010-08-19 12:00:00,7.63
2010-08-20 12:00:00,7.61
2010-08-21 12:00:00,7.57
2010-08-22 12:00:00,7.64
2010-08-23 12:00:00,7.79
2010-08-24 12:00:00,7.69
2010-08-25 12:00:00,7.62
2010-08-26 12:00:00,7.7
2010-08-27 12:00:00,7.73
2010-08-28 12:00:00,7.62
2010-08-29 12:00:00,7.68
2010-08-30 12:00:00,7.65
2010-08-31 12:00:00,7.6
2010-09-01 12:00:00,7.65
2010-09-02 12:00:00,7.67
2010-09-03 12:00:00,7.66
2010-09-04 12:00:00,7.67
2010-09-05 12:00:00,7.67
2010-09-06 12:00:00,7.75
2010-09-07 12:00:00,7.83
2010-09-08 12:00:00,7.87
2010-09-09 12:00:00,7.72
2010-09-10 12:00:00,7.67
2010-09-11 12:00:00,7.71
2010-09-12 12:00:00,7.69
2010-09-13 12:00:00,7.65
2010-09-14 12:00:00,7.75
2010-09-15 12:00:00,7.79
2010-09-16 12:00:00,7.8
2010-09-17 12:00:00,7.76
2010-09-18 12:00:00,7.72
2010-09-19 12:00:00,7.74
2010-09-20 12:00:00,7.76
2010-09-21 12:00:00,7.7
2010-09-22 12:00:00,7.73
2010-09-23 12:00:00,7.81
2010-09-24 12:00:00,7.89
2010-09-25 12:00:00,7.81
2010-09-26 12:00:00,7.83
2010-09-27 12:00:00,7.79
2010-09-28 12:00:00,7.75
2010-09-29 12:00:00,7.73
2010-09-30 12:00:00,7.8
2010-10-01 12:00:00,7.81
2010-10-02 12:00:00,7.83
2010-10-03 12:00:00,7.88
2010-10-04 12:00:00,7.88
2010-10-05 12:00:00,7.82
2010-10-06 12:00:00,7.78
2010-10-07 12:00:00,7.67
2010-10-08 12:00:00,7.7
2010-10-09 12:00:00,7.73
2010-10-10 12:00:00,7.75
2010-10-11 12:00:00,7.72
2010-10-12 12:00:00,7.7
2010-10-13 12:00:00,7.71
2010-10-14 12:00:00,7.7
2010-10-15 12:00:00,7.72
2010-10-16 12:00:00,7.74
2010-10-17 12:00:00,7.66
2010-10-18 12:00:00,7.7
2010-10-19 12:00:00,7.82
2010-10-20 12:00:00,7.76
2010-10-21 12:00:00,7.67
2010-10-22 12:00:00,7.73
2010-10-23 12:00:00,7.87
2010-10-24 12:00:00,7.8
2010-10-25 12:00:00,7.68
2010-10-26 12:00:00,7.67
2010-10-27 12:00:00,7.77
2010-10-28 12:00:00,7.8
2010-10-29 12:00:00,7.91
2010-10-30 12:00:00,7.96
2010-10-31 12:00:00,7.97
2010-11-01 12:00:00,7.86
2010-11-02 12:00:00,7.87
2010-11-03 12:00:00,7.87
2010-11-04 12:00:00,7.82
2010-11-05 12:00:00,7.81
2010-11-06 12:00:00,7.88
2010-11-07 12:00:00,7.98
2010-11-08 12:00:00,8.2
2010-11-09 12:00:00,8.2
2010-11-10 12:00:00,8.05
2010-11-11 12:00:00,8.0
2010-11-12 12:00:00,8.02
2010-11-13 12:00:00,8.02
2010-11-14 12:00:00,8.04
2010-11-15 12:00:00,7.89
2010-11-16 12:00:00,7.84
2010-11-17 12:00:00,7.96
2010-11-18 12:00:00,8.02
2010-11-19 12:00:00,7.99
2010-11-20 12:00:00,8.0
2010-11-21 12:00:00,8.06
2010-11-22 12:00:00,8.09
2010-11-23 12:00:00,8.08
2010-11-24 12:00:00,8.09
2010-11-25 12:00:00,8.13
2010-11-26 12:00:00,8.11
2010-11-27 12:00:00,8.13
2010-11-28 12:00:00,8.11
2010-11-29 12:00:00,8.09
2010-11-30 12:00:00,8.06
2010-12-01 12:00:00,8.15
2010-12-02 12:00:00,8.12
2010-12-03 12:00:00,8.1
2010-12-04 12:00:00,8.12
2010-12-05 12:00:00,8.21
2010-12-06 12:00:00,8.21
2010-12-07 12:00:00,8.18
2010-12-08 12:00:00,8.17
2010-12-09 12:00:00,8.03
2010-12-10 12:00:00,8.0
2010-12-11 12:00:00,8.08
2010-12-12 12:00:00,8.12
2010-12-13 12:00:00,8.07
2010-12-14 12:00:00,8.04
2010-12-15 12:00:00,8.08
2010-12-16 12:00:00,8.3
2010-12-17 12:00:00,8.38
2010-12-18 12:00:00,8.35
2010-12-19 12:00:00,8.36
2010-12-20 12:00:00,8.27
2010-12-21 12:00:00,8.28
2010-12-22 12:00:00,8.28
2010-12-23 12:00:00,8.28
2010-12-24 12:00:00,8.21
2010-12-25 12:00:00,8.1
2010-12-26 12:00:00,8.11
2010-12-27 12:00:00,8.16
2010-12-28 12:00:00,8.21
2010-12-29 12:00:00,8.11
2010-12-30 12:00:00,8.09
2010-12-31 12:00:00,8.09
2011-01-01 12:00:00,8.15
2011-01-02 12:00:00,8.13
2011-01-03 12:00:00,8.15
2011-01-04 12:00:00,8.23
2011-01-05 12:00:00,8.31
2011-01-06 12:00:00,8.43
2011-01-07 12:00:00,8.34
2011-01-08 12:00:00,8.39
2011-01-09 12:00:00,8.28
2011-01-10 12:00:00,8.21
2011-01-11 12:00:00,8.39
2011-01-12 12:00:00,8.29
2011-01-13 12:00:00,8.32
2011-01-14 12:00:00,8.39
2011-01-15 12:00:00,8.34
2011-01-16 12:00:00,8.35
2011-01-17 12:00:00,8.38
2011-01-18 12:00:00,8.38
2011-01-19 12:00:00,8.32
2011-01-20 12:00:00,8.34
2011-01-21 12:00:00,8.32
2011-01-22 12:00:00,8.38
2011-01-23 12:00:00,8.42
2011-01-24 12:00:00,8.44
2011-01-25 11:50:00,8.58
2011-01-26 11:50:00,8.61
2011-01-27 11:50:00,8.5
2011-01-28 11:50:00,8.48
2011-01-29 11:50:00,8.51
2011-01-30 11:50:00,8.49
2011-01-31 11:50:00,8.46
2011-02-01 11:50:00,8.46
2011-02-02 11:50:00,8.44
2011-02-03 11:50:00,8.46
2011-02-04 11:50:00,8.52
2011-02-05 11:50:00,8.51
2011-02-06 11:50:00,8.48
2011-02-07 11:50:00,8.54
2011-02-08 11:50:00,8.46
2011-02-09 11:50:00,8.48
2011-02-10 11:50:00,8.53
2011-02-11 11:50:00,8.56
2011-02-12 11:50:00,8.57
2011-02-13 11:50:00,8.58
2011-02-14 11:50:00,8.62
2011-02-15 11:50:00,8.68
2011-02-16 11:50:00,8.67
2011-02-17 11:50:00,8.62
2011-02-18 11:50:00,8.53
2011-02-19 11:50:00,8.54
2011-02-20 11:50:00,8.54
2011-02-21 11:50:00,8.53
2011-02-22 11:50:00,8.52
2011-02-23 11:50:00,8.48
2011-02-24 11:50:00,8.5
2011-02-25 11:50:00,8.45
2011-02-26 11:50:00,8.59
2011-02-27 11:50:00,8.57
2011-02-28 11:50:00,8.48
2011-03-01 11:50:00,8.4
2011-03-02 11:50:00,8.43
2011-03-03 11:50:00,8.45
2011-03-04 11:50:00,8.47
2011-03-05 11:50:00,8.5
2011-03-06 11:50:00,8.49
2011-03-07 11:50:00,8.48
2011-03-08 11:50:00,8.56
2011-03-09 11:50:00,8.63
2011-03-10 11:50:00,8.64
2011-03-11 11:50:00,8.6
2011-03-12 11:50:00,8.66
2011-03-13 11:50:00,8.69
2011-03-14 11:50:00,8.57
2011-03-15 11:50:00,8.56
2011-03-16 11:50:00,8.59
2011-03-17 11:50:00,8.59
2011-03-18 11:50:00,8.48
2011-03-19 11:50:00,8.39
2011-03-20 11:50:00,8.41
2011-03-21 11:50:00,8.41
2011-03-22 11:50:00,8.4
2011-03-23 11:50:00,8.39
2011-03-24 11:50:00,8.44
2011-03-25 11:50:00,8.57
2011-03-26 11:50:00,8.59
2011-03-27 11:50:00,8.61
2011-03-28 11:50:00,8.58
2011-03-29 11:50:00,8.57
2011-03-30 11:50:00,8.59
2011-03-31 11:50:00,8.59
2011-04-01 11:50:00,8.51
2011-04-02 11:50:00,8.57
2011-04-03 11:50:00,8.55
2011-04-04 11:50:00,8.48
2011-04-05 11:50:00,8.47
2011-04-06 11:50:00,8.44
2011-04-07 11:50:00,8.44
2011-04-08 11:50:00,8.45
2011-04-09 11:50:00,8.41
2011-04-10 11:50:00,8.46
2011-04-11 11:50:00,8.51
2011-04-12 11:50:00,8.43
2011-04-13 11:50:00,8.46
2011-04-14 11:50:00,8.49
2011-04-15 11:50:00,8.49
2011-04-16 11:50:00,8.47
2011-04-17 11:50:00,8.43
2011-04-18 11:50:00,8.49
2011-04-19 11:50:00,8.49
2011-04-20 11:50:00,8.47
2011-04-21 11:50:00,8.48
2011-04-22 11:50:00,8.49
2011-04-23 11:50:00,8.42
2011-04-24 11:50:00,8.36
2011-04-25 11:50:00,8.34
2011-04-26 11:50:00,8.32
2011-04-27 11:50:00,8.3
2011-04-28 11:50:00,8.34
2011-04-29 11:50:00,8.39
2011-04-30 11:50:00,8.39
2011-05-01 11:50:00,8.39
2011-05-02 11:50:00,8.39
2011-05-03 11:50:00,8.3
2011-05-04 11:50:00,8.2
2011-05-05 11:50:00,8.2
2011-05-06 11:50:00,8.2
2011-05-07 11:50:00,8.2
2011-05-08 11:50:00,8.16
2011-05-09 11:50:00,8.1
2011-05-10 11:50:00,8.06
2011-05-11 11:50:00,8.1
2011-05-12 11:50:00,8.07
2011-05-13 11:50:00,8.06
2011-05-14 11:50:00,8.08
2011-05-15 11:50:00,8.04
2011-05-16 11:50:00,8.03
2011-05-17 11:50:00,8.04
2011-05-18 11:50:00,8.09
2011-05-19 11:50:00,8.06
2011-05-20 11:50:00,8.08
2011-05-21 11:50:00,8.04
2011-05-22 11:50:00,8.08
2011-05-23 11:50:00,8.03
2011-05-24 11:50:00,7.95
2011-05-25 11:50:00,7.92
2011-05-26 11:50:00,8.01
2011-05-27 11:50:00,8.0
2011-05-28 11:50:00,7.98
2011-05-29 11:50:00,8.0
2011-05-30 11:50:00,8.08
2011-05-31 11:50:00,8.05
2011-06-01 11:50:00,7.9
2011-06-02 11:50:00,7.85
2011-06-03 11:50:00,7.89
2011-06-04 11:50:00,7.99
2011-06-05 11:50:00,8.05
2011-06-06 11:50:00,8.09
2011-06-07 11:50:00,8.06
2011-06-08 11:50:00,8.09
2011-06-09 11:50:00,8.05
2011-06-10 11:50:00,8.05
2011-06-11 11:50:00,8.07
2011-06-12 11:50:00,8.05
2011-06-13 11:50:00,8.1
2011-06-14 11:50:00,8.06
2011-06-15 11:50:00,8.09
2011-06-16 11:50:00,8.13
2011-06-17 11:50:00,8.12
2011-06-18 11:50:00,8.22
2011-06-19 11:50:00,8.17
2011-06-20 11:50:00,8.13
2011-06-21 11:50:00,8.16
2011-06-22 11:50:00,8.17
2011-06-23 11:50:00,8.14
2011-06-24 11:50:00,8.1
2011-06-25 11:50:00,8.11
2011-06-26 11:50:00,8.11
2011-06-27 11:50:00,8.18
2011-06-28 11:50:00,8.18
2011-06-29 11:50:00,8.14
2011-06-30 11:50:00,8.13
2011-07-01 11:50:00,8.13
2011-07-02 11:50:00,8.16
2011-07-03 11:50:00,8.19
2011-07-04 11:50:00,8.19
2011-07-05 11:50:00,8.19
2011-07-06 11:50:00,8.24
2011-07-07 11:50:00,8.23
2011-07-08 11:50:00,8.21
2011-07-09 11:50:00,8.17
2011-07-10 11:50:00,8.12
2011-07-11 11:50:00,8.1
2011-07-12 11:50:00,8.15
2011-07-13 11:50:00,8.16
2011-07-14 11:50:00,8.2
2011-07-15 11:50:00,8.16
2011-07-16 11:50:00,8.28
2011-07-17 11:50:00,8.36
2011-07-18 11:50:00,8.36
2011-07-19 11:50:00,8.31
2011-07-20 11:50:00,8.28
2011-07-21 11:50:00,8.28
2011-07-22 11:50:00,8.26
2011-07-23 11:50:00,8.3
2011-07-24 11:50:00,8.31
2011-07-25 11:50:00,8.32
2011-07-26 11:50:00,8.28
2011-07-27 11:50:00,8.25
2011-07-28 11:50:00,8.24
2011-07-29 11:50:00,8.23
2011-07-30 11:50:00,8.28
2011-07-31 11:50:00,8.31
2011-08-01 11:50:00,8.32
2011-08-02 11:50:00,8.32
2011-08-03 11:50:00,8.31
2011-08-04 11:50:00,8.3
2011-08-05 11:50:00,8.31
2011-08-06 11:50:00,8.39
2011-08-07 11:50:00,8.39
2011-08-08 11:50:00,8.39
2011-08-09 11:50:00,8.25
2011-08-10 11:50:00,8.24
2011-08-11 11:50:00,8.34
2011-08-12 11:50:00,8.35
2011-08-13 11:50:00,8.35
2011-08-14 11:50:00,8.37
2011-08-15 11:50:00,8.29
2011-08-16 11:50:00,8.27
2011-08-17 11:50:00,8.28
2011-08-18 11:50:00,8.32
2011-08-19 11:50:00,8.27
2011-08-20 11:50:00,8.24
2011-08-21 11:50:00,8.32
2011-08-22 11:50:00,8.25
2011-08-23 11:50:00,8.33
2011-08-24 11:50:00,8.31
2011-08-25 11:50:00,8.34
2011-08-26 11:50:00,8.44
2011-08-27 11:50:00,8.35
2011-08-28 11:50:00,8.3
2011-08-29 11:50:00,8.3
2011-08-30 11:50:00,8.29
2011-08-31 11:50:00,8.32
2011-09-01 11:50:00,8.31
2011-09-02 11:50:00,8.34
2011-09-03 11:50:00,8.33
2011-09-04 11:50:00,8.34
2011-09-05 11:50:00,8.32
2011-09-06 11:50:00,8.32
2011-09-07 11:50:00,8.34
2011-09-08 11:50:00,8.34
2011-09-09 11:50:00,8.33
2011-09-10 11:50:00,8.37
2011-09-11 11:50:00,8.36
2011-09-12 11:50:00,8.38
2011-09-13 11:50:00,8.33
2011-09-14 11:50:00,8.23
2011-09-15 11:50:00,8.19
2011-09-16 11:50:00,8.25
2011-09-17 11:50:00,8.3
2011-09-18 11:50:00,8.36
2011-09-19 11:50:00,8.28
2011-09-20 11:50:00,8.21
2011-09-21 11:50:00,8.25
2011-09-22 11:50:00,8.25
2011-09-23 11:50:00,8.25
2011-09-24 11:50:00,8.28
2011-09-25 11:50:00,8.27
2011-09-26 11:50:00,8.22
2011-09-27 11:50:00,8.22
2011-09-28 11:50:00,8.24
2011-09-29 11:50:00,8.27
2011-09-30 11:50:00,8.28
2011-10-01 11:50:00,8.27
2011-10-02 11:50:00,8.27
2011-10-03 11:50:00,8.32
2011-10-04 11:50:00,8.31
2011-10-05 11:50:00,8.32
2011-10-06 11:50:00,8.42
2011-10-07 11:50:00,8.36
2011-10-08 11:50:00,8.33
2011-10-09 11:50:00,8.31
2011-10-10 11:50:00,8.35
2011-10-11 11:50:00,8.32
2011-10-12 11:50:00,8.31
2011-10-13 11:50:00,8.24
2011-10-14 11:50:00,8.22
2011-10-15 11:50:00,8.27
2011-10-16 11:50:00,8.32
2011-10-17 11:50:00,8.35
2011-10-18 11:50:00,8.45
2011-10-19 11:50:00,8.39
2011-10-20 11:50:00,8.29
2011-10-21 11:50:00,8.29
2011-10-22 11:50:00,8.35
2011-10-23 11:50:00,8.41
2011-10-24 11:50:00,8.48
2011-10-25 11:50:00,8.48
2011-10-26 11:50:00,8.4
2011-10-27 11:50:00,8.39
2011-10-28 11:50:00,8.28
2011-10-29 11:50:00,8.3
2011-10-30 11:50:00,8.32
2011-10-31 11:50:00,8.34
2011-11-01 11:50:00,8.41
2011-11-02 11:50:00,8.39
2011-11-03 11:50:00,8.48
2011-11-04 11:50:00,8.47
2011-11-05 11:50:00,8.43
2011-11-06 11:50:00,8.31
2011-11-07 11:50:00,8.29
2011-11-08 11:50:00,8.33
2011-11-09 11:50:00,8.31
2011-11-10 11:50:00,8.3
2011-11-11 11:50:00,8.32
2011-11-12 11:50:00,8.26
2011-11-13 11:50:00,8.23
2011-11-14 11:50:00,8.29
2011-11-15 11:50:00,8.34
2011-11-16 11:50:00,8.34
2011-11-17 11:50:00,8.33
2011-11-18 11:50:00,8.31
2011-11-19 11:50:00,8.34
2011-11-20 11:50:00,8.32
2011-11-21 11:50:00,8.35
2011-11-22 11:50:00,8.34
2011-11-23 11:50:00,8.27
2011-11-24 11:50:00,8.24
2011-11-25 11:50:00,8.31
2011-11-26 11:50:00,8.27
2011-11-27 11:50:00,8.35
2011-11-28 11:50:00,8.26
2011-11-29 11:50:00,8.37
2011-11-30 11:50:00,8.27
2011-12-01 11:50:00,8.39
2011-12-02 11:50:00,8.37
2011-12-03 11:50:00,8.46
2011-12-04 11:50:00,8.43
2011-12-05 11:50:00,8.4
2011-12-06 11:50:00,8.39
2011-12-07 11:50:00,8.44
2011-12-08 11:50:00,8.3
2011-12-09 11:50:00,8.37
2011-12-10 11:50:00,8.34
2011-12-11 11:50:00,8.35
2011-12-12 11:50:00,8.42
2011-12-13 11:50:00,8.55
2011-12-14 11:50:00,8.5
2011-12-15 11:50:00,8.47
2011-12-16 11:50:00,8.68
2011-12-17 11:50:00,8.4
2011-12-18 11:50:00,8.36
2011-12-19 11:50:00,8.33
2011-12-20 11:50:00,8.43
2011-12-21 11:50:00,8.39
2011-12-22 11:50:00,8.36
2011-12-23 11:50:00,8.41
2011-12-24 11:50:00,8.36
2011-12-25 11:50:00,8.38
2011-12-26 11:50:00,8.35
2011-12-27 11:50:00,8.37
2011-12-28 11:50:00,8.49
2011-12-29 11:50:00,8.53
2011-12-30 11:50:00,8.57
2011-12-31 11:50:00,8.63
2012-01-01 11:50:00,8.63
2012-01-02 11:50:00,8.65
2012-01-03 11:50:00,8.69
2012-01-04 11:50:00,8.59
2012-01-05 11:50:00,8.81
2012-01-06 11:50:00,8.57
2012-01-07 11:50:00,8.62
2012-01-08 11:50:00,8.58
2012-01-09 11:50:00,8.56
2012-01-10 11:50:00,8.52
2012-01-11 11:50:00,8.54
2012-01-12 11:50:00,8.63
2012-01-13 11:50:00,8.6
2012-01-14 11:50:00,8.61
2012-01-15 11:50:00,8.64
2012-01-16 11:50:00,8.64
2012-01-17 11:50:00,8.62
2012-01-18 11:50:00,8.65
2012-01-19 11:50:00,8.77
2012-01-20 11:50:00,8.75
2012-01-21 11:50:00,8.82
2012-01-22 11:50:00,8.82
2012-01-23 11:50:00,8.76
2012-01-24 11:50:00,8.71
2012-01-25 11:50:00,8.74
2012-01-26 11:50:00,8.8
2012-01-27 11:50:00,8.74
2012-01-28 11:50:00,8.69
2012-01-29 11:50:00,8.68
2012-01-30 11:50:00,8.73
2012-01-31 11:50:00,8.74
2012-02-01 11:50:00,8.7
2012-02-02 11:50:00,8.67
2012-02-03 11:50:00,8.64
2012-02-04 11:50:00,8.63
2012-02-05 11:50:00,8.71
2012-02-06 11:50:00,8.67
2012-02-07 11:50:00,8.62
2012-02-08 11:50:00,8.64
2012-02-09 11:50:00,8.64
2012-02-10 11:50:00,8.62
2012-02-11 11:50:00,8.65
2012-02-12 11:50:00,8.69
2012-02-13 11:50:00,8.75
2012-02-14 11:50:00,8.77
2012-02-15 11:50:00,8.78
2012-02-16 11:50:00,8.69
2012-02-17 11:50:00,8.71
2012-02-18 11:50:00,8.78
2012-02-19 11:50:00,8.73
2012-02-20 11:50:00,8.61
2012-02-21 11:50:00,8.64
2012-02-22 11:50:00,8.66
2012-02-23 11:50:00,8.72
2012-02-24 11:50:00,8.7
2012-02-25 11:50:00,8.7
2012-02-26 11:50:00,8.68
2012-02-27 11:50:00,8.71
2012-02-28 11:50:00,8.73
2012-02-29 11:50:00,8.71
2012-03-01 11:50:00,8.7
2012-03-02 11:50:00,8.7
2012-03-03 11:50:00,8.76
2012-03-04 11:50:00,8.77
2012-03-05 11:50:00,8.86
2012-03-06 11:50:00,8.73
2012-03-07 11:50:00,8.77
2012-03-08 11:50:00,8.69
2012-03-09 11:50:00,8.65
2012-03-10 11:50:00,8.66
2012-03-11 11:50:00,8.67
2012-03-12 11:50:00,8.71
2012-03-13 11:50:00,8.71
2012-03-14 11:50:00,8.74
2012-03-15 11:50:00,8.79
2012-03-16 11:50:00,8.83
2012-03-17 11:50:00,8.86
2012-03-18 11:50:00,8.87
2012-03-19 11:50:00,8.72
2012-03-20 11:50:00,8.69
2012-03-21 11:50:00,8.69
2012-03-22 11:50:00,8.74
2012-03-23 11:50:00,8.77
2012-03-24 11:50:00,8.75
2012-03-25 11:50:00,8.7
2012-03-26 11:50:00,8.68
2012-03-27 11:50:00,8.69
2012-03-28 11:50:00,8.72
2012-03-29 11:50:00,8.76
2012-03-30 11:50:00,8.78
2012-03-31 11:50:00,8.83
2012-04-01 11:50:00,8.79
2012-04-02 11:50:00,8.84
2012-04-03 11:50:00,8.91
2012-04-04 11:50:00,8.85
2012-04-05 11:50:00,8.76
2012-04-06 11:50:00,8.78
2012-04-07 11:50:00,8.8
2012-04-08 11:50:00,8.74
2012-04-09 11:50:00,8.85
2012-04-10 11:50:00,8.92
2012-04-11 11:50:00,8.87
2012-04-12 11:50:00,8.81
2012-04-13 11:50:00,8.78
2012-04-14 11:50:00,8.79
2012-04-15 11:50:00,8.7
2012-04-16 11:50:00,8.64
2012-04-17 11:50:00,8.79
2012-04-18 11:50:00,8.91
2012-04-19 11:50:00,8.93
2012-04-20 11:50:00,8.84
2012-04-21 11:50:00,8.83
2012-04-22 11:50:00,8.78
2012-04-23 11:50:00,8.81
2012-04-24 11:50:00,8.87
2012-04-25 11:50:00,8.85
2012-04-26 11:50:00,8.81
2012-04-27 11:50:00,8.71
2012-04-28 11:50:00,8.73
2012-04-29 11:50:00,8.8
2012-04-30 11:50:00,8.72
2012-05-01 11:50:00,8.71
2012-05-02 11:50:00,8.71
2012-05-03 11:50:00,8.77
2012-05-04 11:50:00,8.83
2012-05-05 11:50:00,8.82
2012-05-06 11:50:00,8.78
2012-05-07 12:00:00,8.75
2012-05-08 12:00:00,8.81
2012-05-09 12:00:00,8.81
2012-05-10 12:00:00,8.8
2012-05-11 12:00:00,8.76
2012-05-12 12:00:00,8.65
2012-05-13 12:00:00,8.68
2012-05-14 12:00:00,8.81
2012-05-15 12:00:00,8.9
2012-05-16 12:00:00,8.78
2012-05-17 12:00:00,8.82
2012-05-18 12:00:00,8.94
2012-05-19 12:00:00,8.88
2012-05-20 12:00:00,8.91
2012-05-21 12:00:00,8.96
2012-05-22 12:00:00,8.9
2012-05-23 12:00:00,8.77
2012-05-24 12:00:00,8.74
2012-05-25 12:00:00,8.74
2012-05-26 12:00:00,8.75
2012-05-27 12:00:00,8.72
2012-05-28 12:00:00,8.74
2012-05-29 12:00:00,8.73
2012-05-30 12:00:00,8.65
2012-05-31 12:00:00,8.69
2012-06-01 12:00:00,8.67
2012-06-02 12:00:00,8.7
2012-06-03 12:00:00,8.8
2012-06-04 12:00:00,8.81
2012-06-05 12:00:00,8.73
2012-06-06 12:00:00,8.86
2012-06-07 12:00:00,8.9
2012-06-08 12:00:00,8.89
2012-06-09 12:00:00,8.85
2012-06-10 12:00:00,8.86
2012-06-11 12:00:00,8.94
2012-06-12 12:00:00,8.92
2012-06-13 12:00:00,8.84
2012-06-14 12:00:00,8.8
2012-06-15 12:00:00,8.87
2012-06-16 12:00:00,8.88
2012-06-17 12:00:00,8.81
2012-06-18 12:00:00,8.85
2012-06-19 12:00:00,8.83
2012-06-20 12:00:00,8.88
2012-06-21 12:00:00,8.93
2012-06-22 12:00:00,8.89
2012-06-23 12:00:00,8.81
2012-06-24 12:00:00,8.93
2012-06-25 12:00:00,8.87
2012-06-26 12:00:00,8.84
2012-06-27 12:00:00,8.85
2012-06-28 12:00:00,8.96
2012-06-29 12:00:00,8.95
2012-06-30 12:00:00,8.89
2012-07-01 12:00:00,8.84
2012-07-02 12:00:00,8.83
2012-07-03 12:00:00,8.85
2012-07-04 12:00:00,8.88
2012-07-05 12:00:00,8.89
2012-07-06 12:00:00,8.91
2012-07-07 12:00:00,8.91
2012-07-08 12:00:00,8.96
2012-07-09 12:00:00,8.91
2012-07-10 12:00:00,8.92
2012-07-11 12:00:00,8.93
2012-07-12 12:00:00,8.92
2012-07-13 12:00:00,9.01
2012-07-14 12:00:00,9.02
2012-07-15 12:00:00,8.94
2012-07-16 12:00:00,8.89
2012-07-17 12:00:00,8.91
2012-07-18 12:00:00,9.0
2012-07-19 12:00:00,9.06
2012-07-20 12:00:00,9.01
2012-07-21 12:00:00,8.96
2012-07-22 12:00:00,8.93
2012-07-23 12:00:00,8.97
2012-07-24 12:00:00,9.01
2012-07-25 12:00:00,9.0
2012-07-26 12:00:00,8.97
2012-07-27 12:00:00,9.01
2012-07-28 12:00:00,9.03
2012-07-29 12:00:00,8.99
2012-07-30 12:00:00,8.97
2012-07-31 12:00:00,8.96
2012-08-01 12:00:00,9.0
2012-08-02 12:00:00,8.99
2012-08-03 12:00:00,8.97
2012-08-04 12:00:00,8.99
2012-08-05 12:00:00,9.01
2012-08-06 12:00:00,9.0
2012-08-07 12:00:00,8.92
2012-08-08 12:00:00,8.9
2012-08-09 12:00:00,8.89
2012-08-10 12:00:00,8.87
2012-08-11 12:00:00,8.91
2012-08-12 12:00:00,8.97
2012-08-13 12:00:00,8.97
2012-08-14 12:00:00,8.94
2012-08-15 12:00:00,8.99
2012-08-16 12:00:00,8.88
2012-08-17 12:00:00,8.85
2012-08-18 12:00:00,8.86
2012-08-19 12:00:00,8.85
2012-08-20 12:00:00,8.77
2012-08-21 12:00:00,8.8
2012-08-22 12:00:00,8.79
2012-08-23 12:00:00,8.8
2012-08-24 12:00:00,8.87
2012-08-25 12:00:00,8.88
2012-08-26 12:00:00,8.83
2012-08-27 12:00:00,8.79
2012-08-28 12:00:00,8.83
2012-08-29 12:00:00,8.83
2012-08-30 12:00:00,8.81
2012-08-31 12:00:00,8.77
2012-09-01 12:00:00,8.75
2012-09-02 12:00:00,8.79
2012-09-03 12:00:00,8.78
2012-09-04 12:00:00,8.8
2012-09-05 12:00:00,8.79
2012-09-06 12:00:00,8.77
2012-09-07 12:00:00,8.79
2012-09-08 12:00:00,8.83
2012-09-09 12:00:00,8.89
2012-09-10 12:00:00,8.87
2012-09-11 12:00:00,8.88
2012-09-12 12:00:00,8.86
2012-09-13 12:00:00,8.82
2012-09-14 12:00:00,8.87
2012-09-15 12:00:00,8.82
2012-09-16 12:00:00,8.85
2012-09-17 12:00:00,8.85
2012-09-18 12:00:00,8.86
2012-09-19 12:00:00,8.8
2012-09-20 12:00:00,8.79
2012-09-21 12:00:00,8.85
2012-09-22 12:00:00,8.83
2012-09-23 12:00:00,8.86
2012-09-24 12:00:00,9.08
2012-09-25 12:00:00,9.0
2012-09-26 12:00:00,8.96
2012-09-27 12:00:00,8.9
2012-09-28 12:00:00,8.82
2012-09-29 12:00:00,8.81
2012-09-30 12:00:00,8.79
2012-10-01 12:00:00,8.84
2012-10-02 12:00:00,8.85
2012-10-03 12:00:00,8.9
2012-10-04 12:00:00,8.91
2012-10-05 12:00:00,8.9
2012-10-06 12:00:00,8.87
2012-10-07 12:00:00,8.8
2012-10-08 12:00:00,8.85
2012-10-09 12:00:00,8.88
2012-10-10 12:00:00,8.88
2012-10-11 12:00:00,8.95
2012-10-12 12:00:00,8.98
2012-10-13 12:00:00,8.97
2012-10-14 12:00:00,9.03
2012-10-15 12:00:00,8.97
2012-10-16 12:00:00,8.99
2012-10-17 12:00:00,9.05
2012-10-18 12:00:00,9.03
2012-10-19 12:00:00,9.0
2012-10-20 12:00:00,8.94
2012-10-21 12:00:00,8.96
2012-10-22 12:00:00,8.95
2012-10-23 12:00:00,8.93
2012-10-24 12:00:00,8.97
2012-10-25 12:00:00,9.01
2012-10-26 12:00:00,9.05
2012-10-27 12:00:00,9.07
2012-10-28 12:00:00,9.01
2012-10-29 12:00:00,8.99
2012-10-30 12:00:00,9.03
2012-10-31 12:00:00,9.08
2012-11-01 12:00:00,9.2
2012-11-02 12:00:00,9.06
2012-11-03 12:00:00,9.04
2012-11-04 12:00:00,9.05
2012-11-05 12:00:00,8.99
2012-11-06 12:00:00,8.86
2012-11-07 12:00:00,8.83
2012-11-08 12:00:00,8.9
2012-11-09 12:00:00,8.95
2012-11-10 12:00:00,9.08
2012-11-11 12:00:00,8.97
2012-11-12 12:00:00,8.87
2012-11-13 12:00:00,8.84
2012-11-14 12:00:00,8.95
2012-11-15 12:00:00,8.99
2012-11-16 12:00:00,9.05
2012-11-17 12:00:00,9.1
2012-11-18 12:00:00,9.06
2012-11-19 12:00:00,9.06
2012-11-20 12:00:00,9.06
2012-11-21 12:00:00,9.11
2012-11-22 12:00:00,9.03
2012-11-23 12:00:00,9.07
2012-11-24 12:00:00,9.05
2012-11-25 12:00:00,9.12
2012-11-26 12:00:00,9.17
2012-11-27 12:00:00,9.15
2012-11-28 12:00:00,9.1
2012-11-29 12:00:00,9.1
2012-11-30 12:00:00,9.07
2012-12-01 12:00:00,9.05
2012-12-02 12:00:00,9.06
2012-12-03 12:00:00,9.12
2012-12-04 12:00:00,9.17
2012-12-05 12:00:00,9.13
2012-12-06 12:00:00,9.04
2012-12-07 12:00:00,9.22
2012-12-08 12:00:00,8.99
2012-12-09 12:00:00,9.09
2012-12-10 12:00:00,9.1
2012-12-11 12:00:00,9.0
2012-12-12 12:00:00,9.07
2012-12-13 12:00:00,9.19
2012-12-14 12:00:00,9.31
2012-12-15 12:00:00,9.28
2012-12-16 12:00:00,9.22
2012-12-17 12:00:00,9.24
2012-12-18 12:00:00,9.15
2012-12-19 12:00:00,9.09
2012-12-20 12:00:00,9.2
2012-12-21 12:00:00,9.21
2012-12-22 12:00:00,9.2
2012-12-23 12:00:00,9.27
2012-12-24 12:00:00,9.3
2012-12-25 12:00:00,9.36
2012-12-26 12:00:00,9.29
2012-12-27 12:00:00,9.37
2012-12-28 12:00:00,9.21
2012-12-29 12:00:00,9.33
2012-12-30 12:00:00,9.33
2012-12-31 12:00:00,9.36
2013-01-01 12:00:00,9.41
2013-01-02 12:00:00,9.27
2013-01-03 12:00:00,9.22
2013-01-04 12:00:00,9.19
2013-01-05 12:00:00,9.22
2013-01-06 12:00:00,9.27
2013-01-07 12:00:00,9.31
2013-01-08 12:00:00,9.34
2013-01-09 12:00:00,9.39
2013-01-10 12:00:00,9.44
2013-01-11 12:00:00,9.4
2013-01-12 12:00:00,9.41
2013-01-13 12:00:00,9.4
2013-01-14 12:00:00,9.42
2013-01-15 12:00:00,9.49
2013-01-16 12:00:00,9.43
2013-01-17 12:00:00,9.35
2013-01-18 12:00:00,9.44
2013-01-19 12:00:00,9.5
2013-01-20 12:00:00,9.53
2013-01-21 12:00:00,9.48
2013-01-22 12:00:00,9.41
2013-01-23 12:00:00,9.36
2013-01-24 12:00:00,9.31
2013-01-25 12:00:00,9.28
2013-01-26 12:00:00,9.37
2013-01-27 12:00:00,9.45
2013-01-28 12:00:00,9.33
2013-01-29 12:00:00,9.38
2013-01-30 12:00:00,9.39
2013-01-31 12:00:00,9.37
2013-02-01 12:00:00,9.46
2013-02-02 12:00:00,9.39
2013-02-03 12:00:00,9.34
2013-02-04 12:00:00,9.42
2013-02-05 12:00:00,9.51
2013-02-06 12:00:00,9.51
2013-02-07 12:00:00,9.42
2013-02-08 12:00:00,9.4
2013-02-09 12:00:00,9.38
2013-02-10 12:00:00,9.49
2013-02-11 12:00:00,9.56
2013-02-12 12:00:00,9.44
2013-02-13 12:00:00,9.36
2013-02-14 12:00:00,9.46
2013-02-15 12:00:00,9.42
2013-02-16 12:00:00,9.37
2013-02-17 12:00:00,9.38
2013-02-18 12:00:00,9.41
2013-02-19 12:00:00,9.44
2013-02-20 12:00:00,9.38
2013-02-21 12:00:00,9.39
2013-02-22 12:00:00,9.42
2013-02-23 12:00:00,9.43
2013-02-24 12:00:00,9.43
2013-02-25 12:00:00,9.38
2013-02-26 12:00:00,9.31
2013-02-27 12:00:00,9.31
2013-02-28 12:00:00,9.34
2013-03-01 12:00:00,9.34
2013-03-02 12:00:00,9.35
2013-03-03 12:00:00,9.38
2013-03-04 12:00:00,9.44
2013-03-05 12:00:00,9.49
2013-03-06 12:00:00,9.52
2013-03-07 12:00:00,9.54
2013-03-08 12:00:00,9.53
2013-03-09 12:00:00,9.49
2013-03-10 12:00:00,9.46
2013-03-11 12:00:00,9.42
2013-03-12 12:00:00,9.43
2013-03-13 12:00:00,9.41
2013-03-14 12:00:00,9.35
2013-03-15 12:00:00,9.36
2013-03-16 12:00:00,9.42
2013-03-17 12:00:00,9.5
2013-03-18 12:00:00,9.52
2013-03-19 12:00:00,9.46
2013-03-20 12:00:00,9.41
2013-03-21 12:00:00,9.28
2013-03-22 12:00:00,9.32
2013-03-23 12:00:00,9.34
2013-03-24 12:00:00,9.34
2013-03-25 12:00:00,9.33
2013-03-26 12:00:00,9.34
2013-03-27 12:00:00,9.35
2013-03-28 12:00:00,9.35
2013-03-29 12:00:00,9.33
2013-03-30 12:00:00,9.32
2013-03-31 12:00:00,9.26
2013-04-01 12:00:00,9.27
2013-04-02 12:00:00,9.26
2013-04-03 12:00:00,9.22
2013-04-04 12:00:00,9.24
2013-04-05 12:00:00,9.23
2013-04-06 12:00:00,9.15
2013-04-07 12:00:00,9.14
2013-04-08 12:00:00,9.24
2013-04-09 12:00:00,9.29
2013-04-10 12:00:00,9.22
2013-04-11 12:00:00,9.27
2013-04-12 12:00:00,9.25
2013-04-13 12:00:00,9.1
2013-04-14 12:00:00,9.07
2013-04-15 12:00:00,9.05
2013-04-16 12:00:00,9.09
2013-04-17 12:00:00,9.09
2013-04-18 12:00:00,9.11
2013-04-19 12:00:00,9.04
2013-04-20 12:00:00,8.97
2013-04-21 12:00:00,9.07
2013-04-22 12:00:00,9.08
2013-04-23 12:00:00,9.05
2013-04-24 12:00:00,8.99
2013-04-25 12:00:00,9.0
2013-04-26 12:00:00,9.07
2013-04-27 12:00:00,9.05
2013-04-28 12:00:00,9.02
2013-04-29 12:00:00,9.02
2013-04-30 12:00:00,8.97
2013-05-01 12:00:00,8.97
2013-05-02 12:00:00,9.0
2013-05-03 12:00:00,9.03
2013-05-04 12:00:00,9.01
2013-05-05 12:00:00,8.97
2013-05-06 12:00:00,8.99
2013-05-07 12:00:00,9.02
2013-05-08 12:00:00,9.07
2013-05-09 12:00:00,9.02
2013-05-10 12:00:00,9.03
2013-05-11 12:00:00,9.04
2013-05-12 12:00:00,9.01
2013-05-13 12:00:00,9.04
2013-05-14 12:00:00,9.08
2013-05-15 12:00:00,9.12
2013-05-16 12:00:00,9.1
2013-05-17 12:00:00,9.09
2013-05-18 12:00:00,9.05
2013-05-19 12:00:00,9.05
2013-05-20 12:00:00,9.06
2013-05-21 12:00:00,9.04
2013-05-22 12:00:00,9.0
2013-05-23 12:00:00,9.07
2013-05-24 12:00:00,9.07
2013-05-25 12:00:00,8.99
2013-05-26 12:00:00,9.04
2013-05-27 12:00:00,9.08
2013-05-28 12:00:00,9.13
2013-05-29 12:00:00,9.13
2013-05-30 12:00:00,9.09
2013-05-31 12:00:00,9.03
2013-06-01 12:00:00,8.98
2013-06-02 12:00:00,8.96
2013-06-03 12:00:00,8.94
2013-06-04 12:00:00,8.98
2013-06-05 12:00:00,9.02
2013-06-06 12:00:00,8.97
2013-06-07 12:00:00,8.97
2013-06-08 12:00:00,8.96
2013-06-09 12:00:00,8.98
2013-06-10 12:00:00,8.98
2013-06-11 12:00:00,8.96
2013-06-12 12:00:00,8.9
2013-06-13 12:00:00,8.94
2013-06-14 12:00:00,8.93
2013-06-15 12:00:00,8.99
2013-06-16 12:00:00,8.95
2013-06-17 12:00:00,8.95
2013-06-18 12:00:00,8.93
2013-06-19 12:00:00,8.92
2013-06-20 12:00:00,8.94
2013-06-21 12:00:00,8.96
2013-06-22 12:00:00,8.98
2013-06-23 12:00:00,8.98
2013-06-24 12:00:00,8.89
2013-06-25 12:00:00,8.84
2013-06-26 12:00:00,8.83
2013-06-27 12:00:00,8.89
2013-06-28 12:00:00,8.94
2013-06-29 12:00:00,8.93
2013-06-30 12:00:00,8.92
2013-07-01 12:00:00,8.96
2013-07-02 12:00:00,8.98
2013-07-03 12:00:00,9.01
2013-07-04 12:00:00,8.93
2013-07-05 12:00:00,8.86
2013-07-06 12:00:00,8.87
2013-07-07 12:00:00,8.85
2013-07-08 12:00:00,8.83
2013-07-09 12:00:00,8.86
2013-07-10 12:00:00,8.9
2013-07-11 12:00:00,8.88
2013-07-11 17:00:00,8.87
2014-04-01 09:00:00,9.33
2014-04-02 09:00:00,9.36
2014-04-03 09:00:00,9.4
2014-04-04 09:00:00,9.34
2014-04-05 09:00:00,9.28
2014-04-06 09:00:00,9.27
2014-04-07 09:00:00,9.28
2014-04-08 09:00:00,9.28
2014-04-09 09:00:00,9.2
2014-04-10 09:00:00,9.2
2014-04-11 09:00:00,9.23
2014-04-12 09:00:00,9.22
2014-04-13 09:00:00,9.2
2014-04-14 09:00:00,9.2
2014-04-15 09:00:00,9.13
2014-04-16 09:00:00,9.11
2014-04-17 09:00:00,9.17
2014-04-18 09:00:00,9.22
2014-04-19 09:00:00,9.2
2014-04-20 09:00:00,9.27
2014-04-21 09:00:00,9.28
2014-04-22 09:00:00,9.22
2014-04-23 09:00:00,9.13
2014-04-24 09:00:00,9.12
2014-04-25 09:00:00,9.19
2014-04-26 09:00:00,9.17
2014-04-27 09:00:00,9.2
2014-04-28 09:00:00,9.15
2014-04-29 09:00:00,9.13
2014-04-30 09:00:00,9.12
2014-05-01 09:00:00,9.12
2014-05-02 09:00:00,9.05
2014-05-03 09:00:00,8.97
2014-05-04 09:00:00,8.9
2014-05-05 09:00:00,8.98
2014-05-06 09:00:00,9.08
2014-05-07 09:00:00,9.07
2014-05-08 09:00:00,9.06
2014-05-09 09:00:00,9.08
2014-05-10 09:00:00,9.09
2014-05-11 09:00:00,9.15
2014-05-12 09:00:00,9.1
2014-05-13 09:00:00,9.04
2014-05-14 09:00:00,8.94
2014-05-15 09:00:00,8.89
2014-05-16 09:00:00,8.92
2014-05-17 09:00:00,9.0
2014-05-18 09:00:00,9.06
2014-05-19 09:00:00,9.12
2014-05-20 09:00:00,9.09
2014-05-21 09:00:00,9.04
2014-05-22 09:00:00,9.08
2014-05-23 09:00:00,9.05
2014-05-24 09:00:00,9.02
2014-05-25 09:00:00,8.96
2014-05-26 09:00:00,8.98
2014-05-27 09:00:00,9.04
2014-05-28 09:00:00,9.04
2014-05-29 09:00:00,9.01
2014-05-30 09:00:00,8.96
2014-05-31 09:00:00,8.94
2014-06-01 09:00:00,8.95
2014-06-02 09:00:00,8.97
2014-06-03 09:00:00,9.0
2014-06-04 09:00:00,9.08
2014-06-05 09:00:00,9.05
2014-06-06 09:00:00,8.98
2014-06-07 09:00:00,9.01
2014-06-08 09:00:00,8.95
2014-06-09 09:00:00,8.97
2014-06-10 09:00:00,8.96
2014-06-11 09:00:00,8.88
2014-06-12 09:00:00,8.87
2014-06-13 09:00:00,8.9
2014-06-14 09:00:00,8.91
2014-06-15 09:00:00,8.87
2014-06-16 09:00:00,8.82
2014-06-17 09:00:00,8.77
2014-06-18 09:00:00,8.78
2014-06-19 09:00:00,8.81
2014-06-20 09:00:00,8.85
2014-06-21 09:00:00,8.83
2014-06-22 09:00:00,8.78
2014-06-23 09:00:00,8.74
2014-06-24 09:00:00,8.75
2014-06-25 09:00:00,8.74
2014-06-26 09:00:00,8.78
2014-06-27 09:00:00,8.81
2014-06-28 09:00:00,8.83
2014-06-29 09:00:00,8.85
2014-06-30 09:00:00,8.8
2014-07-01 09:00:00,8.77
2014-07-02 09:00:00,8.76
2014-07-03 09:00:00,8.77
2014-07-04 09:00:00,8.84
2014-07-05 09:00:00,8.89
2014-07-06 09:00:00,8.88
2014-07-07 09:00:00,8.78
2014-07-08 09:00:00,8.81
2014-07-09 09:00:00,8.82
2014-07-10 09:00:00,8.83
2014-07-11 09:00:00,8.79
2014-07-12 09:00:00,8.8
2014-07-13 09:00:00,8.85
2014-07-14 09:00:00,8.81
2014-07-15 09:00:00,8.76
2014-07-16 09:00:00,8.74
2014-07-17 09:00:00,8.74
2014-07-18 09:00:00,8.77
2014-07-19 09:00:00,8.82
2014-07-20 09:00:00,8.81
2014-07-21 09:00:00,8.78
2014-07-22 09:00:00,8.74
2014-07-23 09:00:00,8.75
2014-07-24 09:00:00,8.77
2014-07-25 09:00:00,8.78
2014-07-26 09:00:00,8.79
2014-07-27 09:00:00,8.76
2014-07-28 09:00:00,8.81
2014-07-29 09:00:00,8.8
2014-07-30 09:00:00,8.79
2014-07-31 09:00:00,8.77
2014-08-01 09:00:00,8.8
2014-08-02 09:00:00,8.83
2014-08-03 09:00:00,8.78
2014-08-04 09:00:00,8.73
2014-08-05 09:00:00,8.69
2014-08-06 09:00:00,8.73
2014-08-07 09:00:00,8.74
2014-08-08 09:00:00,8.76
2014-08-09 09:00:00,8.79
2014-08-10 09:00:00,8.82
2014-08-11 09:00:00,8.78
2014-08-12 09:00:00,8.78
2014-08-13 09:00:00,8.82
2014-08-14 09:00:00,8.78
2014-08-15 09:00:00,8.76
2014-08-16 09:00:00,8.69
2014-08-17 09:00:00,8.77
2014-08-18 09:00:00,8.83
2014-08-19 09:00:00,8.78
2014-08-20 09:00:00,8.72
2014-08-21 09:00:00,8.73
2014-08-22 09:00:00,8.78
2014-08-23 09:00:00,8.76
2014-08-24 09:00:00,8.72
2014-08-25 09:00:00,8.76
2014-08-26 09:00:00,8.86
2014-08-27 09:00:00,8.77
2014-08-28 09:00:00,8.8
2014-08-29 09:00:00,8.79
2014-08-30 09:00:00,8.79
2014-08-31 09:00:00,8.82
2014-09-01 09:00:00,8.77
2014-09-02 09:00:00,8.76
2014-09-03 09:00:00,8.76
2014-09-04 09:00:00,8.8
2014-09-05 09:00:00,8.84
2014-09-06 09:00:00,8.84
2014-09-07 09:00:00,8.82
2014-09-08 09:00:00,8.79
2014-09-09 09:00:00,8.77
2014-09-10 09:00:00,8.77
2014-09-11 09:00:00,8.78
2014-09-12 09:00:00,8.75
2014-09-13 09:00:00,8.74
2014-09-14 09:00:00,8.76
2014-09-15 09:00:00,8.8
2014-09-16 09:00:00,8.8
2014-09-17 09:00:00,8.82
2014-09-18 09:00:00,8.83
2014-09-19 09:00:00,8.8
2014-09-20 09:00:00,8.77
2014-09-21 09:00:00,8.73
2014-09-22 09:00:00,8.71
2014-09-23 09:00:00,8.72
2014-09-24 09:00:00,8.8
2014-09-25 09:00:00,8.73
2014-09-26 09:00:00,8.72
2014-09-27 09:00:00,8.69
2014-09-28 09:00:00,8.73
2014-09-29 09:00:00,8.74
2014-09-30 09:00:00,8.71
2014-10-01 09:00:00,8.7
2014-10-02 09:00:00,8.68
2014-10-03 09:00:00,8.71
2014-10-04 09:00:00,8.79
2014-10-05 09:00:00,8.74
2014-10-06 09:00:00,8.81
2014-10-07 09:00:00,8.9
2014-10-08 09:00:00,8.83
2014-10-09 09:00:00,8.84
2014-10-10 09:00:00,8.75
2014-10-11 09:00:00,8.74
2014-10-12 09:00:00,8.73
2014-10-13 09:00:00,8.82
2014-10-14 09:00:00,8.79
2014-10-15 09:00:00,8.8
2014-10-16 09:00:00,8.83
2014-10-17 09:00:00,8.76
2014-10-18 09:00:00,8.73
2014-10-19 09:00:00,8.74
2014-10-20 09:00:00,8.71
2014-10-21 09:00:00,8.82
2014-10-22 09:00:00,8.7
2014-10-23 09:00:00,8.69
2014-10-24 09:00:00,8.71
2014-10-25 09:00:00,8.73
2014-10-26 09:00:00,8.69
2014-10-27 09:00:00,8.7
2014-10-28 09:00:00,8.75
2014-10-29 09:00:00,8.78
2014-10-30 09:00:00,8.73
2014-10-31 09:00:00,8.73
2014-11-01 09:00:00,8.74
2014-11-02 09:00:00,8.78
2014-11-03 09:00:00,8.89
2014-11-04 09:00:00,8.91
2014-11-05 09:00:00,8.86
2014-11-06 09:00:00,8.77
2014-11-07 09:00:00,8.86
2014-11-08 09:00:00,8.78
2014-11-09 09:00:00,8.81
2014-11-10 09:00:00,8.78
2014-11-11 09:00:00,8.81
2014-11-12 09:00:00,8.83
2014-11-13 09:00:00,8.73
2014-11-14 09:00:00,8.79
2014-11-15 09:00:00,8.82
2014-11-16 09:00:00,8.81
2014-11-17 09:00:00,8.8
2014-11-18 09:00:00,8.75
2014-11-19 09:00:00,8.67
2014-11-20 09:00:00,8.64
2014-11-21 09:00:00,8.69
2014-11-22 09:00:00,8.73
2014-11-23 09:00:00,8.75
2014-11-24 09:00:00,8.68
2014-11-25 09:00:00,8.69
2014-11-26 09:00:00,8.79
2014-11-27 09:00:00,8.86
2014-11-28 09:00:00,8.86
2014-11-29 09:00:00,8.8
2014-11-30 09:00:00,8.81
2014-12-01 09:00:00,8.83
2014-12-02 09:00:00,8.82
2014-12-03 09:00:00,8.77
2014-12-04 09:00:00,8.82
2014-12-05 09:00:00,8.82
2014-12-06 09:00:00,8.78
2014-12-07 09:00:00,8.83
2014-12-08 09:00:00,8.85
2014-12-09 09:00:00,8.78
2014-12-10 09:00:00,8.89
2014-12-11 09:00:00,8.95
2014-12-12 09:00:00,9.04
2014-12-13 09:00:00,8.92
2014-12-14 09:00:00,8.87
2014-12-15 09:00:00,8.92
2014-12-16 09:00:00,8.92
2014-12-17 09:00:00,9.01
2014-12-18 09:00:00,8.95
2014-12-19 09:00:00,8.97
2014-12-20 09:00:00,8.88
2014-12-21 09:00:00,8.84
2014-12-22 09:00:00,8.94
2014-12-23 09:00:00,8.95
2014-12-24 09:00:00,8.99
2014-12-25 09:00:00,8.91
2014-12-26 09:00:00,8.88
2014-12-27 09:00:00,9.21
2014-12-28 09:00:00,8.93
2014-12-29 09:00:00,8.88
2014-12-30 09:00:00,8.88
2014-12-31 09:00:00,8.92
2015-01-01 09:00:00,8.96
2015-01-02 09:00:00,9.06
2015-01-03 09:00:00,9.06
2015-01-04 09:00:00,9.01
2015-01-05 09:00:00,9.03
2015-01-06 09:00:00,9.14
2015-01-07 09:00:00,9.1
2015-01-08 09:00:00,9.18
2015-01-09 09:00:00,9.2
2015-01-10 09:00:00,9.27
2015-01-11 09:00:00,9.23
2015-01-12 09:00:00,9.26
2015-01-13 09:00:00,9.36
2015-01-14 09:00:00,9.33
2015-01-15 09:00:00,9.43
2015-01-16 09:00:00,9.34
2015-01-17 09:00:00,9.26
2015-01-18 09:00:00,9.3
2015-01-19 09:00:00,9.3
2015-01-20 09:00:00,9.31
2015-01-21 09:00:00,9.33
2015-01-22 09:00:00,9.29
2015-01-23 09:00:00,9.23
2015-01-24 09:00:00,9.31
2015-01-25 09:00:00,9.22
2015-01-26 09:00:00,9.31
2015-01-27 09:00:00,9.29
2015-01-28 09:00:00,9.43
2015-01-29 09:00:00,9.59
2015-01-30 09:00:00,9.68
2015-01-31 09:00:00,9.64
2015-02-01 09:00:00,9.56
2015-02-02 09:00:00,9.45
2015-02-03 09:00:00,9.44
2015-02-04 09:00:00,9.36
2015-02-05 09:00:00,9.31
2015-02-06 09:00:00,9.28
2015-02-07 09:00:00,9.25
2015-02-08 09:00:00,9.29
2015-02-09 09:00:00,9.31
2015-02-10 09:00:00,9.31
2015-02-11 09:00:00,9.38
2015-02-12 09:00:00,9.43
2015-02-13 09:00:00,9.5
2015-02-14 09:00:00,9.56
2015-02-15 09:00:00,9.5
2015-02-16 09:00:00,9.45
2015-02-17 09:00:00,9.35
2015-02-18 09:00:00,9.27
2015-02-19 09:00:00,9.39
2015-02-20 09:00:00,9.54
2015-02-21 09:00:00,9.63
2015-02-22 09:00:00,9.52
2015-02-23 09:00:00,9.65
2015-02-24 09:00:00,9.59
2015-02-25 09:00:00,9.47
2015-02-26 09:00:00,9.47
2015-02-27 09:00:00,9.47
2015-02-28 09:00:00,9.47
2015-03-01 09:00:00,9.62
2015-03-02 09:00:00,9.6
2015-03-03 09:00:00,9.5
2015-03-04 09:00:00,9.44
2015-03-05 09:00:00,9.33
2015-03-06 09:00:00,9.36
2015-03-07 09:00:00,9.41
2015-03-08 09:00:00,9.45
2015-03-09 09:00:00,9.42
2015-03-10 09:00:00,9.41
2015-03-11 09:00:00,9.38
2015-03-12 09:00:00,9.41
2015-03-13 09:00:00,9.45
2015-03-14 09:00:00,9.42
2015-03-15 09:00:00,9.44
2015-03-16 09:00:00,9.46
2015-03-17 09:00:00,9.44
2015-03-18 09:00:00,9.4
2015-03-19 09:00:00,9.39
2015-03-20 09:00:00,9.39
2015-03-21 09:00:00,9.46
2015-03-22 09:00:00,9.39
2015-03-23 09:00:00,9.46
2015-03-24 09:00:00,9.51
2015-03-25 09:00:00,9.52
2015-03-26 09:00:00,9.51
2015-03-27 09:00:00,9.42
2015-03-28 09:00:00,9.41
2015-03-29 09:00:00,9.53
2015-03-30 09:00:00,9.49
2015-03-31 09:00:00,9.55
2015-04-01 09:00:00,9.38
2015-04-02 09:00:00,9.41
2015-04-03 09:00:00,9.38
2015-04-04 09:00:00,9.4
2015-04-05 09:00:00,9.33
2015-04-06 09:00:00,9.33
2015-04-07 09:00:00,9.26
2015-04-08 09:00:00,9.29
2015-04-09 09:00:00,9.34
2015-04-10 09:00:00,9.39
2015-04-11 09:00:00,9.43
2015-04-12 09:00:00,9.31
2015-04-13 09:00:00,9.29
2015-04-14 09:00:00,9.33
2015-04-15 09:00:00,9.38
2015-04-16 09:00:00,9.39
2015-04-17 09:00:00,9.37
2015-04-18 09:00:00,9.28
2015-04-19 09:00:00,9.31
2015-04-20 09:00:00,9.26
2015-04-21 09:00:00,9.23
2015-04-22 09:00:00,9.24
2015-04-23 09:00:00,9.3
2015-04-24 09:00:00,9.37
2015-04-25 09:00:00,9.4
2015-04-26 09:00:00,9.38
2015-04-27 09:00:00,9.36
2015-04-28 09:00:00,9.3
2015-04-29 09:00:00,9.27
2015-04-30 09:00:00,9.29
2015-05-01 09:00:00,9.3
2015-05-02 09:00:00,9.27
2015-05-03 09:00:00,9.33
2015-05-04 09:00:00,9.27
2015-05-05 09:00:00,9.37
2015-05-06 09:00:00,9.25
2015-05-07 09:00:00,9.19
2015-05-08 09:00:00,9.21
2015-05-09 09:00:00,9.2
2015-05-10 09:00:00,9.12
2015-05-11 09:00:00,9.18
2015-05-12 09:00:00,9.2
2015-05-13 09:00:00,9.15
2015-05-14 09:00:00,9.19
2015-05-15 09:00:00,9.15
2015-05-16 09:00:00,9.12
2015-05-17 09:00:00,9.1
2015-05-18 09:00:00,9.22
2015-05-19 09:00:00,9.25
2015-05-20 09:00:00,9.17
2015-05-21 09:00:00,9.07
2015-05-22 09:00:00,9.04
2015-05-23 09:00:00,9.07
2015-05-24 09:00:00,9.09
2015-05-25 09:00:00,9.12
2015-05-26 09:00:00,9.07
2015-05-27 09:00:00,9.03
2015-05-28 09:00:00,9.09
2015-05-29 09:00:00,9.1
2015-05-30 09:00:00,9.09
2015-05-31 09:00:00,9.11
2015-06-01 09:00:00,9.05
2015-06-02 09:00:00,9.11
2015-06-03 09:00:00,9.02
2015-06-04 09:00:00,8.95
2015-06-05 09:00:00,9.04
2015-06-06 09:00:00,8.98
2015-06-07 09:00:00,8.92
2015-06-08 09:00:00,8.92
2015-06-09 09:00:00,8.89
2015-06-10 09:00:00,8.92
2015-06-11 09:00:00,8.95
2015-06-12 09:00:00,8.99
2015-06-13 09:00:00,8.97
2015-06-14 09:00:00,8.93
2015-06-15 09:00:00,8.84
2015-06-16 09:00:00,8.76
2015-06-17 09:00:00,8.74
2015-06-18 09:00:00,8.77
2015-06-19 09:00:00,8.75
2015-06-20 09:00:00,8.73
2015-06-21 09:00:00,8.78
2015-06-22 09:00:00,8.82
2015-06-23 09:00:00,8.77
2015-06-24 09:00:00,8.77
2015-06-25 09:00:00,8.73
2015-06-26 09:00:00,8.72
2015-06-27 09:00:00,8.72
2015-06-28 09:00:00,8.66
2015-06-29 09:00:00,8.7
