Titel:,,,,,,,,,,,
Gebruikersnaam:,,,,,,,,,,,
Periode aangevraagd:,01-01-1800,tot:,14-01-2021,,,,,,,,
Gegevens beschikbaar:,06-06-2012,tot:,18-09-2019,,,,,,,,
Datum: ,14-01-2021,,,,,,,,,,
Referentie:,NAP,,,,,,,,,,

NAP:,Normaal Amsterdams Peil,,,,,,,,,,
MV:,Maaiveld,,,,,,,,,,
MP:,Meetpunt,,,,,,,,,,

Locatie,Filternummer,Externe aanduiding,X-coordinaat,Y-coordinaat,Maaiveld (cm t.o.v. NAP),Datum maaiveld gemeten,Startdatum,Einddatum,Meetpunt (cm t.o.v. NAP),Meetpunt (cm t.o.v. MV),Bovenkant filter (cm t.o.v. NAP),Onderkant filter (cm t.o.v. NAP)
B28H1804,001,,256559,485068,1944,01-12-2011,01-12-2011,06-06-2012,,,,
B28H1804,001,,256559,485068,1944,01-12-2011,06-06-2012,18-09-2019,2001,57,1846,1796


Locatie,Filternummer,Peildatum,Stand (cm t.o.v. MP),Stand (cm t.o.v. MV),Stand (cm t.o.v. NAP),Bijzonderheid,Opmerking,,,
B28H1804,001,06-06-2012,65,8,1936,,,,,,
B28H1804,001,07-06-2012,65,8,1936,,,,,,
B28H1804,001,08-06-2012,64,7,1937,,,,,,
B28H1804,001,09-06-2012,68,11,1933,,,,,,
B28H1804,001,10-06-2012,71,14,1930,,,,,,
B28H1804,001,11-06-2012,74,17,1927,,,,,,
B28H1804,001,12-06-2012,74,17,1927,,,,,,
B28H1804,001,13-06-2012,79,22,1922,,,,,,
B28H1804,001,14-06-2012,82,25,1919,,,,,,
B28H1804,001,15-06-2012,82,25,1919,,,,,,
B28H1804,001,16-06-2012,78,21,1923,,,,,,
B28H1804,001,17-06-2012,75,18,1926,,,,,,
B28H1804,001,18-06-2012,68,11,1933,,,,,,
B28H1804,001,19-06-2012,72,15,1929,,,,,,
B28H1804,001,20-06-2012,76,19,1925,,,,,,
B28H1804,001,21-06-2012,79,22,1922,,,,,,
B28H1804,001,22-06-2012,70,13,1931,,,,,,
B28H1804,001,23-06-2012,75,18,1926,,,,,,
B28H1804,001,24-06-2012,73,16,1928,,,,,,
B28H1804,001,25-06-2012,69,12,1932,,,,,,
B28H1804,001,26-06-2012,71,14,1930,,,,,,
B28H1804,001,27-06-2012,74,17,1927,,,,,,
B28H1804,001,28-06-2012,78,21,1923,,,,,,
B28H1804,001,29-06-2012,83,26,1918,,,,,,
B28H1804,001,30-06-2012,88,31,1913,,,,,,
B28H1804,001,01-07-2012,94,37,1907,,,,,,
B28H1804,001,02-07-2012,97,40,1904,,,,,,
B28H1804,001,03-07-2012,101,44,1900,,,,,,
B28H1804,001,04-07-2012,104,47,1897,,droog,,,,
B28H1804,001,05-07-2012,105,48,1896,,droog,,,,
B28H1804,001,06-07-2012,104,47,1897,,droog,,,,
B28H1804,001,07-07-2012,104,47,1897,,droog,,,,
B28H1804,001,08-07-2012,104,47,1897,,droog,,,,
B28H1804,001,09-07-2012,89,32,1912,,,,,,
B28H1804,001,10-07-2012,95,38,1906,,,,,,
B28H1804,001,11-07-2012,98,41,1903,,,,,,
B28H1804,001,12-07-2012,86,29,1915,,,,,,
B28H1804,001,13-07-2012,85,28,1916,,,,,,
B28H1804,001,14-07-2012,79,22,1922,,,,,,
B28H1804,001,15-07-2012,84,27,1917,,,,,,
B28H1804,001,16-07-2012,87,30,1914,,,,,,
B28H1804,001,17-07-2012,66,9,1935,,,,,,
B28H1804,001,18-07-2012,68,11,1933,,,,,,
B28H1804,001,19-07-2012,62,5,1939,,,,,,
B28H1804,001,20-07-2012,65,8,1936,,,,,,
B28H1804,001,21-07-2012,69,12,1932,,,,,,
B28H1804,001,22-07-2012,73,16,1928,,,,,,
B28H1804,001,23-07-2012,79,22,1922,,,,,,
B28H1804,001,24-07-2012,86,29,1915,,,,,,
B28H1804,001,25-07-2012,93,36,1908,,,,,,
B28H1804,001,26-07-2012,98,41,1903,,,,,,
B28H1804,001,27-07-2012,103,46,1898,,droog,,,,
B28H1804,001,28-07-2012,76,19,1925,,,,,,
B28H1804,001,29-07-2012,74,17,1927,,,,,,
B28H1804,001,30-07-2012,78,21,1923,,,,,,
B28H1804,001,31-07-2012,80,23,1921,,,,,,
B28H1804,001,01-08-2012,85,28,1916,,,,,,
B28H1804,001,02-08-2012,91,34,1910,,,,,,
B28H1804,001,03-08-2012,96,39,1905,,,,,,
B28H1804,001,04-08-2012,98,41,1903,,,,,,
B28H1804,001,05-08-2012,99,42,1902,,,,,,
B28H1804,001,06-08-2012,95,38,1906,,,,,,
B28H1804,001,07-08-2012,91,34,1910,,,,,,
B28H1804,001,08-08-2012,94,37,1907,,,,,,
B28H1804,001,09-08-2012,78,21,1923,,,,,,
B28H1804,001,10-08-2012,85,28,1916,,,,,,
B28H1804,001,11-08-2012,90,33,1911,,,,,,
B28H1804,001,12-08-2012,96,39,1905,,,,,,
B28H1804,001,13-08-2012,104,47,1897,,droog,,,,
B28H1804,001,14-08-2012,104,47,1897,,droog,,,,
B28H1804,001,15-08-2012,105,48,1896,,droog,,,,
B28H1804,001,16-08-2012,103,46,1898,,droog,,,,
B28H1804,001,17-08-2012,103,46,1898,,droog,,,,
B28H1804,001,18-08-2012,103,46,1898,,droog,,,,
B28H1804,001,19-08-2012,103,46,1898,,droog,,,,
B28H1804,001,20-08-2012,103,46,1898,,droog,,,,
B28H1804,001,21-08-2012,103,46,1898,,droog,,,,
B28H1804,001,22-08-2012,103,46,1898,,droog,,,,
B28H1804,001,23-08-2012,103,46,1898,,droog,,,,
B28H1804,001,24-08-2012,103,46,1898,,droog,,,,
B28H1804,001,25-08-2012,103,46,1898,,droog,,,,
B28H1804,001,26-08-2012,103,46,1898,,droog,,,,
B28H1804,001,27-08-2012,103,46,1898,,droog,,,,
B28H1804,001,28-08-2012,103,46,1898,,droog,,,,
B28H1804,001,29-08-2012,103,46,1898,,droog,,,,
B28H1804,001,30-08-2012,103,46,1898,,droog,,,,
B28H1804,001,31-08-2012,103,46,1898,,droog,,,,
B28H1804,001,01-09-2012,103,46,1898,,droog,,,,
B28H1804,001,02-09-2012,103,46,1898,,droog,,,,
B28H1804,001,03-09-2012,103,46,1898,,droog,,,,
B28H1804,001,04-09-2012,103,46,1898,,droog,,,,
B28H1804,001,05-09-2012,103,46,1898,,droog,,,,
B28H1804,001,06-09-2012,103,46,1898,,droog,,,,
B28H1804,001,07-09-2012,103,46,1898,,droog,,,,
B28H1804,001,08-09-2012,103,46,1898,,droog,,,,
B28H1804,001,09-09-2012,103,46,1898,,droog,,,,
B28H1804,001,10-09-2012,103,46,1898,,droog,,,,
B28H1804,001,11-09-2012,103,46,1898,,droog,,,,
B28H1804,001,12-09-2012,103,46,1898,,droog,,,,
B28H1804,001,13-09-2012,103,46,1898,,droog,,,,
B28H1804,001,14-09-2012,103,46,1898,,droog,,,,
B28H1804,001,15-09-2012,103,46,1898,,droog,,,,
B28H1804,001,16-09-2012,103,46,1898,,droog,,,,
B28H1804,001,17-09-2012,103,46,1898,,droog,,,,
B28H1804,001,18-09-2012,103,46,1898,,droog,,,,
B28H1804,001,19-09-2012,103,46,1898,,droog,,,,
B28H1804,001,20-09-2012,103,46,1898,,droog,,,,
B28H1804,001,21-09-2012,103,46,1898,,droog,,,,
B28H1804,001,22-09-2012,103,46,1898,,droog,,,,
B28H1804,001,23-09-2012,103,46,1898,,droog,,,,
B28H1804,001,24-09-2012,85,28,1916,,,,,,
B28H1804,001,25-09-2012,82,25,1919,,,,,,
B28H1804,001,26-09-2012,83,26,1918,,,,,,
B28H1804,001,27-09-2012,83,26,1918,,,,,,
B28H1804,001,28-09-2012,75,18,1926,,,,,,
B28H1804,001,29-09-2012,80,23,1921,,,,,,
B28H1804,001,30-09-2012,86,29,1915,,,,,,
B28H1804,001,01-10-2012,91,34,1910,,,,,,
B28H1804,001,02-10-2012,94,37,1907,,,,,,
B28H1804,001,03-10-2012,95,38,1906,,,,,,
B28H1804,001,04-10-2012,66,9,1935,,,,,,
B28H1804,001,05-10-2012,61,4,1940,,,,,,
B28H1804,001,06-10-2012,55,-2,1946,,,,,,
B28H1804,001,07-10-2012,58,1,1943,,,,,,
B28H1804,001,08-10-2012,59,2,1942,,,,,,
B28H1804,001,09-10-2012,60,3,1941,,,,,,
B28H1804,001,10-10-2012,62,5,1939,,,,,,
B28H1804,001,11-10-2012,62,5,1939,,,,,,
B28H1804,001,12-10-2012,60,3,1941,,,,,,
B28H1804,001,13-10-2012,58,1,1943,,,,,,
B28H1804,001,14-10-2012,56,-1,1945,,,,,,
B28H1804,001,15-10-2012,57,0,1944,,,,,,
B28H1804,001,16-10-2012,58,1,1943,,,,,,
B28H1804,001,17-10-2012,58,1,1943,,,,,,
B28H1804,001,18-10-2012,59,2,1942,,,,,,
B28H1804,001,19-10-2012,61,4,1940,,,,,,
B28H1804,001,20-10-2012,62,5,1939,,,,,,
B28H1804,001,21-10-2012,61,4,1940,,,,,,
B28H1804,001,22-10-2012,61,4,1940,,,,,,
B28H1804,001,23-10-2012,61,4,1940,,,,,,
B28H1804,001,24-10-2012,60,3,1941,,,,,,
B28H1804,001,25-10-2012,60,3,1941,,,,,,
B28H1804,001,26-10-2012,61,4,1940,,,,,,
B28H1804,001,27-10-2012,61,4,1940,,,,,,
B28H1804,001,28-10-2012,61,4,1940,,,,,,
B28H1804,001,29-10-2012,61,4,1940,,,,,,
B28H1804,001,30-10-2012,57,0,1944,,,,,,
B28H1804,001,31-10-2012,58,1,1943,,,,,,
B28H1804,001,01-11-2012,58,1,1943,,,,,,
B28H1804,001,02-11-2012,57,0,1944,,,,,,
B28H1804,001,03-11-2012,58,1,1943,,,,,,
B28H1804,001,04-11-2012,57,0,1944,,,,,,
B28H1804,001,05-11-2012,57,0,1944,,,,,,
B28H1804,001,06-11-2012,57,0,1944,,,,,,
B28H1804,001,07-11-2012,56,-1,1945,,,,,,
B28H1804,001,08-11-2012,56,-1,1945,,,,,,
B28H1804,001,09-11-2012,56,-1,1945,,,,,,
B28H1804,001,10-11-2012,56,-1,1945,,,,,,
B28H1804,001,11-11-2012,57,0,1944,,,,,,
B28H1804,001,12-11-2012,57,0,1944,,,,,,
B28H1804,001,13-11-2012,57,0,1944,,,,,,
B28H1804,001,14-11-2012,57,0,1944,,,,,,
B28H1804,001,15-11-2012,57,0,1944,,,,,,
B28H1804,001,16-11-2012,57,0,1944,,,,,,
B28H1804,001,29-08-2013,132,75,1869,,,,,,
B28H1804,001,30-08-2013,134,77,1867,,,,,,
B28H1804,001,31-08-2013,130,73,1871,,,,,,
B28H1804,001,01-09-2013,133,76,1868,,,,,,
B28H1804,001,02-09-2013,133,76,1868,,,,,,
B28H1804,001,03-09-2013,129,72,1872,,,,,,
B28H1804,001,04-09-2013,128,71,1873,,,,,,
B28H1804,001,05-09-2013,136,79,1865,,,,,,
B28H1804,001,06-09-2013,145,88,1856,,,,,,
B28H1804,001,07-09-2013,130,73,1871,,,,,,
B28H1804,001,08-09-2013,71,14,1930,,,,,,
B28H1804,001,09-09-2013,77,20,1924,,,,,,
B28H1804,001,10-09-2013,54,-3,1947,,,,,,
B28H1804,001,11-09-2013,54,-3,1947,,,,,,
B28H1804,001,12-09-2013,57,0,1944,,,,,,
B28H1804,001,13-09-2013,59,2,1942,,,,,,
B28H1804,001,14-09-2013,58,1,1943,,,,,,
B28H1804,001,15-09-2013,60,3,1941,,,,,,
B28H1804,001,16-09-2013,58,1,1943,,,,,,
B28H1804,001,17-09-2013,60,3,1941,,,,,,
B28H1804,001,18-09-2013,59,2,1942,,,,,,
B28H1804,001,19-09-2013,60,3,1941,,,,,,
B28H1804,001,20-09-2013,61,4,1940,,,,,,
B28H1804,001,21-09-2013,62,5,1939,,,,,,
B28H1804,001,22-09-2013,63,6,1938,,,,,,
B28H1804,001,23-09-2013,64,7,1937,,,,,,
B28H1804,001,24-09-2013,64,7,1937,,,,,,
B28H1804,001,25-09-2013,64,7,1937,,,,,,
B28H1804,001,26-09-2013,65,8,1936,,,,,,
B28H1804,001,27-09-2013,66,9,1935,,,,,,
B28H1804,001,28-09-2013,68,11,1933,,,,,,
B28H1804,001,29-09-2013,70,13,1931,,,,,,
B28H1804,001,30-09-2013,73,16,1928,,,,,,
B28H1804,001,01-10-2013,74,17,1927,,,,,,
B28H1804,001,02-10-2013,77,20,1924,,,,,,
B28H1804,001,03-10-2013,80,23,1921,,,,,,
B28H1804,001,04-10-2013,77,20,1924,,,,,,
B28H1804,001,05-10-2013,76,19,1925,,,,,,
B28H1804,001,06-10-2013,76,19,1925,,,,,,
B28H1804,001,07-10-2013,77,20,1924,,,,,,
B28H1804,001,08-10-2013,79,22,1922,,,,,,
B28H1804,001,09-10-2013,78,21,1923,,,,,,
B28H1804,001,10-10-2013,76,19,1925,,,,,,
B28H1804,001,11-10-2013,68,11,1933,,,,,,
B28H1804,001,12-10-2013,57,0,1944,,,,,,
B28H1804,001,13-10-2013,53,-4,1948,,,,,,
B28H1804,001,14-10-2013,54,-3,1947,,,,,,
B28H1804,001,15-10-2013,55,-2,1946,,,,,,
B28H1804,001,16-10-2013,54,-3,1947,,,,,,
B28H1804,001,17-10-2013,55,-2,1946,,,,,,
B28H1804,001,18-10-2013,56,-1,1945,,,,,,
B28H1804,001,19-10-2013,57,0,1944,,,,,,
B28H1804,001,20-10-2013,56,-1,1945,,,,,,
B28H1804,001,21-10-2013,57,0,1944,,,,,,
B28H1804,001,22-10-2013,58,1,1943,,,,,,
B28H1804,001,23-10-2013,55,-2,1946,,,,,,
B28H1804,001,24-10-2013,55,-2,1946,,,,,,
B28H1804,001,25-10-2013,56,-1,1945,,,,,,
B28H1804,001,26-10-2013,55,-2,1946,,,,,,
B28H1804,001,27-10-2013,55,-2,1946,,,,,,
B28H1804,001,28-10-2013,53,-4,1948,,,,,,
B28H1804,001,29-10-2013,54,-3,1947,,,,,,
B28H1804,001,30-10-2013,54,-3,1947,,,,,,
B28H1804,001,31-10-2013,54,-3,1947,,,,,,
B28H1804,001,01-11-2013,54,-3,1947,,,,,,
B28H1804,001,02-11-2013,52,-5,1949,,,,,,
B28H1804,001,03-11-2013,52,-5,1949,,,,,,
B28H1804,001,04-11-2013,49,-8,1952,,,,,,
B28H1804,001,05-11-2013,50,-7,1951,,,,,,
B28H1804,001,06-11-2013,50,-7,1951,,,,,,
B28H1804,001,07-11-2013,50,-7,1951,,,,,,
B28H1804,001,08-11-2013,50,-7,1951,,,,,,
B28H1804,001,09-11-2013,50,-7,1951,,,,,,
B28H1804,001,10-11-2013,49,-8,1952,,,,,,
B28H1804,001,11-11-2013,50,-7,1951,,,,,,
B28H1804,001,12-11-2013,51,-6,1950,,,,,,
B28H1804,001,13-11-2013,50,-7,1951,,,,,,
B28H1804,001,14-11-2013,51,-6,1950,,,,,,
B28H1804,001,15-11-2013,51,-6,1950,,,,,,
B28H1804,001,16-11-2013,51,-6,1950,,,,,,
B28H1804,001,17-11-2013,51,-6,1950,,,,,,
B28H1804,001,18-11-2013,51,-6,1950,,,,,,
B28H1804,001,19-11-2013,51,-6,1950,,,,,,
B28H1804,001,20-11-2013,51,-6,1950,,,,,,
B28H1804,001,21-11-2013,51,-6,1950,,,,,,
B28H1804,001,22-11-2013,51,-6,1950,,,,,,
B28H1804,001,23-11-2013,52,-5,1949,,,,,,
B28H1804,001,24-11-2013,52,-5,1949,,,,,,
B28H1804,001,25-11-2013,52,-5,1949,,,,,,
B28H1804,001,26-11-2013,52,-5,1949,,,,,,
B28H1804,001,27-11-2013,52,-5,1949,,,,,,
B28H1804,001,28-11-2013,52,-5,1949,,,,,,
B28H1804,001,29-11-2013,52,-5,1949,,,,,,
B28H1804,001,30-11-2013,51,-6,1950,,,,,,
B28H1804,001,01-12-2013,51,-6,1950,,,,,,
B28H1804,001,02-12-2013,51,-6,1950,,,,,,
B28H1804,001,03-12-2013,51,-6,1950,,,,,,
B28H1804,001,04-12-2013,52,-5,1949,,,,,,
B28H1804,001,05-12-2013,51,-6,1950,,,,,,
B28H1804,001,06-12-2013,50,-7,1951,,,,,,
B28H1804,001,07-12-2013,50,-7,1951,,,,,,
B28H1804,001,08-12-2013,50,-7,1951,,,,,,
B28H1804,001,09-12-2013,51,-6,1950,,,,,,
B28H1804,001,10-12-2013,51,-6,1950,,,,,,
B28H1804,001,11-12-2013,51,-6,1950,,,,,,
B28H1804,001,12-12-2013,51,-6,1950,,,,,,
B28H1804,001,13-12-2013,51,-6,1950,,,,,,
B28H1804,001,14-12-2013,51,-6,1950,,,,,,
B28H1804,001,15-12-2013,51,-6,1950,,,,,,
B28H1804,001,16-12-2013,51,-6,1950,,,,,,
B28H1804,001,17-12-2013,51,-6,1950,,,,,,
B28H1804,001,18-12-2013,52,-5,1949,,,,,,
B28H1804,001,19-12-2013,51,-6,1950,,,,,,
B28H1804,001,20-12-2013,51,-6,1950,,,,,,
B28H1804,001,21-12-2013,51,-6,1950,,,,,,
B28H1804,001,22-12-2013,51,-6,1950,,,,,,
B28H1804,001,23-12-2013,51,-6,1950,,,,,,
B28H1804,001,24-12-2013,51,-6,1950,,,,,,
B28H1804,001,25-12-2013,48,-9,1953,,,,,,
B28H1804,001,26-12-2013,50,-7,1951,,,,,,
B28H1804,001,27-12-2013,50,-7,1951,,,,,,
B28H1804,001,28-12-2013,48,-9,1953,,,,,,
B28H1804,001,29-12-2013,49,-8,1952,,,,,,
B28H1804,001,30-12-2013,50,-7,1951,,,,,,
B28H1804,001,31-12-2013,50,-7,1951,,,,,,
B28H1804,001,01-01-2014,50,-7,1951,,,,,,
B28H1804,001,02-01-2014,51,-6,1950,,,,,,
B28H1804,001,03-01-2014,51,-6,1950,,,,,,
B28H1804,001,04-01-2014,50,-7,1951,,,,,,
B28H1804,001,05-01-2014,50,-7,1951,,,,,,
B28H1804,001,06-01-2014,51,-6,1950,,,,,,
B28H1804,001,07-01-2014,51,-6,1950,,,,,,
B28H1804,001,08-01-2014,50,-7,1951,,,,,,
B28H1804,001,09-01-2014,50,-7,1951,,,,,,
B28H1804,001,10-01-2014,50,-7,1951,,,,,,
B28H1804,001,11-01-2014,51,-6,1950,,,,,,
B28H1804,001,12-01-2014,51,-6,1950,,,,,,
B28H1804,001,13-01-2014,51,-6,1950,,,,,,
B28H1804,001,14-01-2014,51,-6,1950,,,,,,
B28H1804,001,15-01-2014,51,-6,1950,,,,,,
B28H1804,001,16-01-2014,51,-6,1950,,,,,,
B28H1804,001,17-01-2014,51,-6,1950,,,,,,
B28H1804,001,18-01-2014,51,-6,1950,,,,,,
B28H1804,001,19-01-2014,49,-8,1952,,,,,,
B28H1804,001,20-01-2014,49,-8,1952,,,,,,
B28H1804,001,21-01-2014,49,-8,1952,,,,,,
B28H1804,001,22-01-2014,49,-8,1952,,,,,,
B28H1804,001,23-01-2014,49,-8,1952,,,,,,
B28H1804,001,24-01-2014,49,-8,1952,,,,,,
B28H1804,001,25-01-2014,49,-8,1952,,,,,,
B28H1804,001,26-01-2014,47,-10,1954,,,,,,
B28H1804,001,27-01-2014,46,-11,1955,,,,,,
B28H1804,001,28-01-2014,47,-10,1954,,,,,,
B28H1804,001,29-01-2014,47,-10,1954,,,,,,
B28H1804,001,30-01-2014,48,-9,1953,,,,,,
B28H1804,001,31-01-2014,48,-9,1953,,,,,,
B28H1804,001,01-02-2014,48,-9,1953,,,,,,
B28H1804,001,02-02-2014,48,-9,1953,,,,,,
B28H1804,001,03-02-2014,49,-8,1952,,,,,,
B28H1804,001,04-02-2014,49,-8,1952,,,,,,
B28H1804,001,05-02-2014,49,-8,1952,,,,,,
B28H1804,001,06-02-2014,49,-8,1952,,,,,,
B28H1804,001,07-02-2014,47,-10,1954,,,,,,
B28H1804,001,08-02-2014,47,-10,1954,,,,,,
B28H1804,001,09-02-2014,47,-10,1954,,,,,,
B28H1804,001,10-02-2014,48,-9,1953,,,,,,
B28H1804,001,11-02-2014,48,-9,1953,,,,,,
B28H1804,001,12-02-2014,48,-9,1953,,,,,,
B28H1804,001,13-02-2014,48,-9,1953,,,,,,
B28H1804,001,14-02-2014,48,-9,1953,,,,,,
B28H1804,001,15-02-2014,48,-9,1953,,,,,,
B28H1804,001,16-02-2014,48,-9,1953,,,,,,
B28H1804,001,17-02-2014,48,-9,1953,,,,,,
B28H1804,001,18-02-2014,49,-8,1952,,,,,,
B28H1804,001,19-02-2014,49,-8,1952,,,,,,
B28H1804,001,20-02-2014,49,-8,1952,,,,,,
B28H1804,001,21-02-2014,48,-9,1953,,,,,,
B28H1804,001,22-02-2014,49,-8,1952,,,,,,
B28H1804,001,23-02-2014,50,-7,1951,,,,,,
B28H1804,001,24-02-2014,50,-7,1951,,,,,,
B28H1804,001,25-02-2014,50,-7,1951,,,,,,
B28H1804,001,26-02-2014,50,-7,1951,,,,,,
B28H1804,001,27-02-2014,50,-7,1951,,,,,,
B28H1804,001,28-02-2014,49,-8,1952,,,,,,
B28H1804,001,01-03-2014,50,-7,1951,,,,,,
B28H1804,001,02-03-2014,50,-7,1951,,,,,,
B28H1804,001,03-03-2014,50,-7,1951,,,,,,
B28H1804,001,04-03-2014,51,-6,1950,,,,,,
B28H1804,001,05-03-2014,51,-6,1950,,,,,,
B28H1804,001,06-03-2014,51,-6,1950,,,,,,
B28H1804,001,07-03-2014,51,-6,1950,,,,,,
B28H1804,001,08-03-2014,52,-5,1949,,,,,,
B28H1804,001,09-03-2014,52,-5,1949,,,,,,
B28H1804,001,10-03-2014,52,-5,1949,,,,,,
B28H1804,001,11-03-2014,52,-5,1949,,,,,,
B28H1804,001,12-03-2014,52,-5,1949,,,,,,
B28H1804,001,13-03-2014,52,-5,1949,,,,,,
B28H1804,001,14-03-2014,52,-5,1949,,,,,,
B28H1804,001,15-03-2014,52,-5,1949,,,,,,
B28H1804,001,16-03-2014,51,-6,1950,,,,,,
B28H1804,001,17-03-2014,52,-5,1949,,,,,,
B28H1804,001,18-03-2014,52,-5,1949,,,,,,
B28H1804,001,19-03-2014,51,-6,1950,,,,,,
B28H1804,001,20-03-2014,53,-4,1948,,,,,,
B28H1804,001,21-03-2014,51,-6,1950,,,,,,
B28H1804,001,22-03-2014,51,-6,1950,,,,,,
B28H1804,001,23-03-2014,51,-6,1950,,,,,,
B28H1804,001,24-03-2014,51,-6,1950,,,,,,
B28H1804,001,25-03-2014,52,-5,1949,,,,,,
B28H1804,001,26-03-2014,51,-6,1950,,,,,,
B28H1804,001,27-03-2014,52,-5,1949,,,,,,
B28H1804,001,28-03-2014,53,-4,1948,,,,,,
B28H1804,001,29-03-2014,53,-4,1948,,,,,,
B28H1804,001,30-03-2014,53,-4,1948,,,,,,
B28H1804,001,31-03-2014,53,-4,1948,,,,,,
B28H1804,001,01-04-2014,53,-4,1948,,,,,,
B28H1804,001,02-04-2014,54,-3,1947,,,,,,
B28H1804,001,03-04-2014,53,-4,1948,,,,,,
B28H1804,001,06-09-2014,59,2,1942,,,,,,
B28H1804,001,07-09-2014,59,2,1942,,,,,,
B28H1804,001,08-09-2014,60,3,1941,,,,,,
B28H1804,001,09-09-2014,61,4,1940,,,,,,
B28H1804,001,10-09-2014,62,5,1939,,,,,,
B28H1804,001,11-09-2014,63,6,1938,,,,,,
B28H1804,001,12-09-2014,64,7,1937,,,,,,
B28H1804,001,13-09-2014,66,9,1935,,,,,,
B28H1804,001,14-09-2014,67,10,1934,,,,,,
B28H1804,001,15-09-2014,67,10,1934,,,,,,
B28H1804,001,16-09-2014,69,12,1932,,,,,,
B28H1804,001,17-09-2014,71,14,1930,,,,,,
B28H1804,001,18-09-2014,73,16,1928,,,,,,
B28H1804,001,19-09-2014,73,16,1928,,,,,,
B28H1804,001,20-09-2014,73,16,1928,,,,,,
B28H1804,001,21-09-2014,68,11,1933,,,,,,
B28H1804,001,22-09-2014,66,9,1935,,,,,,
B28H1804,001,23-09-2014,70,13,1931,,,,,,
B28H1804,001,24-09-2014,71,14,1930,,,,,,
B28H1804,001,25-09-2014,68,11,1933,,,,,,
B28H1804,001,26-09-2014,68,11,1933,,,,,,
B28H1804,001,27-09-2014,69,12,1932,,,,,,
B28H1804,001,28-09-2014,71,14,1930,,,,,,
B28H1804,001,29-09-2014,73,16,1928,,,,,,
B28H1804,001,30-09-2014,70,13,1931,,,,,,
B28H1804,001,01-10-2014,71,14,1930,,,,,,
B28H1804,001,02-10-2014,73,16,1928,,,,,,
B28H1804,001,03-10-2014,73,16,1928,,,,,,
B28H1804,001,04-10-2014,75,18,1926,,,,,,
B28H1804,001,05-10-2014,75,18,1926,,,,,,
B28H1804,001,06-10-2014,73,16,1928,,,,,,
B28H1804,001,07-10-2014,67,10,1934,,,,,,
B28H1804,001,08-10-2014,66,9,1935,,,,,,
B28H1804,001,09-10-2014,63,6,1938,,,,,,
B28H1804,001,10-10-2014,65,8,1936,,,,,,
B28H1804,001,11-10-2014,66,9,1935,,,,,,
B28H1804,001,12-10-2014,61,4,1940,,,,,,
B28H1804,001,13-10-2014,58,1,1943,,,,,,
B28H1804,001,14-10-2014,59,2,1942,,,,,,
B28H1804,001,15-10-2014,59,2,1942,,,,,,
B28H1804,001,16-10-2014,57,0,1944,,,,,,
B28H1804,001,17-10-2014,57,0,1944,,,,,,
B28H1804,001,18-10-2014,57,0,1944,,,,,,
B28H1804,001,19-10-2014,58,1,1943,,,,,,
B28H1804,001,20-10-2014,58,1,1943,,,,,,
B28H1804,001,21-10-2014,57,0,1944,,,,,,
B28H1804,001,22-10-2014,54,-3,1947,,,,,,
B28H1804,001,23-10-2014,55,-2,1946,,,,,,
B28H1804,001,24-10-2014,55,-2,1946,,,,,,
B28H1804,001,25-10-2014,55,-2,1946,,,,,,
B28H1804,001,26-10-2014,55,-2,1946,,,,,,
B28H1804,001,27-10-2014,56,-1,1945,,,,,,
B28H1804,001,28-10-2014,56,-1,1945,,,,,,
B28H1804,001,29-10-2014,55,-2,1946,,,,,,
B28H1804,001,30-10-2014,55,-2,1946,,,,,,
B28H1804,001,31-10-2014,55,-2,1946,,,,,,
B28H1804,001,01-11-2014,55,-2,1946,,,,,,
B28H1804,001,02-11-2014,56,-1,1945,,,,,,
B28H1804,001,03-11-2014,54,-3,1947,,,,,,
B28H1804,001,04-11-2014,54,-3,1947,,,,,,
B28H1804,001,05-11-2014,54,-3,1947,,,,,,
B28H1804,001,06-11-2014,54,-3,1947,,,,,,
B28H1804,001,07-11-2014,54,-3,1947,,,,,,
B28H1804,001,08-11-2014,55,-2,1946,,,,,,
B28H1804,001,09-11-2014,55,-2,1946,,,,,,
B28H1804,001,10-11-2014,54,-3,1947,,,,,,
B28H1804,001,11-11-2014,55,-2,1946,,,,,,
B28H1804,001,12-11-2014,55,-2,1946,,,,,,
B28H1804,001,13-11-2014,55,-2,1946,,,,,,
B28H1804,001,14-11-2014,55,-2,1946,,,,,,
B28H1804,001,15-11-2014,55,-2,1946,,,,,,
B28H1804,001,16-11-2014,52,-5,1949,,,,,,
B28H1804,001,17-11-2014,52,-5,1949,,,,,,
B28H1804,001,18-11-2014,53,-4,1948,,,,,,
B28H1804,001,19-11-2014,53,-4,1948,,,,,,
B28H1804,001,20-11-2014,54,-3,1947,,,,,,
B28H1804,001,21-11-2014,53,-4,1948,,,,,,
B28H1804,001,22-11-2014,54,-3,1947,,,,,,
B28H1804,001,23-11-2014,54,-3,1947,,,,,,
B28H1804,001,24-11-2014,53,-4,1948,,,,,,
B28H1804,001,25-11-2014,54,-3,1947,,,,,,
B28H1804,001,26-11-2014,54,-3,1947,,,,,,
B28H1804,001,27-11-2014,54,-3,1947,,,,,,
B28H1804,001,28-11-2014,54,-3,1947,,,,,,
B28H1804,001,29-11-2014,54,-3,1947,,,,,,
B28H1804,001,30-11-2014,54,-3,1947,,,,,,
B28H1804,001,01-12-2014,54,-3,1947,,,,,,
B28H1804,001,02-12-2014,54,-3,1947,,,,,,
B28H1804,001,03-12-2014,54,-3,1947,,,,,,
B28H1804,001,04-12-2014,54,-3,1947,,,,,,
B28H1804,001,05-12-2014,55,-2,1946,,,,,,
B28H1804,001,06-12-2014,55,-2,1946,,,,,,
B28H1804,001,07-12-2014,55,-2,1946,,,,,,
B28H1804,001,08-12-2014,54,-3,1947,,,,,,
B28H1804,001,09-12-2014,54,-3,1947,,,,,,
B28H1804,001,10-12-2014,54,-3,1947,,,,,,
B28H1804,001,11-12-2014,53,-4,1948,,,,,,
B28H1804,001,12-12-2014,52,-5,1949,,,,,,
B28H1804,001,13-12-2014,52,-5,1949,,,,,,
B28H1804,001,14-12-2014,52,-5,1949,,,,,,
B28H1804,001,15-12-2014,52,-5,1949,,,,,,
B28H1804,001,16-12-2014,53,-4,1948,,,,,,
B28H1804,001,17-12-2014,52,-5,1949,,,,,,
B28H1804,001,18-12-2014,52,-5,1949,,,,,,
B28H1804,001,19-12-2014,49,-8,1952,,,,,,
B28H1804,001,20-12-2014,51,-6,1950,,,,,,
B28H1804,001,21-12-2014,51,-6,1950,,,,,,
B28H1804,001,22-12-2014,52,-5,1949,,,,,,
B28H1804,001,23-12-2014,52,-5,1949,,,,,,
B28H1804,001,24-12-2014,51,-6,1950,,,,,,
B28H1804,001,25-12-2014,51,-6,1950,,,,,,
B28H1804,001,26-12-2014,51,-6,1950,,,,,,
B28H1804,001,27-12-2014,51,-6,1950,,,,,,
B28H1804,001,28-12-2014,52,-5,1949,,,,,,
B28H1804,001,29-12-2014,52,-5,1949,,,,,,
B28H1804,001,30-12-2014,52,-5,1949,,,,,,
B28H1804,001,31-12-2014,52,-5,1949,,,,,,
B28H1804,001,01-01-2015,52,-5,1949,,,,,,
B28H1804,001,02-01-2015,51,-6,1950,,,,,,
B28H1804,001,03-01-2015,52,-5,1949,,,,,,
B28H1804,001,04-01-2015,52,-5,1949,,,,,,
B28H1804,001,05-01-2015,52,-5,1949,,,,,,
B28H1804,001,06-01-2015,52,-5,1949,,,,,,
B28H1804,001,07-01-2015,52,-5,1949,,,,,,
B28H1804,001,08-01-2015,52,-5,1949,,,,,,
B28H1804,001,09-01-2015,51,-6,1950,,,,,,
B28H1804,001,10-01-2015,51,-6,1950,,,,,,
B28H1804,001,11-01-2015,50,-7,1951,,,,,,
B28H1804,001,12-01-2015,51,-6,1950,,,,,,
B28H1804,001,13-01-2015,50,-7,1951,,,,,,
B28H1804,001,14-01-2015,49,-8,1952,,,,,,
B28H1804,001,15-01-2015,50,-7,1951,,,,,,
B28H1804,001,16-01-2015,50,-7,1951,,,,,,
B28H1804,001,17-01-2015,50,-7,1951,,,,,,
B28H1804,001,18-01-2015,51,-6,1950,,,,,,
B28H1804,001,19-01-2015,50,-7,1951,,,,,,
B28H1804,001,20-01-2015,50,-7,1951,,,,,,
B28H1804,001,21-01-2015,51,-6,1950,,,,,,
B28H1804,001,22-01-2015,51,-6,1950,,,,,,
B28H1804,001,23-01-2015,51,-6,1950,,,,,,
B28H1804,001,24-01-2015,51,-6,1950,,,,,,
B28H1804,001,25-01-2015,51,-6,1950,,,,,,
B28H1804,001,26-01-2015,50,-7,1951,,,,,,
B28H1804,001,27-01-2015,50,-7,1951,,,,,,
B28H1804,001,28-01-2015,50,-7,1951,,,,,,
B28H1804,001,29-01-2015,49,-8,1952,,,,,,
B28H1804,001,30-01-2015,48,-9,1953,,,,,,
B28H1804,001,31-01-2015,49,-8,1952,,,,,,
B28H1804,001,01-02-2015,49,-8,1952,,,,,,
B28H1804,001,02-02-2015,50,-7,1951,,,,,,
B28H1804,001,03-02-2015,50,-7,1951,,,,,,
B28H1804,001,04-02-2015,50,-7,1951,,,,,,
B28H1804,001,05-02-2015,51,-6,1950,,,,,,
B28H1804,001,06-02-2015,51,-6,1950,,,,,,
B28H1804,001,07-02-2015,51,-6,1950,,,,,,
B28H1804,001,08-02-2015,51,-6,1950,,,,,,
B28H1804,001,09-02-2015,51,-6,1950,,,,,,
B28H1804,001,10-02-2015,51,-6,1950,,,,,,
B28H1804,001,11-02-2015,51,-6,1950,,,,,,
B28H1804,001,12-02-2015,51,-6,1950,,,,,,
B28H1804,001,13-02-2015,52,-5,1949,,,,,,
B28H1804,001,14-02-2015,52,-5,1949,,,,,,
B28H1804,001,15-02-2015,52,-5,1949,,,,,,
B28H1804,001,16-02-2015,52,-5,1949,,,,,,
B28H1804,001,17-02-2015,52,-5,1949,,,,,,
B28H1804,001,18-02-2015,52,-5,1949,,,,,,
B28H1804,001,19-02-2015,52,-5,1949,,,,,,
B28H1804,001,20-02-2015,52,-5,1949,,,,,,
B28H1804,001,21-02-2015,50,-7,1951,,,,,,
B28H1804,001,22-02-2015,51,-6,1950,,,,,,
B28H1804,001,23-02-2015,50,-7,1951,,,,,,
B28H1804,001,24-02-2015,51,-6,1950,,,,,,
B28H1804,001,25-02-2015,51,-6,1950,,,,,,
B28H1804,001,26-02-2015,51,-6,1950,,,,,,
B28H1804,001,27-02-2015,50,-7,1951,,,,,,
B28H1804,001,28-02-2015,50,-7,1951,,,,,,
B28H1804,001,01-03-2015,51,-6,1950,,,,,,
B28H1804,001,02-03-2015,51,-6,1950,,,,,,
B28H1804,001,03-03-2015,50,-7,1951,,,,,,
B28H1804,001,04-03-2015,50,-7,1951,,,,,,
B28H1804,001,05-03-2015,51,-6,1950,,,,,,
B28H1804,001,06-03-2015,51,-6,1950,,,,,,
B28H1804,001,07-03-2015,51,-6,1950,,,,,,
B28H1804,001,08-03-2015,52,-5,1949,,,,,,
B28H1804,001,09-03-2015,52,-5,1949,,,,,,
B28H1804,001,10-03-2015,52,-5,1949,,,,,,
B28H1804,001,11-03-2015,51,-6,1950,,,,,,
B28H1804,001,12-03-2015,52,-5,1949,,,,,,
B28H1804,001,13-03-2015,52,-5,1949,,,,,,
B28H1804,001,14-03-2015,52,-5,1949,,,,,,
B28H1804,001,15-03-2015,52,-5,1949,,,,,,
B28H1804,001,16-03-2015,53,-4,1948,,,,,,
B28H1804,001,17-03-2015,53,-4,1948,,,,,,
B28H1804,001,18-03-2015,53,-4,1948,,,,,,
B28H1804,001,19-03-2015,53,-4,1948,,,,,,
B28H1804,001,20-03-2015,52,-5,1949,,,,,,
B28H1804,001,21-03-2015,52,-5,1949,,,,,,
B28H1804,001,22-03-2015,52,-5,1949,,,,,,
B28H1804,001,23-03-2015,53,-4,1948,,,,,,
B28H1804,001,24-03-2015,53,-4,1948,,,,,,
B28H1804,001,25-03-2015,52,-5,1949,,,,,,
B28H1804,001,26-03-2015,52,-5,1949,,,,,,
B28H1804,001,27-03-2015,52,-5,1949,,,,,,
B28H1804,001,28-03-2015,52,-5,1949,,,,,,
B28H1804,001,29-03-2015,51,-6,1950,,,,,,
B28H1804,001,30-03-2015,50,-7,1951,,,,,,
B28H1804,001,31-03-2015,46,-11,1955,,,,,,
B28H1804,001,01-04-2015,49,-8,1952,,,,,,
B28H1804,001,02-04-2015,47,-10,1954,,,,,,
B28H1804,001,03-04-2015,49,-8,1952,,,,,,
B28H1804,001,04-04-2015,50,-7,1951,,,,,,
B28H1804,001,05-04-2015,51,-6,1950,,,,,,
B28H1804,001,06-04-2015,51,-6,1950,,,,,,
B28H1804,001,07-04-2015,51,-6,1950,,,,,,
B28H1804,001,08-04-2015,51,-6,1950,,,,,,
B28H1804,001,09-04-2015,52,-5,1949,,,,,,
B28H1804,001,10-04-2015,53,-4,1948,,,,,,
B28H1804,001,11-04-2015,53,-4,1948,,,,,,
B28H1804,001,12-04-2015,52,-5,1949,,,,,,
B28H1804,001,13-04-2015,53,-4,1948,,,,,,
B28H1804,001,14-04-2015,53,-4,1948,,,,,,
B28H1804,001,15-04-2015,54,-3,1947,,,,,,
B28H1804,001,16-04-2015,53,-4,1948,,,,,,
B28H1804,001,17-04-2015,53,-4,1948,,,,,,
B28H1804,001,18-04-2015,54,-3,1947,,,,,,
B28H1804,001,19-04-2015,54,-3,1947,,,,,,
B28H1804,001,20-04-2015,54,-3,1947,,,,,,
B28H1804,001,21-04-2015,55,-2,1946,,,,,,
B28H1804,001,22-04-2015,54,-3,1947,,,,,,
B28H1804,001,23-04-2015,54,-3,1947,,,,,,
B28H1804,001,24-04-2015,55,-2,1946,,,,,,
B28H1804,001,25-04-2015,54,-3,1947,,,,,,
B28H1804,001,26-04-2015,52,-5,1949,,,,,,
B28H1804,001,27-04-2015,53,-4,1948,,,,,,
B28H1804,001,28-04-2015,54,-3,1947,,,,,,
B28H1804,001,29-04-2015,54,-3,1947,,,,,,
B28H1804,001,30-04-2015,54,-3,1947,,,,,,
B28H1804,001,01-05-2015,54,-3,1947,,,,,,
B28H1804,001,02-05-2015,55,-2,1946,,,,,,
B28H1804,001,03-05-2015,55,-2,1946,,,,,,
B28H1804,001,04-05-2015,54,-3,1947,,,,,,
B28H1804,001,05-05-2015,54,-3,1947,,,,,,
B28H1804,001,06-05-2015,54,-3,1947,,,,,,
B28H1804,001,07-05-2015,54,-3,1947,,,,,,
B28H1804,001,08-05-2015,54,-3,1947,,,,,,
B28H1804,001,09-05-2015,54,-3,1947,,,,,,
B28H1804,001,10-05-2015,55,-2,1946,,,,,,
B28H1804,001,11-05-2015,55,-2,1946,,,,,,
B28H1804,001,12-05-2015,55,-2,1946,,,,,,
B28H1804,001,13-05-2015,56,-1,1945,,,,,,
B28H1804,001,14-05-2015,55,-2,1946,,,,,,
B28H1804,001,15-05-2015,56,-1,1945,,,,,,
B28H1804,001,16-05-2015,55,-2,1946,,,,,,
B28H1804,001,17-05-2015,56,-1,1945,,,,,,
B28H1804,001,18-05-2015,56,-1,1945,,,,,,
B28H1804,001,19-05-2015,56,-1,1945,,,,,,
B28H1804,001,20-05-2015,56,-1,1945,,,,,,
B28H1804,001,21-05-2015,56,-1,1945,,,,,,
B28H1804,001,22-05-2015,58,1,1943,,,,,,
B28H1804,001,23-05-2015,56,-1,1945,,,,,,
B28H1804,001,24-05-2015,58,1,1943,,,,,,
B28H1804,001,25-05-2015,59,2,1942,,,,,,
B28H1804,001,26-05-2015,59,2,1942,,,,,,
B28H1804,001,27-05-2015,61,4,1940,,,,,,
B28H1804,001,28-05-2015,59,2,1942,,,,,,
B28H1804,001,29-05-2015,58,1,1943,,,,,,
B28H1804,001,30-05-2015,57,0,1944,,,,,,
B28H1804,001,31-05-2015,58,1,1943,,,,,,
B28H1804,001,01-06-2015,56,-1,1945,,,,,,
B28H1804,001,02-06-2015,56,-1,1945,,,,,,
B28H1804,001,03-06-2015,58,1,1943,,,,,,
B28H1804,001,04-06-2015,61,4,1940,,,,,,
B28H1804,001,05-06-2015,65,8,1936,,,,,,
B28H1804,001,06-06-2015,63,6,1938,,,,,,
B28H1804,001,07-06-2015,68,11,1933,,,,,,
B28H1804,001,08-06-2015,70,13,1931,,,,,,
B28H1804,001,09-06-2015,73,16,1928,,,,,,
B28H1804,001,10-06-2015,75,18,1926,,,,,,
B28H1804,001,11-06-2015,79,22,1922,,,,,,
B28H1804,001,12-06-2015,83,26,1918,,,,,,
B28H1804,001,13-06-2015,83,26,1918,,,,,,
B28H1804,001,14-06-2015,79,22,1922,,,,,,
B28H1804,001,15-06-2015,84,27,1917,,,,,,
B28H1804,001,16-06-2015,85,28,1916,,,,,,
B28H1804,001,17-06-2015,88,31,1913,,,,,,
B28H1804,001,18-06-2015,84,27,1917,,,,,,
B28H1804,001,19-06-2015,80,23,1921,,,,,,
B28H1804,001,20-06-2015,80,23,1921,,,,,,
B28H1804,001,21-06-2015,77,20,1924,,,,,,
B28H1804,001,22-06-2015,64,7,1937,,,,,,
B28H1804,001,23-06-2015,62,5,1939,,,,,,
B28H1804,001,24-06-2015,63,6,1938,,,,,,
B28H1804,001,25-06-2015,67,10,1934,,,,,,
B28H1804,001,26-06-2015,70,13,1931,,,,,,
B28H1804,001,27-06-2015,67,10,1934,,,,,,
B28H1804,001,28-06-2015,73,16,1928,,,,,,
B28H1804,001,29-06-2015,76,19,1925,,,,,,
B28H1804,001,30-06-2015,82,25,1919,,,,,,
B28H1804,001,01-07-2015,91,34,1910,,,,,,
B28H1804,001,02-07-2015,99,42,1902,,,,,,
B28H1804,001,03-07-2015,96,39,1905,,,,,,
B28H1804,001,04-07-2015,103,46,1898,,,,,,
B28H1804,001,05-07-2015,103,46,1898,,,,,,
B28H1804,001,06-07-2015,102,45,1899,,,,,,
B28H1804,001,07-07-2015,108,51,1893,,,,,,
B28H1804,001,08-07-2015,105,48,1896,,,,,,
B28H1804,001,09-07-2015,93,36,1908,,,,,,
B28H1804,001,10-07-2015,101,44,1900,,,,,,
B28H1804,001,11-07-2015,108,51,1893,,,,,,
B28H1804,001,12-07-2015,106,49,1895,,,,,,
B28H1804,001,13-07-2015,102,45,1899,,,,,,
B28H1804,001,14-07-2015,89,32,1912,,,,,,
B28H1804,001,15-07-2015,94,37,1907,,,,,,
B28H1804,001,16-07-2015,97,40,1904,,,,,,
B28H1804,001,17-07-2015,106,49,1895,,,,,,
B28H1804,001,18-07-2015,105,48,1896,,,,,,
B28H1804,001,19-07-2015,102,45,1899,,,,,,
B28H1804,001,20-07-2015,100,43,1901,,,,,,
B28H1804,001,21-07-2015,103,46,1898,,,,,,
B28H1804,001,22-07-2015,111,54,1890,,,,,,
B28H1804,001,23-07-2015,113,56,1888,,,,,,
B28H1804,001,24-07-2015,116,59,1885,,,,,,
B28H1804,001,25-07-2015,109,52,1892,,,,,,
B28H1804,001,26-07-2015,84,27,1917,,,,,,
B28H1804,001,27-07-2015,83,26,1918,,,,,,
B28H1804,001,28-07-2015,75,18,1926,,,,,,
B28H1804,001,29-07-2015,79,22,1922,,,,,,
B28H1804,001,30-07-2015,76,19,1925,,,,,,
B28H1804,001,31-07-2015,83,26,1918,,,,,,
B28H1804,001,01-08-2015,90,33,1911,,,,,,
B28H1804,001,02-08-2015,96,39,1905,,,,,,
B28H1804,001,03-08-2015,104,47,1897,,,,,,
B28H1804,001,04-08-2015,101,44,1900,,,,,,
B28H1804,001,05-08-2015,95,38,1906,,,,,,
B28H1804,001,06-08-2015,105,48,1896,,,,,,
B28H1804,001,07-08-2015,103,46,1898,,,,,,
B28H1804,001,08-08-2015,102,45,1899,,,,,,
B28H1804,001,09-08-2015,110,53,1891,,,,,,
B28H1804,001,10-08-2015,108,51,1893,,,,,,
B28H1804,001,11-08-2015,107,50,1894,,,,,,
B28H1804,001,12-08-2015,111,54,1890,,,,,,
B28H1804,001,13-08-2015,116,59,1885,,,,,,
B28H1804,001,14-08-2015,108,51,1893,,,,,,
B28H1804,001,15-08-2015,112,55,1889,,,,,,
B28H1804,001,16-08-2015,98,41,1903,,,,,,
B28H1804,001,17-08-2015,55,-2,1946,,,,,,
B28H1804,001,18-08-2015,54,-3,1947,,,,,,
B28H1804,001,19-08-2015,55,-2,1946,,,,,,
B28H1804,001,20-08-2015,58,1,1943,,,,,,
B28H1804,001,21-08-2015,60,3,1941,,,,,,
B28H1804,001,22-08-2015,63,6,1938,,,,,,
B28H1804,001,23-08-2015,66,9,1935,,,,,,
B28H1804,001,24-08-2015,67,10,1934,,,,,,
B28H1804,001,25-08-2015,65,8,1936,,,,,,
B28H1804,001,26-08-2015,68,11,1933,,,,,,
B28H1804,001,27-08-2015,70,13,1931,,,,,,
B28H1804,001,28-08-2015,66,9,1935,,,,,,
B28H1804,001,29-08-2015,70,13,1931,,,,,,
B28H1804,001,30-08-2015,66,9,1935,,,,,,
B28H1804,001,31-08-2015,65,8,1936,,,,,,
B28H1804,001,01-09-2015,66,9,1935,,,,,,
B28H1804,001,02-09-2015,68,11,1933,,,,,,
B28H1804,001,03-09-2015,70,13,1931,,,,,,
B28H1804,001,04-09-2015,71,14,1930,,,,,,
B28H1804,001,05-09-2015,65,8,1936,,,,,,
B28H1804,001,06-09-2015,66,9,1935,,,,,,
B28H1804,001,07-09-2015,63,6,1938,,,,,,
B28H1804,001,08-09-2015,64,7,1937,,,,,,
B28H1804,001,09-09-2015,65,8,1936,,,,,,
B28H1804,001,10-09-2015,69,12,1932,,,,,,
B28H1804,001,11-09-2015,71,14,1930,,,,,,
B28H1804,001,12-09-2015,73,16,1928,,,,,,
B28H1804,001,13-09-2015,73,16,1928,,,,,,
B28H1804,001,14-09-2015,62,5,1939,,,,,,
B28H1804,001,15-09-2015,55,-2,1946,,,,,,
B28H1804,001,16-09-2015,56,-1,1945,,,,,,
B28H1804,001,17-09-2015,56,-1,1945,,,,,,
B28H1804,001,18-09-2015,56,-1,1945,,,,,,
B28H1804,001,19-09-2015,56,-1,1945,,,,,,
B28H1804,001,20-09-2015,56,-1,1945,,,,,,
B28H1804,001,21-09-2015,57,0,1944,,,,,,
B28H1804,001,22-09-2015,57,0,1944,,,,,,
B28H1804,001,23-09-2015,55,-2,1946,,,,,,
B28H1804,001,24-09-2015,55,-2,1946,,,,,,
B28H1804,001,25-09-2015,55,-2,1946,,,,,,
B28H1804,001,26-09-2015,56,-1,1945,,,,,,
B28H1804,001,27-09-2015,56,-1,1945,,,,,,
B28H1804,001,28-09-2015,57,0,1944,,,,,,
B28H1804,001,29-09-2015,58,1,1943,,,,,,
B28H1804,001,30-09-2015,59,2,1942,,,,,,
B28H1804,001,01-10-2015,59,2,1942,,,,,,
B28H1804,001,02-10-2015,60,3,1941,,,,,,
B28H1804,001,03-10-2015,60,3,1941,,,,,,
B28H1804,001,04-10-2015,60,3,1941,,,,,,
B28H1804,001,05-10-2015,61,4,1940,,,,,,
B28H1804,001,06-10-2015,58,1,1943,,,,,,
B28H1804,001,07-10-2015,58,1,1943,,,,,,
B28H1804,001,08-10-2015,57,0,1944,,,,,,
B28H1804,001,09-10-2015,57,0,1944,,,,,,
B28H1804,001,10-10-2015,58,1,1943,,,,,,
B28H1804,001,11-10-2015,59,2,1942,,,,,,
B28H1804,001,12-10-2015,60,3,1941,,,,,,
B28H1804,001,13-10-2015,60,3,1941,,,,,,
B28H1804,001,14-10-2015,57,0,1944,,,,,,
B28H1804,001,15-10-2015,56,-1,1945,,,,,,
B28H1804,001,16-10-2015,55,-2,1946,,,,,,
B28H1804,001,17-10-2015,53,-4,1948,,,,,,
B28H1804,001,18-10-2015,53,-4,1948,,,,,,
B28H1804,001,19-10-2015,54,-3,1947,,,,,,
B28H1804,001,20-10-2015,54,-3,1947,,,,,,
B28H1804,001,21-10-2015,54,-3,1947,,,,,,
B28H1804,001,22-10-2015,54,-3,1947,,,,,,
B28H1804,001,23-10-2015,55,-2,1946,,,,,,
B28H1804,001,24-10-2015,54,-3,1947,,,,,,
B28H1804,001,25-10-2015,55,-2,1946,,,,,,
B28H1804,001,26-10-2015,55,-2,1946,,,,,,
B28H1804,001,27-10-2015,55,-2,1946,,,,,,
B28H1804,001,28-10-2015,55,-2,1946,,,,,,
B28H1804,001,29-10-2015,55,-2,1946,,,,,,
B28H1804,001,30-10-2015,55,-2,1946,,,,,,
B28H1804,001,31-10-2015,55,-2,1946,,,,,,
B28H1804,001,01-11-2015,55,-2,1946,,,,,,
B28H1804,001,02-11-2015,55,-2,1946,,,,,,
B28H1804,001,03-11-2015,55,-2,1946,,,,,,
B28H1804,001,04-11-2015,55,-2,1946,,,,,,
B28H1804,001,05-11-2015,55,-2,1946,,,,,,
B28H1804,001,06-11-2015,54,-3,1947,,,,,,
B28H1804,001,07-11-2015,54,-3,1947,,,,,,
B28H1804,001,08-11-2015,54,-3,1947,,,,,,
B28H1804,001,09-11-2015,54,-3,1947,,,,,,
B28H1804,001,10-11-2015,54,-3,1947,,,,,,
B28H1804,001,11-11-2015,54,-3,1947,,,,,,
B28H1804,001,12-11-2015,54,-3,1947,,,,,,
B28H1804,001,13-11-2015,54,-3,1947,,,,,,
B28H1804,001,14-11-2015,54,-3,1947,,,,,,
B28H1804,001,15-11-2015,50,-7,1951,,,,,,
B28H1804,001,16-11-2015,51,-6,1950,,,,,,
B28H1804,001,17-11-2015,51,-6,1950,,,,,,
B28H1804,001,18-11-2015,52,-5,1949,,,,,,
B28H1804,001,19-11-2015,50,-7,1951,,,,,,
B28H1804,001,20-11-2015,51,-6,1950,,,,,,
B28H1804,001,21-11-2015,51,-6,1950,,,,,,
B28H1804,001,22-11-2015,51,-6,1950,,,,,,
B28H1804,001,23-11-2015,51,-6,1950,,,,,,
B28H1804,001,24-11-2015,51,-6,1950,,,,,,
B28H1804,001,25-11-2015,50,-7,1951,,,,,,
B28H1804,001,26-11-2015,51,-6,1950,,,,,,
B28H1804,001,27-11-2015,51,-6,1950,,,,,,
B28H1804,001,28-11-2015,51,-6,1950,,,,,,
B28H1804,001,29-11-2015,50,-7,1951,,,,,,
B28H1804,001,30-11-2015,49,-8,1952,,,,,,
B28H1804,001,01-12-2015,48,-9,1953,,,,,,
B28H1804,001,02-12-2015,49,-8,1952,,,,,,
B28H1804,001,03-12-2015,50,-7,1951,,,,,,
B28H1804,001,04-12-2015,50,-7,1951,,,,,,
B28H1804,001,05-12-2015,50,-7,1951,,,,,,
B28H1804,001,06-12-2015,51,-6,1950,,,,,,
B28H1804,001,07-12-2015,51,-6,1950,,,,,,
B28H1804,001,08-12-2015,51,-6,1950,,,,,,
B28H1804,001,09-12-2015,51,-6,1950,,,,,,
B28H1804,001,10-12-2015,51,-6,1950,,,,,,
B28H1804,001,11-12-2015,50,-7,1951,,,,,,
B28H1804,001,12-12-2015,50,-7,1951,,,,,,
B28H1804,001,13-12-2015,49,-8,1952,,,,,,
B28H1804,001,14-12-2015,50,-7,1951,,,,,,
B28H1804,001,15-12-2015,50,-7,1951,,,,,,
B28H1804,001,16-12-2015,51,-6,1950,,,,,,
B28H1804,001,17-12-2015,51,-6,1950,,,,,,
B28H1804,001,18-12-2015,51,-6,1950,,,,,,
B28H1804,001,19-12-2015,51,-6,1950,,,,,,
B28H1804,001,20-12-2015,51,-6,1950,,,,,,
B28H1804,001,21-12-2015,50,-7,1951,,,,,,
B28H1804,001,22-12-2015,50,-7,1951,,,,,,
B28H1804,001,23-12-2015,51,-6,1950,,,,,,
B28H1804,001,24-12-2015,51,-6,1950,,,,,,
B28H1804,001,25-12-2015,51,-6,1950,,,,,,
B28H1804,001,26-12-2015,51,-6,1950,,,,,,
B28H1804,001,27-12-2015,51,-6,1950,,,,,,
B28H1804,001,28-12-2015,52,-5,1949,,,,,,
B28H1804,001,29-12-2015,51,-6,1950,,,,,,
B28H1804,001,30-12-2015,51,-6,1950,,,,,,
B28H1804,001,31-12-2015,52,-5,1949,,,,,,
B28H1804,001,01-01-2016,51,-6,1950,,,,,,
B28H1804,001,02-01-2016,51,-6,1950,,,,,,
B28H1804,001,03-01-2016,51,-6,1950,,,,,,
B28H1804,001,04-01-2016,51,-6,1950,,,,,,
B28H1804,001,05-01-2016,51,-6,1950,,,,,,
B28H1804,001,06-01-2016,51,-6,1950,,,,,,
B28H1804,001,07-01-2016,51,-6,1950,,,,,,
B28H1804,001,08-01-2016,50,-7,1951,,,,,,
B28H1804,001,09-01-2016,51,-6,1950,,,,,,
B28H1804,001,10-01-2016,51,-6,1950,,,,,,
B28H1804,001,11-01-2016,51,-6,1950,,,,,,
B28H1804,001,12-01-2016,51,-6,1950,,,,,,
B28H1804,001,13-01-2016,51,-6,1950,,,,,,
B28H1804,001,14-01-2016,51,-6,1950,,,,,,
B28H1804,001,15-01-2016,50,-7,1951,,,,,,
B28H1804,001,16-01-2016,50,-7,1951,,,,,,
B28H1804,001,17-01-2016,51,-6,1950,,,,,,
B28H1804,001,29-02-2016,52,-5,1949,,,,,,
B28H1804,001,01-03-2016,52,-5,1949,,,,,,
B28H1804,001,02-03-2016,51,-6,1950,,,,,,
B28H1804,001,03-03-2016,50,-7,1951,,,,,,
B28H1804,001,04-03-2016,51,-6,1950,,,,,,
B28H1804,001,05-03-2016,49,-8,1952,,,,,,
B28H1804,001,06-03-2016,50,-7,1951,,,,,,
B28H1804,001,07-03-2016,51,-6,1950,,,,,,
B28H1804,001,08-03-2016,52,-5,1949,,,,,,
B28H1804,001,09-03-2016,52,-5,1949,,,,,,
B28H1804,001,10-03-2016,52,-5,1949,,,,,,
B28H1804,001,11-03-2016,52,-5,1949,,,,,,
B28H1804,001,12-03-2016,52,-5,1949,,,,,,
B28H1804,001,13-03-2016,52,-5,1949,,,,,,
B28H1804,001,14-03-2016,52,-5,1949,,,,,,
B28H1804,001,15-03-2016,52,-5,1949,,,,,,
B28H1804,001,16-03-2016,52,-5,1949,,,,,,
B28H1804,001,17-03-2016,52,-5,1949,,,,,,
B28H1804,001,18-03-2016,53,-4,1948,,,,,,
B28H1804,001,19-03-2016,53,-4,1948,,,,,,
B28H1804,001,20-03-2016,53,-4,1948,,,,,,
B28H1804,001,21-03-2016,53,-4,1948,,,,,,
B28H1804,001,22-03-2016,53,-4,1948,,,,,,
B28H1804,001,23-03-2016,53,-4,1948,,,,,,
B28H1804,001,24-03-2016,53,-4,1948,,,,,,
B28H1804,001,25-03-2016,52,-5,1949,,,,,,
B28H1804,001,26-03-2016,52,-5,1949,,,,,,
B28H1804,001,27-03-2016,52,-5,1949,,,,,,
B28H1804,001,28-03-2016,52,-5,1949,,,,,,
B28H1804,001,29-03-2016,52,-5,1949,,,,,,
B28H1804,001,30-03-2016,51,-6,1950,,,,,,
B28H1804,001,31-03-2016,52,-5,1949,,,,,,
B28H1804,001,01-04-2016,52,-5,1949,,,,,,
B28H1804,001,02-04-2016,52,-5,1949,,,,,,
B28H1804,001,03-04-2016,52,-5,1949,,,,,,
B28H1804,001,04-04-2016,52,-5,1949,,,,,,
B28H1804,001,05-04-2016,52,-5,1949,,,,,,
B28H1804,001,06-04-2016,52,-5,1949,,,,,,
B28H1804,001,07-04-2016,52,-5,1949,,,,,,
B28H1804,001,08-04-2016,52,-5,1949,,,,,,
B28H1804,001,09-04-2016,52,-5,1949,,,,,,
B28H1804,001,10-04-2016,53,-4,1948,,,,,,
B28H1804,001,11-04-2016,53,-4,1948,,,,,,
B28H1804,001,12-04-2016,53,-4,1948,,,,,,
B28H1804,001,13-04-2016,52,-5,1949,,,,,,
B28H1804,001,14-04-2016,52,-5,1949,,,,,,
B28H1804,001,15-04-2016,52,-5,1949,,,,,,
B28H1804,001,16-04-2016,52,-5,1949,,,,,,
B28H1804,001,17-04-2016,52,-5,1949,,,,,,
B28H1804,001,18-04-2016,52,-5,1949,,,,,,
B28H1804,001,19-04-2016,52,-5,1949,,,,,,
B28H1804,001,20-04-2016,52,-5,1949,,,,,,
B28H1804,001,21-04-2016,52,-5,1949,,,,,,
B28H1804,001,22-04-2016,53,-4,1948,,,,,,
B28H1804,001,23-04-2016,53,-4,1948,,,,,,
B28H1804,001,24-04-2016,53,-4,1948,,,,,,
B28H1804,001,25-04-2016,53,-4,1948,,,,,,
B28H1804,001,26-04-2016,52,-5,1949,,,,,,
B28H1804,001,27-04-2016,52,-5,1949,,,,,,
B28H1804,001,28-04-2016,52,-5,1949,,,,,,
B28H1804,001,29-04-2016,52,-5,1949,,,,,,
B28H1804,001,30-04-2016,52,-5,1949,,,,,,
B28H1804,001,01-05-2016,52,-5,1949,,,,,,
B28H1804,001,02-05-2016,53,-4,1948,,,,,,
B28H1804,001,03-05-2016,52,-5,1949,,,,,,
B28H1804,001,04-05-2016,53,-4,1948,,,,,,
B28H1804,001,05-05-2016,53,-4,1948,,,,,,
B28H1804,001,06-05-2016,54,-3,1947,,,,,,
B28H1804,001,07-05-2016,54,-3,1947,,,,,,
B28H1804,001,08-05-2016,55,-2,1946,,,,,,
B28H1804,001,09-05-2016,56,-1,1945,,,,,,
B28H1804,001,10-05-2016,57,0,1944,,,,,,
B28H1804,001,11-05-2016,57,0,1944,,,,,,
B28H1804,001,12-05-2016,59,2,1942,,,,,,
B28H1804,001,13-05-2016,60,3,1941,,,,,,
B28H1804,001,14-05-2016,61,4,1940,,,,,,
B28H1804,001,15-05-2016,60,3,1941,,,,,,
B28H1804,001,16-05-2016,60,3,1941,,,,,,
B28H1804,001,17-05-2016,60,3,1941,,,,,,
B28H1804,001,18-05-2016,60,3,1941,,,,,,
B28H1804,001,19-05-2016,59,2,1942,,,,,,
B28H1804,001,20-05-2016,60,3,1941,,,,,,
B28H1804,001,21-05-2016,60,3,1941,,,,,,
B28H1804,001,22-05-2016,62,5,1939,,,,,,
B28H1804,001,23-05-2016,54,-3,1947,,,,,,
B28H1804,001,24-05-2016,52,-5,1949,,,,,,
B28H1804,001,25-05-2016,53,-4,1948,,,,,,
B28H1804,001,26-05-2016,54,-3,1947,,,,,,
B28H1804,001,27-05-2016,54,-3,1947,,,,,,
B28H1804,001,28-05-2016,55,-2,1946,,,,,,
B28H1804,001,29-05-2016,55,-2,1946,,,,,,
B28H1804,001,30-05-2016,56,-1,1945,,,,,,
B28H1804,001,31-05-2016,54,-3,1947,,,,,,
B28H1804,001,01-06-2016,54,-3,1947,,,,,,
B28H1804,001,02-06-2016,56,-1,1945,,,,,,
B28H1804,001,03-06-2016,55,-2,1946,,,,,,
B28H1804,001,04-06-2016,57,0,1944,,,,,,
B28H1804,001,05-06-2016,59,2,1942,,,,,,
B28H1804,001,06-06-2016,61,4,1940,,,,,,
B28H1804,001,07-06-2016,63,6,1938,,,,,,
B28H1804,001,08-06-2016,65,8,1936,,,,,,
B28H1804,001,09-06-2016,65,8,1936,,,,,,
B28H1804,001,10-06-2016,67,10,1934,,,,,,
B28H1804,001,11-06-2016,69,12,1932,,,,,,
B28H1804,001,12-06-2016,69,12,1932,,,,,,
B28H1804,001,13-06-2016,57,0,1944,,,,,,
B28H1804,001,14-06-2016,57,0,1944,,,,,,
B28H1804,001,15-06-2016,54,-3,1947,,,,,,
B28H1804,001,16-06-2016,54,-3,1947,,,,,,
B28H1804,001,17-06-2016,55,-2,1946,,,,,,
B28H1804,001,18-06-2016,53,-4,1948,,,,,,
B28H1804,001,19-06-2016,54,-3,1947,,,,,,
B28H1804,001,20-06-2016,55,-2,1946,,,,,,
B28H1804,001,21-06-2016,53,-4,1948,,,,,,
B28H1804,001,22-06-2016,53,-4,1948,,,,,,
B28H1804,001,23-06-2016,55,-2,1946,,,,,,
B28H1804,001,24-06-2016,52,-5,1949,,,,,,
B28H1804,001,25-06-2016,52,-5,1949,,,,,,
B28H1804,001,26-06-2016,52,-5,1949,,,,,,
B28H1804,001,27-06-2016,53,-4,1948,,,,,,
B28H1804,001,28-06-2016,53,-4,1948,,,,,,
B28H1804,001,29-06-2016,53,-4,1948,,,,,,
B28H1804,001,30-06-2016,54,-3,1947,,,,,,
B28H1804,001,01-07-2016,54,-3,1947,,,,,,
B28H1804,001,02-07-2016,52,-5,1949,,,,,,
B28H1804,001,03-07-2016,52,-5,1949,,,,,,
B28H1804,001,04-07-2016,54,-3,1947,,,,,,
B28H1804,001,05-07-2016,54,-3,1947,,,,,,
B28H1804,001,06-07-2016,55,-2,1946,,,,,,
B28H1804,001,07-07-2016,57,0,1944,,,,,,
B28H1804,001,08-07-2016,57,0,1944,,,,,,
B28H1804,001,09-07-2016,58,1,1943,,,,,,
B28H1804,001,10-07-2016,60,3,1941,,,,,,
B28H1804,001,11-07-2016,62,5,1939,,,,,,
B28H1804,001,12-07-2016,63,6,1938,,,,,,
B28H1804,001,13-07-2016,63,6,1938,,,,,,
B28H1804,001,14-07-2016,59,2,1942,,,,,,
B28H1804,001,15-07-2016,61,4,1940,,,,,,
B28H1804,001,16-07-2016,63,6,1938,,,,,,
B28H1804,001,17-07-2016,62,5,1939,,,,,,
B28H1804,001,18-07-2016,66,9,1935,,,,,,
B28H1804,001,19-07-2016,71,14,1930,,,,,,
B28H1804,001,20-07-2016,75,18,1926,,,,,,
B28H1804,001,21-07-2016,77,20,1924,,,,,,
B28H1804,001,22-07-2016,57,0,1944,,,,,,
B28H1804,001,23-07-2016,58,1,1943,,,,,,
B28H1804,001,24-07-2016,59,2,1942,,,,,,
B28H1804,001,25-07-2016,61,4,1940,,,,,,
B28H1804,001,26-07-2016,63,6,1938,,,,,,
B28H1804,001,27-07-2016,65,8,1936,,,,,,
B28H1804,001,28-07-2016,63,6,1938,,,,,,
B28H1804,001,29-07-2016,59,2,1942,,,,,,
B28H1804,001,30-07-2016,60,3,1941,,,,,,
B28H1804,001,31-07-2016,59,2,1942,,,,,,
B28H1804,001,01-08-2016,56,-1,1945,,,,,,
B28H1804,001,02-08-2016,56,-1,1945,,,,,,
B28H1804,001,03-08-2016,55,-2,1946,,,,,,
B28H1804,001,04-08-2016,55,-2,1946,,,,,,
B28H1804,001,05-08-2016,56,-1,1945,,,,,,
B28H1804,001,06-08-2016,56,-1,1945,,,,,,
B28H1804,001,07-08-2016,57,0,1944,,,,,,
B28H1804,001,08-08-2016,58,1,1943,,,,,,
B28H1804,001,09-08-2016,59,2,1942,,,,,,
B28H1804,001,10-08-2016,57,0,1944,,,,,,
B28H1804,001,11-08-2016,58,1,1943,,,,,,
B28H1804,001,12-08-2016,54,-3,1947,,,,,,
B28H1804,001,13-08-2016,55,-2,1946,,,,,,
B28H1804,001,14-08-2016,56,-1,1945,,,,,,
B28H1804,001,15-08-2016,58,1,1943,,,,,,
B28H1804,001,16-08-2016,59,2,1942,,,,,,
B28H1804,001,17-08-2016,61,4,1940,,,,,,
B28H1804,001,18-08-2016,64,7,1937,,,,,,
B28H1804,001,19-08-2016,66,9,1935,,,,,,
B28H1804,001,20-08-2016,66,9,1935,,,,,,
B28H1804,001,21-08-2016,66,9,1935,,,,,,
B28H1804,001,22-08-2016,65,8,1936,,,,,,
B28H1804,001,23-08-2016,66,9,1935,,,,,,
B28H1804,001,24-08-2016,71,14,1930,,,,,,
B28H1804,001,25-08-2016,76,19,1925,,,,,,
B28H1804,001,26-08-2016,80,23,1921,,,,,,
B28H1804,001,27-08-2016,83,26,1918,,,,,,
B28H1804,001,28-08-2016,83,26,1918,,,,,,
B28H1804,001,29-08-2016,84,27,1917,,,,,,
B28H1804,001,30-08-2016,87,30,1914,,,,,,
B28H1804,001,31-08-2016,90,33,1911,,,,,,
B28H1804,001,01-09-2016,92,35,1909,,,,,,
B28H1804,001,02-09-2016,86,29,1915,,,,,,
B28H1804,001,03-09-2016,86,29,1915,,,,,,
B28H1804,001,04-09-2016,81,24,1920,,,,,,
B28H1804,001,05-09-2016,78,21,1923,,,,,,
B28H1804,001,06-09-2016,83,26,1918,,,,,,
B28H1804,001,07-09-2016,88,31,1913,,,,,,
B28H1804,001,08-09-2016,93,36,1908,,,,,,
B28H1804,001,09-09-2016,92,35,1909,,,,,,
B28H1804,001,10-09-2016,95,38,1906,,,,,,
B28H1804,001,11-09-2016,95,38,1906,,,,,,
B28H1804,001,12-09-2016,98,41,1903,,,,,,
B28H1804,001,13-09-2016,100,43,1901,,,,,,
B28H1804,001,14-09-2016,103,46,1898,,,,,,
B28H1804,001,15-09-2016,105,48,1896,,,,,,
B28H1804,001,16-09-2016,96,39,1905,,,,,,
B28H1804,001,17-09-2016,96,39,1905,,,,,,
B28H1804,001,18-09-2016,95,38,1906,,,,,,
B28H1804,001,19-09-2016,100,43,1901,,,,,,
B28H1804,001,20-09-2016,99,42,1902,,,,,,
B28H1804,001,21-09-2016,102,45,1899,,,,,,
B28H1804,001,22-09-2016,104,47,1897,,,,,,
B28H1804,001,23-09-2016,104,47,1897,,,,,,
B28H1804,001,24-09-2016,105,48,1896,,,,,,
B28H1804,001,25-09-2016,107,50,1894,,,,,,
B28H1804,001,26-09-2016,105,48,1896,,,,,,
B28H1804,001,27-09-2016,105,48,1896,,,,,,
B28H1804,001,28-09-2016,108,51,1893,,,,,,
B28H1804,001,29-09-2016,110,53,1891,,,,,,
B28H1804,001,30-09-2016,94,37,1907,,,,,,
B28H1804,001,01-10-2016,96,39,1905,,,,,,
B28H1804,001,02-10-2016,93,36,1908,,,,,,
B28H1804,001,03-10-2016,93,36,1908,,,,,,
B28H1804,001,04-10-2016,92,35,1909,,,,,,
B28H1804,001,05-10-2016,97,40,1904,,,,,,
B28H1804,001,06-10-2016,98,41,1903,,,,,,
B28H1804,001,07-10-2016,99,42,1902,,,,,,
B28H1804,001,08-10-2016,100,43,1901,,,,,,
B28H1804,001,09-10-2016,100,43,1901,,,,,,
B28H1804,001,10-10-2016,98,41,1903,,,,,,
B28H1804,001,11-10-2016,96,39,1905,,,,,,
B28H1804,001,12-10-2016,95,38,1906,,,,,,
B28H1804,001,13-10-2016,96,39,1905,,,,,,
B28H1804,001,14-10-2016,98,41,1903,,,,,,
B28H1804,001,15-10-2016,98,41,1903,,,,,,
B28H1804,001,16-10-2016,97,40,1904,,,,,,
B28H1804,001,17-10-2016,98,41,1903,,,,,,
B28H1804,001,18-10-2016,97,40,1904,,,,,,
B28H1804,001,19-10-2016,68,11,1933,,,,,,
B28H1804,001,20-10-2016,66,9,1935,,,,,,
B28H1804,001,21-10-2016,68,11,1933,,,,,,
B28H1804,001,22-10-2016,64,7,1937,,,,,,
B28H1804,001,23-10-2016,65,8,1936,,,,,,
B28H1804,001,24-10-2016,67,10,1934,,,,,,
B28H1804,001,25-10-2016,68,11,1933,,,,,,
B28H1804,001,26-10-2016,70,13,1931,,,,,,
B28H1804,001,27-10-2016,71,14,1930,,,,,,
B28H1804,001,28-10-2016,73,16,1928,,,,,,
B28H1804,001,29-10-2016,73,16,1928,,,,,,
B28H1804,001,30-10-2016,74,17,1927,,,,,,
B28H1804,001,31-10-2016,75,18,1926,,,,,,
B28H1804,001,01-11-2016,75,18,1926,,,,,,
B28H1804,001,02-11-2016,73,16,1928,,,,,,
B28H1804,001,03-11-2016,74,17,1927,,,,,,
B28H1804,001,04-11-2016,74,17,1927,,,,,,
B28H1804,001,05-11-2016,73,16,1928,,,,,,
B28H1804,001,06-11-2016,71,14,1930,,,,,,
B28H1804,001,07-11-2016,65,8,1936,,,,,,
B28H1804,001,08-11-2016,60,3,1941,,,,,,
B28H1804,001,09-11-2016,60,3,1941,,,,,,
B28H1804,001,10-11-2016,60,3,1941,,,,,,
B28H1804,001,11-11-2016,61,4,1940,,,,,,
B28H1804,001,12-11-2016,62,5,1939,,,,,,
B28H1804,001,13-11-2016,62,5,1939,,,,,,
B28H1804,001,14-11-2016,63,6,1938,,,,,,
B28H1804,001,15-11-2016,61,4,1940,,,,,,
B28H1804,001,16-11-2016,59,2,1942,,,,,,
B28H1804,001,17-11-2016,58,1,1943,,,,,,
B28H1804,001,18-11-2016,54,-3,1947,,,,,,
B28H1804,001,19-11-2016,55,-2,1946,,,,,,
B28H1804,001,20-11-2016,55,-2,1946,,,,,,
B28H1804,001,21-11-2016,55,-2,1946,,,,,,
B28H1804,001,22-11-2016,56,-1,1945,,,,,,
B28H1804,001,23-11-2016,56,-1,1945,,,,,,
B28H1804,001,24-11-2016,57,0,1944,,,,,,
B28H1804,001,25-11-2016,57,0,1944,,,,,,
B28H1804,001,26-11-2016,57,0,1944,,,,,,
B28H1804,001,27-11-2016,58,1,1943,,,,,,
B28H1804,001,28-11-2016,58,1,1943,,,,,,
B28H1804,001,29-11-2016,59,2,1942,,,,,,
B28H1804,001,30-11-2016,59,2,1942,,,,,,
B28H1804,001,01-12-2016,58,1,1943,,,,,,
B28H1804,001,02-12-2016,58,1,1943,,,,,,
B28H1804,001,03-12-2016,58,1,1943,,,,,,
B28H1804,001,04-12-2016,59,2,1942,,,,,,
B28H1804,001,05-12-2016,60,3,1941,,,,,,
B28H1804,001,06-12-2016,60,3,1941,,,,,,
B28H1804,001,07-12-2016,59,2,1942,,,,,,
B28H1804,001,08-12-2016,58,1,1943,,,,,,
B28H1804,001,09-12-2016,58,1,1943,,,,,,
B28H1804,001,10-12-2016,58,1,1943,,,,,,
B28H1804,001,11-12-2016,55,-2,1946,,,,,,
B28H1804,001,12-12-2016,55,-2,1946,,,,,,
B28H1804,001,13-12-2016,55,-2,1946,,,,,,
B28H1804,001,14-12-2016,56,-1,1945,,,,,,
B28H1804,001,15-12-2016,56,-1,1945,,,,,,
B28H1804,001,16-12-2016,56,-1,1945,,,,,,
B28H1804,001,17-12-2016,57,0,1944,,,,,,
B28H1804,001,18-12-2016,57,0,1944,,,,,,
B28H1804,001,19-12-2016,57,0,1944,,,,,,
B28H1804,001,20-12-2016,57,0,1944,,,,,,
B28H1804,001,21-12-2016,57,0,1944,,,,,,
B28H1804,001,22-12-2016,55,-2,1946,,,,,,
B28H1804,001,23-12-2016,55,-2,1946,,,,,,
B28H1804,001,24-12-2016,55,-2,1946,,,,,,
B28H1804,001,25-12-2016,55,-2,1946,,,,,,
B28H1804,001,26-12-2016,55,-2,1946,,,,,,
B28H1804,001,27-12-2016,55,-2,1946,,,,,,
B28H1804,001,28-12-2016,55,-2,1946,,,,,,
B28H1804,001,29-12-2016,55,-2,1946,,,,,,
B28H1804,001,30-12-2016,56,-1,1945,,,,,,
B28H1804,001,31-12-2016,56,-1,1945,,,,,,
B28H1804,001,01-01-2017,55,-2,1946,,,,,,
B28H1804,001,02-01-2017,55,-2,1946,,,,,,
B28H1804,001,03-01-2017,55,-2,1946,,,,,,
B28H1804,001,04-01-2017,54,-3,1947,,,,,,
B28H1804,001,05-01-2017,54,-3,1947,,,,,,
B28H1804,001,06-01-2017,55,-2,1946,,,,,,
B28H1804,001,07-01-2017,56,-1,1945,,,,,,
B28H1804,001,08-01-2017,55,-2,1946,,,,,,
B28H1804,001,09-01-2017,54,-3,1947,,,,,,
B28H1804,001,10-01-2017,54,-3,1947,,,,,,
B28H1804,001,11-01-2017,53,-4,1948,,,,,,
B28H1804,001,12-01-2017,54,-3,1947,,,,,,
B28H1804,001,13-01-2017,51,-6,1950,,,,,,
B28H1804,001,14-01-2017,50,-7,1951,,,,,,
B28H1804,001,15-01-2017,51,-6,1950,,,,,,
B28H1804,001,16-01-2017,52,-5,1949,,,,,,
B28H1804,001,17-01-2017,53,-4,1948,,,,,,
B28H1804,001,18-01-2017,53,-4,1948,,,,,,
B28H1804,001,19-01-2017,53,-4,1948,,,,,,
B28H1804,001,20-01-2017,54,-3,1947,,,,,,
B28H1804,001,21-01-2017,54,-3,1947,,,,,,
B28H1804,001,22-01-2017,54,-3,1947,,,,,,
B28H1804,001,23-01-2017,54,-3,1947,,,,,,
B28H1804,001,24-01-2017,54,-3,1947,,,,,,
B28H1804,001,25-01-2017,54,-3,1947,,,,,,
B28H1804,001,26-01-2017,54,-3,1947,,,,,,
B28H1804,001,27-01-2017,55,-2,1946,,,,,,
B28H1804,001,28-01-2017,54,-3,1947,,,,,,
B28H1804,001,29-01-2017,52,-5,1949,,,,,,
B28H1804,001,30-01-2017,51,-6,1950,,,,,,
B28H1804,001,31-01-2017,52,-5,1949,,,,,,
B28H1804,001,01-02-2017,52,-5,1949,,,,,,
B28H1804,001,02-02-2017,53,-4,1948,,,,,,
B28H1804,001,03-02-2017,53,-4,1948,,,,,,
B28H1804,001,04-02-2017,53,-4,1948,,,,,,
B28H1804,001,05-02-2017,53,-4,1948,,,,,,
B28H1804,001,06-02-2017,53,-4,1948,,,,,,
B28H1804,001,07-02-2017,53,-4,1948,,,,,,
B28H1804,001,08-02-2017,53,-4,1948,,,,,,
B28H1804,001,09-02-2017,54,-3,1947,,,,,,
B28H1804,001,10-02-2017,54,-3,1947,,,,,,
B28H1804,001,11-02-2017,54,-3,1947,,,,,,
B28H1804,001,12-02-2017,54,-3,1947,,,,,,
B28H1804,001,13-02-2017,54,-3,1947,,,,,,
B28H1804,001,14-02-2017,54,-3,1947,,,,,,
B28H1804,001,15-02-2017,55,-2,1946,,,,,,
B28H1804,001,16-02-2017,54,-3,1947,,,,,,
B28H1804,001,17-02-2017,54,-3,1947,,,,,,
B28H1804,001,18-02-2017,54,-3,1947,,,,,,
B28H1804,001,19-02-2017,54,-3,1947,,,,,,
B28H1804,001,20-02-2017,54,-3,1947,,,,,,
B28H1804,001,21-02-2017,53,-4,1948,,,,,,
B28H1804,001,22-02-2017,53,-4,1948,,,,,,
B28H1804,001,23-02-2017,49,-8,1952,,,,,,
B28H1804,001,24-02-2017,51,-6,1950,,,,,,
B28H1804,001,25-02-2017,52,-5,1949,,,,,,
B28H1804,001,26-02-2017,52,-5,1949,,,,,,
B28H1804,001,27-02-2017,52,-5,1949,,,,,,
B28H1804,001,28-02-2017,51,-6,1950,,,,,,
B28H1804,001,01-03-2017,51,-6,1950,,,,,,
B28H1804,001,02-03-2017,50,-7,1951,,,,,,
B28H1804,001,03-03-2017,51,-6,1950,,,,,,
B28H1804,001,04-03-2017,51,-6,1950,,,,,,
B28H1804,001,05-03-2017,51,-6,1950,,,,,,
B28H1804,001,06-03-2017,51,-6,1950,,,,,,
B28H1804,001,07-03-2017,52,-5,1949,,,,,,
B28H1804,001,08-03-2017,51,-6,1950,,,,,,
B28H1804,001,09-03-2017,50,-7,1951,,,,,,
B28H1804,001,10-03-2017,51,-6,1950,,,,,,
B28H1804,001,11-03-2017,52,-5,1949,,,,,,
B28H1804,001,12-03-2017,52,-5,1949,,,,,,
B28H1804,001,13-03-2017,53,-4,1948,,,,,,
B28H1804,001,14-03-2017,53,-4,1948,,,,,,
B28H1804,001,15-03-2017,53,-4,1948,,,,,,
B28H1804,001,16-03-2017,53,-4,1948,,,,,,
B28H1804,001,17-03-2017,53,-4,1948,,,,,,
B28H1804,001,18-03-2017,52,-5,1949,,,,,,
B28H1804,001,19-03-2017,52,-5,1949,,,,,,
B28H1804,001,20-03-2017,52,-5,1949,,,,,,
B28H1804,001,21-03-2017,51,-6,1950,,,,,,
B28H1804,001,22-03-2017,52,-5,1949,,,,,,
B28H1804,001,23-03-2017,53,-4,1948,,,,,,
B28H1804,001,24-03-2017,53,-4,1948,,,,,,
B28H1804,001,25-03-2017,53,-4,1948,,,,,,
B28H1804,001,26-03-2017,54,-3,1947,,,,,,
B28H1804,001,27-03-2017,53,-4,1948,,,,,,
B28H1804,001,28-03-2017,54,-3,1947,,,,,,
B28H1804,001,29-03-2017,54,-3,1947,,,,,,
B28H1804,001,30-03-2017,54,-3,1947,,,,,,
B28H1804,001,31-03-2017,54,-3,1947,,,,,,
B28H1804,001,01-04-2017,54,-3,1947,,,,,,
B28H1804,001,02-04-2017,54,-3,1947,,,,,,
B28H1804,001,03-04-2017,55,-2,1946,,,,,,
B28H1804,001,04-04-2017,55,-2,1946,,,,,,
B28H1804,001,05-04-2017,55,-2,1946,,,,,,
B28H1804,001,06-04-2017,55,-2,1946,,,,,,
B28H1804,001,07-04-2017,55,-2,1946,,,,,,
B28H1804,001,08-04-2017,56,-1,1945,,,,,,
B28H1804,001,09-04-2017,56,-1,1945,,,,,,
B28H1804,001,10-04-2017,56,-1,1945,,,,,,
B28H1804,001,11-04-2017,56,-1,1945,,,,,,
B28H1804,001,12-04-2017,56,-1,1945,,,,,,
B28H1804,001,13-04-2017,55,-2,1946,,,,,,
B28H1804,001,14-04-2017,56,-1,1945,,,,,,
B28H1804,001,15-04-2017,56,-1,1945,,,,,,
B28H1804,001,16-04-2017,56,-1,1945,,,,,,
B28H1804,001,17-04-2017,56,-1,1945,,,,,,
B28H1804,001,18-04-2017,56,-1,1945,,,,,,
B28H1804,001,19-04-2017,56,-1,1945,,,,,,
B28H1804,001,20-04-2017,57,0,1944,,,,,,
B28H1804,001,21-04-2017,57,0,1944,,,,,,
B28H1804,001,22-04-2017,57,0,1944,,,,,,
B28H1804,001,23-04-2017,57,0,1944,,,,,,
B28H1804,001,24-04-2017,58,1,1943,,,,,,
B28H1804,001,25-04-2017,55,-2,1946,,,,,,
B28H1804,001,26-04-2017,56,-1,1945,,,,,,
B28H1804,001,27-04-2017,57,0,1944,,,,,,
B28H1804,001,28-04-2017,57,0,1944,,,,,,
B28H1804,001,29-04-2017,56,-1,1945,,,,,,
B28H1804,001,30-04-2017,57,0,1944,,,,,,
B28H1804,001,01-05-2017,58,1,1943,,,,,,
B28H1804,001,02-05-2017,57,0,1944,,,,,,
B28H1804,001,03-05-2017,55,-2,1946,,,,,,
B28H1804,001,04-05-2017,57,0,1944,,,,,,
B28H1804,001,05-05-2017,56,-1,1945,,,,,,
B28H1804,001,06-05-2017,57,0,1944,,,,,,
B28H1804,001,07-05-2017,58,1,1943,,,,,,
B28H1804,001,08-05-2017,58,1,1943,,,,,,
B28H1804,001,09-05-2017,60,3,1941,,,,,,
B28H1804,001,10-05-2017,60,3,1941,,,,,,
B28H1804,001,11-05-2017,61,4,1940,,,,,,
B28H1804,001,12-05-2017,57,0,1944,,,,,,
B28H1804,001,13-05-2017,57,0,1944,,,,,,
B28H1804,001,14-05-2017,59,2,1942,,,,,,
B28H1804,001,15-05-2017,61,4,1940,,,,,,
B28H1804,001,16-05-2017,62,5,1939,,,,,,
B28H1804,001,17-05-2017,63,6,1938,,,,,,
B28H1804,001,18-05-2017,64,7,1937,,,,,,
B28H1804,001,19-05-2017,63,6,1938,,,,,,
B28H1804,001,20-05-2017,63,6,1938,,,,,,
B28H1804,001,21-05-2017,65,8,1936,,,,,,
B28H1804,001,22-05-2017,66,9,1935,,,,,,
B28H1804,001,23-05-2017,69,12,1932,,,,,,
B28H1804,001,24-05-2017,70,13,1931,,,,,,
B28H1804,001,25-05-2017,72,15,1929,,,,,,
B28H1804,001,26-05-2017,75,18,1926,,,,,,
B28H1804,001,27-05-2017,79,22,1922,,,,,,
B28H1804,001,28-05-2017,74,17,1927,,,,,,
B28H1804,001,29-05-2017,79,22,1922,,,,,,
B28H1804,001,30-05-2017,83,26,1918,,,,,,
B28H1804,001,31-05-2017,86,29,1915,,,,,,
B28H1804,001,01-06-2017,89,32,1912,,,,,,
B28H1804,001,02-06-2017,93,36,1908,,,,,,
B28H1804,001,03-06-2017,95,38,1906,,,,,,
B28H1804,001,04-06-2017,93,36,1908,,,,,,
B28H1804,001,05-06-2017,97,40,1904,,,,,,
B28H1804,001,06-06-2017,95,38,1906,,,,,,
B28H1804,001,07-06-2017,89,32,1912,,,,,,
B28H1804,001,08-06-2017,91,34,1910,,,,,,
B28H1804,001,09-06-2017,80,23,1921,,,,,,
B28H1804,001,10-06-2017,82,25,1919,,,,,,
B28H1804,001,11-06-2017,89,32,1912,,,,,,
B28H1804,001,12-06-2017,94,37,1907,,,,,,
B28H1804,001,13-06-2017,97,40,1904,,,,,,
B28H1804,001,14-06-2017,100,43,1901,,,,,,
B28H1804,001,15-06-2017,104,47,1897,,,,,,
B28H1804,001,16-06-2017,105,48,1896,,,,,,
B28H1804,001,17-06-2017,103,46,1898,,,,,,
B28H1804,001,18-06-2017,108,51,1893,,,,,,
B28H1804,001,19-06-2017,112,55,1889,,,,,,
B28H1804,001,20-06-2017,116,59,1885,,,,,,
B28H1804,001,21-06-2017,119,62,1882,,,,,,
B28H1804,001,22-06-2017,122,65,1879,,,,,,
B28H1804,001,23-06-2017,123,66,1878,,,,,,
B28H1804,001,24-06-2017,119,62,1882,,,,,,
B28H1804,001,25-06-2017,104,47,1897,,,,,,
B28H1804,001,26-06-2017,99,42,1902,,,,,,
B28H1804,001,27-06-2017,107,50,1894,,,,,,
B28H1804,001,28-06-2017,96,39,1905,,,,,,
B28H1804,001,29-06-2017,91,34,1910,,,,,,
B28H1804,001,30-06-2017,84,27,1917,,,,,,
B28H1804,001,01-07-2017,78,21,1923,,,,,,
B28H1804,001,02-07-2017,82,25,1919,,,,,,
B28H1804,001,03-07-2017,90,33,1911,,,,,,
B28H1804,001,04-07-2017,97,40,1904,,,,,,
B28H1804,001,05-07-2017,103,46,1898,,,,,,
B28H1804,001,06-07-2017,109,52,1892,,,,,,
B28H1804,001,07-07-2017,110,53,1891,,,,,,
B28H1804,001,08-07-2017,111,54,1890,,,,,,
B28H1804,001,09-07-2017,116,59,1885,,,,,,
B28H1804,001,10-07-2017,117,60,1884,,,,,,
B28H1804,001,11-07-2017,108,51,1893,,,,,,
B28H1804,001,12-07-2017,67,10,1934,,,,,,
B28H1804,001,13-07-2017,71,14,1930,,,,,,
B28H1804,001,14-07-2017,78,21,1923,,,,,,
B28H1804,001,15-07-2017,80,23,1921,,,,,,
B28H1804,001,16-07-2017,84,27,1917,,,,,,
B28H1804,001,17-07-2017,88,31,1913,,,,,,
B28H1804,001,18-07-2017,96,39,1905,,,,,,
B28H1804,001,19-07-2017,104,47,1897,,,,,,
B28H1804,001,20-07-2017,98,41,1903,,,,,,
B28H1804,001,21-07-2017,105,48,1896,,,,,,
B28H1804,001,22-07-2017,111,54,1890,,,,,,
B28H1804,001,23-07-2017,90,33,1911,,,,,,
B28H1804,001,24-07-2017,79,22,1922,,,,,,
B28H1804,001,25-07-2017,77,20,1924,,,,,,
B28H1804,001,26-07-2017,77,20,1924,,,,,,
B28H1804,001,27-07-2017,83,26,1918,,,,,,
B28H1804,001,28-07-2017,89,32,1912,,,,,,
B28H1804,001,29-07-2017,93,36,1908,,,,,,
B28H1804,001,30-07-2017,97,40,1904,,,,,,
B28H1804,001,31-07-2017,91,34,1910,,,,,,
B28H1804,001,01-08-2017,98,41,1903,,,,,,
B28H1804,001,02-08-2017,101,44,1900,,,,,,
B28H1804,001,03-08-2017,101,44,1900,,,,,,
B28H1804,001,04-08-2017,107,50,1894,,,,,,
B28H1804,001,05-08-2017,109,52,1892,,,,,,
B28H1804,001,06-08-2017,111,54,1890,,,,,,
B28H1804,001,07-08-2017,115,58,1886,,,,,,
B28H1804,001,08-08-2017,119,62,1882,,,,,,
B28H1804,001,09-08-2017,112,55,1889,,,,,,
B28H1804,001,10-08-2017,118,61,1883,,,,,,
B28H1804,001,11-08-2017,109,52,1892,,,,,,
B28H1804,001,12-08-2017,98,41,1903,,,,,,
B28H1804,001,13-08-2017,97,40,1904,,,,,,
B28H1804,001,14-08-2017,107,50,1894,,,,,,
B28H1804,001,15-08-2017,112,55,1889,,,,,,
B28H1804,001,16-08-2017,71,14,1930,,,,,,
B28H1804,001,17-08-2017,77,20,1924,,,,,,
B28H1804,001,18-08-2017,74,17,1927,,,,,,
B28H1804,001,19-08-2017,71,14,1930,,,,,,
B28H1804,001,20-08-2017,69,12,1932,,,,,,
B28H1804,001,21-08-2017,74,17,1927,,,,,,
B28H1804,001,22-08-2017,78,21,1923,,,,,,
B28H1804,001,23-08-2017,85,28,1916,,,,,,
B28H1804,001,24-08-2017,89,32,1912,,,,,,
B28H1804,001,25-08-2017,93,36,1908,,,,,,
B28H1804,001,26-08-2017,98,41,1903,,,,,,
B28H1804,001,27-08-2017,102,45,1899,,,,,,
B28H1804,001,28-08-2017,106,49,1895,,,,,,
B28H1804,001,29-08-2017,110,53,1891,,,,,,
B28H1804,001,30-08-2017,104,47,1897,,,,,,
B28H1804,001,31-08-2017,85,28,1916,,,,,,
B28H1804,001,01-09-2017,89,32,1912,,,,,,
B28H1804,001,02-09-2017,96,39,1905,,,,,,
B28H1804,001,03-09-2017,99,42,1902,,,,,,
B28H1804,001,04-09-2017,104,47,1897,,,,,,
B28H1804,001,05-09-2017,106,49,1895,,,,,,
B28H1804,001,06-09-2017,89,32,1912,,,,,,
B28H1804,001,07-09-2017,88,31,1913,,,,,,
B28H1804,001,08-09-2017,77,20,1924,,,,,,
B28H1804,001,09-09-2017,66,9,1935,,,,,,
B28H1804,001,10-09-2017,66,9,1935,,,,,,
B28H1804,001,11-09-2017,69,12,1932,,,,,,
B28H1804,001,12-09-2017,71,14,1930,,,,,,
B28H1804,001,13-09-2017,66,9,1935,,,,,,
B28H1804,001,14-09-2017,69,12,1932,,,,,,
B28H1804,001,15-09-2017,64,7,1937,,,,,,
B28H1804,001,16-09-2017,64,7,1937,,,,,,
B28H1804,001,17-09-2017,66,9,1935,,,,,,
B28H1804,001,18-09-2017,66,9,1935,,,,,,
B28H1804,001,19-09-2017,65,8,1936,,,,,,
B28H1804,001,20-09-2017,66,9,1935,,,,,,
B28H1804,001,21-09-2017,68,11,1933,,,,,,
B28H1804,001,22-09-2017,70,13,1931,,,,,,
B28H1804,001,23-09-2017,70,13,1931,,,,,,
B28H1804,001,24-09-2017,72,15,1929,,,,,,
B28H1804,001,25-09-2017,74,17,1927,,,,,,
B28H1804,001,26-09-2017,74,17,1927,,,,,,
B28H1804,001,27-09-2017,75,18,1926,,,,,,
B28H1804,001,28-09-2017,74,17,1927,,,,,,
B28H1804,001,29-09-2017,74,17,1927,,,,,,
B28H1804,001,30-09-2017,62,5,1939,,,,,,
B28H1804,001,01-10-2017,58,1,1943,,,,,,
B28H1804,001,02-10-2017,59,2,1942,,,,,,
B28H1804,001,03-10-2017,60,3,1941,,,,,,
B28H1804,001,04-10-2017,61,4,1940,,,,,,
B28H1804,001,05-10-2017,56,-1,1945,,,,,,
B28H1804,001,06-10-2017,57,0,1944,,,,,,
B28H1804,001,07-10-2017,57,0,1944,,,,,,
B28H1804,001,08-10-2017,56,-1,1945,,,,,,
B28H1804,001,09-10-2017,57,0,1944,,,,,,
B28H1804,001,10-10-2017,56,-1,1945,,,,,,
B28H1804,001,11-10-2017,57,0,1944,,,,,,
B28H1804,001,12-10-2017,57,0,1944,,,,,,
B28H1804,001,13-10-2017,58,1,1943,,,,,,
B28H1804,001,14-10-2017,59,2,1942,,,,,,
B28H1804,001,15-10-2017,59,2,1942,,,,,,
B28H1804,001,16-10-2017,59,2,1942,,,,,,
B28H1804,001,17-10-2017,59,2,1942,,,,,,
B28H1804,001,18-10-2017,59,2,1942,,,,,,
B28H1804,001,19-10-2017,59,2,1942,,,,,,
B28H1804,001,20-10-2017,57,0,1944,,,,,,
B28H1804,001,21-10-2017,57,0,1944,,,,,,
B28H1804,001,22-10-2017,55,-2,1946,,,,,,
B28H1804,001,23-10-2017,55,-2,1946,,,,,,
B28H1804,001,24-10-2017,56,-1,1945,,,,,,
B28H1804,001,25-10-2017,56,-1,1945,,,,,,
B28H1804,001,26-10-2017,56,-1,1945,,,,,,
B28H1804,001,27-10-2017,56,-1,1945,,,,,,
B28H1804,001,28-10-2017,56,-1,1945,,,,,,
B28H1804,001,29-10-2017,55,-2,1946,,,,,,
B28H1804,001,30-10-2017,55,-2,1946,,,,,,
B28H1804,001,31-10-2017,55,-2,1946,,,,,,
B28H1804,001,01-11-2017,55,-2,1946,,,,,,
B28H1804,001,02-11-2017,55,-2,1946,,,,,,
B28H1804,001,03-11-2017,55,-2,1946,,,,,,
B28H1804,001,04-11-2017,55,-2,1946,,,,,,
B28H1804,001,05-11-2017,55,-2,1946,,,,,,
B28H1804,001,06-11-2017,56,-1,1945,,,,,,
B28H1804,001,07-11-2017,56,-1,1945,,,,,,
B28H1804,001,08-11-2017,56,-1,1945,,,,,,
B28H1804,001,09-11-2017,53,-4,1948,,,,,,
B28H1804,001,10-11-2017,52,-5,1949,,,,,,
B28H1804,001,11-11-2017,52,-5,1949,,,,,,
B28H1804,001,12-11-2017,53,-4,1948,,,,,,
B28H1804,001,13-11-2017,53,-4,1948,,,,,,
B28H1804,001,14-11-2017,53,-4,1948,,,,,,
B28H1804,001,29-01-2018,51,-6,1950,,,,,,
B28H1804,001,30-01-2018,50,-7,1951,,,,,,
B28H1804,001,31-01-2018,50,-7,1951,,,,,,
B28H1804,001,01-02-2018,50,-7,1951,,,,,,
B28H1804,001,02-02-2018,49,-8,1952,,,,,,
B28H1804,001,03-02-2018,49,-8,1952,,,,,,
B28H1804,001,04-02-2018,50,-7,1951,,,,,,
B28H1804,001,05-02-2018,50,-7,1951,,,,,,
B28H1804,001,06-02-2018,51,-6,1950,,,,,,
B28H1804,001,07-02-2018,52,-5,1949,,,,,,
B28H1804,001,08-02-2018,53,-4,1948,,,,,,
B28H1804,001,09-02-2018,52,-5,1949,,,,,,
B28H1804,001,10-02-2018,51,-6,1950,,,,,,
B28H1804,001,11-02-2018,50,-7,1951,,,,,,
B28H1804,001,12-02-2018,50,-7,1951,,,,,,
B28H1804,001,13-02-2018,50,-7,1951,,,,,,
B28H1804,001,14-02-2018,51,-6,1950,,,,,,
B28H1804,001,15-02-2018,50,-7,1951,,,,,,
B28H1804,001,16-02-2018,51,-6,1950,,,,,,
B28H1804,001,17-02-2018,51,-6,1950,,,,,,
B28H1804,001,18-02-2018,51,-6,1950,,,,,,
B28H1804,001,19-02-2018,51,-6,1950,,,,,,
B28H1804,001,20-02-2018,52,-5,1949,,,,,,
B28H1804,001,21-02-2018,52,-5,1949,,,,,,
B28H1804,001,22-02-2018,52,-5,1949,,,,,,
B28H1804,001,23-02-2018,52,-5,1949,,,,,,
B28H1804,001,24-02-2018,53,-4,1948,,,,,,
B28H1804,001,25-02-2018,53,-4,1948,,,,,,
B28H1804,001,26-02-2018,53,-4,1948,,,,,,
B28H1804,001,27-02-2018,54,-3,1947,,,,,,
B28H1804,001,28-02-2018,54,-3,1947,,,,,,
B28H1804,001,01-03-2018,55,-2,1946,,,,,,
B28H1804,001,02-03-2018,54,-3,1947,,,,,,
B28H1804,001,03-03-2018,54,-3,1947,,,,,,
B28H1804,001,04-03-2018,53,-4,1948,,,,,,
B28H1804,001,05-03-2018,50,-7,1951,,,,,,
B28H1804,001,06-03-2018,51,-6,1950,,,,,,
B28H1804,001,07-03-2018,51,-6,1950,,,,,,
B28H1804,001,08-03-2018,50,-7,1951,,,,,,
B28H1804,001,09-03-2018,51,-6,1950,,,,,,
B28H1804,001,10-03-2018,50,-7,1951,,,,,,
B28H1804,001,11-03-2018,51,-6,1950,,,,,,
B28H1804,001,12-03-2018,51,-6,1950,,,,,,
B28H1804,001,13-03-2018,50,-7,1951,,,,,,
B28H1804,001,14-03-2018,51,-6,1950,,,,,,
B28H1804,001,15-03-2018,51,-6,1950,,,,,,
B28H1804,001,16-03-2018,50,-7,1951,,,,,,
B28H1804,001,17-03-2018,51,-6,1950,,,,,,
B28H1804,001,18-03-2018,52,-5,1949,,,,,,
B28H1804,001,19-03-2018,52,-5,1949,,,,,,
B28H1804,001,20-03-2018,52,-5,1949,,,,,,
B28H1804,001,21-03-2018,52,-5,1949,,,,,,
B28H1804,001,22-03-2018,52,-5,1949,,,,,,
B28H1804,001,23-03-2018,52,-5,1949,,,,,,
B28H1804,001,24-03-2018,52,-5,1949,,,,,,
B28H1804,001,25-03-2018,52,-5,1949,,,,,,
B28H1804,001,26-03-2018,53,-4,1948,,,,,,
B28H1804,001,27-03-2018,53,-4,1948,,,,,,
B28H1804,001,28-03-2018,52,-5,1949,,,,,,
B28H1804,001,29-03-2018,51,-6,1950,,,,,,
B28H1804,001,30-03-2018,50,-7,1951,,,,,,
B28H1804,001,31-03-2018,50,-7,1951,,,,,,
B28H1804,001,01-04-2018,50,-7,1951,,,,,,
B28H1804,001,02-04-2018,51,-6,1950,,,,,,
B28H1804,001,03-04-2018,51,-6,1950,,,,,,
B28H1804,001,04-04-2018,52,-5,1949,,,,,,
B28H1804,001,05-04-2018,50,-7,1951,,,,,,
B28H1804,001,06-04-2018,51,-6,1950,,,,,,
B28H1804,001,07-04-2018,52,-5,1949,,,,,,
B28H1804,001,08-04-2018,52,-5,1949,,,,,,
B28H1804,001,09-04-2018,52,-5,1949,,,,,,
B28H1804,001,10-04-2018,52,-5,1949,,,,,,
B28H1804,001,11-04-2018,53,-4,1948,,,,,,
B28H1804,001,12-04-2018,53,-4,1948,,,,,,
B28H1804,001,13-04-2018,53,-4,1948,,,,,,
B28H1804,001,14-04-2018,53,-4,1948,,,,,,
B28H1804,001,15-04-2018,53,-4,1948,,,,,,
B28H1804,001,16-04-2018,53,-4,1948,,,,,,
B28H1804,001,17-04-2018,54,-3,1947,,,,,,
B28H1804,001,18-04-2018,54,-3,1947,,,,,,
B28H1804,001,19-04-2018,55,-2,1946,,,,,,
B28H1804,001,20-04-2018,55,-2,1946,,,,,,
B28H1804,001,21-04-2018,55,-2,1946,,,,,,
B28H1804,001,22-04-2018,56,-1,1945,,,,,,
B28H1804,001,23-04-2018,55,-2,1946,,,,,,
B28H1804,001,24-04-2018,55,-2,1946,,,,,,
B28H1804,001,25-04-2018,55,-2,1946,,,,,,
B28H1804,001,26-04-2018,54,-3,1947,,,,,,
B28H1804,001,27-04-2018,55,-2,1946,,,,,,
B28H1804,001,28-04-2018,56,-1,1945,,,,,,
B28H1804,001,29-04-2018,56,-1,1945,,,,,,
B28H1804,001,30-04-2018,51,-6,1950,,,,,,
B28H1804,001,01-05-2018,52,-5,1949,,,,,,
B28H1804,001,02-05-2018,53,-4,1948,,,,,,
B28H1804,001,03-05-2018,54,-3,1947,,,,,,
B28H1804,001,04-05-2018,55,-2,1946,,,,,,
B28H1804,001,05-05-2018,56,-1,1945,,,,,,
B28H1804,001,06-05-2018,57,0,1944,,,,,,
B28H1804,001,07-05-2018,58,1,1943,,,,,,
B28H1804,001,08-05-2018,60,3,1941,,,,,,
B28H1804,001,09-05-2018,61,4,1940,,,,,,
B28H1804,001,10-05-2018,61,4,1940,,,,,,
B28H1804,001,11-05-2018,61,4,1940,,,,,,
B28H1804,001,12-05-2018,63,6,1938,,,,,,
B28H1804,001,13-05-2018,61,4,1940,,,,,,
B28H1804,001,14-05-2018,57,0,1944,,,,,,
B28H1804,001,15-05-2018,59,2,1942,,,,,,
B28H1804,001,16-05-2018,59,2,1942,,,,,,
B28H1804,001,17-05-2018,61,4,1940,,,,,,
B28H1804,001,18-05-2018,63,6,1938,,,,,,
B28H1804,001,19-05-2018,64,7,1937,,,,,,
B28H1804,001,20-05-2018,65,8,1936,,,,,,
B28H1804,001,21-05-2018,67,10,1934,,,,,,
B28H1804,001,22-05-2018,70,13,1931,,,,,,
B28H1804,001,23-05-2018,66,9,1935,,,,,,
B28H1804,001,24-05-2018,70,13,1931,,,,,,
B28H1804,001,25-05-2018,72,15,1929,,,,,,
B28H1804,001,26-05-2018,75,18,1926,,,,,,
B28H1804,001,27-05-2018,80,23,1921,,,,,,
B28H1804,001,28-05-2018,78,21,1923,,,,,,
B28H1804,001,29-05-2018,84,27,1917,,,,,,
B28H1804,001,30-05-2018,71,14,1930,,,,,,
B28H1804,001,31-05-2018,77,20,1924,,,,,,
B28H1804,001,01-06-2018,72,15,1929,,,,,,
B28H1804,001,02-06-2018,70,13,1931,,,,,,
B28H1804,001,03-06-2018,72,15,1929,,,,,,
B28H1804,001,04-06-2018,73,16,1928,,,,,,
B28H1804,001,05-06-2018,75,18,1926,,,,,,
B28H1804,001,06-06-2018,81,24,1920,,,,,,
B28H1804,001,07-06-2018,88,31,1913,,,,,,
B28H1804,001,08-06-2018,87,30,1914,,,,,,
B28H1804,001,09-06-2018,86,29,1915,,,,,,
B28H1804,001,10-06-2018,91,34,1910,,,,,,
B28H1804,001,11-06-2018,95,38,1906,,,,,,
B28H1804,001,12-06-2018,97,40,1904,,,,,,
B28H1804,001,13-06-2018,97,40,1904,,,,,,
B28H1804,001,14-06-2018,100,43,1901,,,,,,
B28H1804,001,15-06-2018,95,38,1906,,,,,,
B28H1804,001,16-06-2018,100,43,1901,,,,,,
B28H1804,001,17-06-2018,104,47,1897,,,,,,
B28H1804,001,18-06-2018,98,41,1903,,,,,,
B28H1804,001,19-06-2018,96,39,1905,,,,,,
B28H1804,001,20-06-2018,100,43,1901,,,,,,
B28H1804,001,21-06-2018,100,43,1901,,,,,,
B28H1804,001,22-06-2018,94,37,1907,,,,,,
B28H1804,001,23-06-2018,100,43,1901,,,,,,
B28H1804,001,24-06-2018,102,45,1899,,,,,,
B28H1804,001,25-06-2018,101,44,1900,,,,,,
B28H1804,001,26-06-2018,108,51,1893,,,,,,
B28H1804,001,27-06-2018,112,55,1889,,,,,,
B28H1804,001,28-06-2018,116,59,1885,,,,,,
B28H1804,001,29-06-2018,120,63,1881,,,,,,
B28H1804,001,30-06-2018,124,67,1877,,,,,,
B28H1804,001,01-07-2018,129,72,1872,,,,,,
B28H1804,001,02-07-2018,132,75,1869,,,,,,
B28H1804,001,03-07-2018,134,77,1867,,,,,,
B28H1804,001,04-07-2018,135,78,1866,,,,,,
B28H1804,001,05-07-2018,138,81,1863,,,,,,
B28H1804,001,06-07-2018,138,81,1863,,,,,,
B28H1804,001,07-07-2018,142,85,1859,,,,,,
B28H1804,001,08-07-2018,142,85,1859,,,,,,
B28H1804,001,09-07-2018,139,82,1862,,,,,,
B28H1804,001,10-07-2018,132,75,1869,,,,,,
B28H1804,001,11-07-2018,134,77,1867,,,,,,
B28H1804,001,12-07-2018,135,78,1866,,,,,,
B28H1804,001,13-07-2018,141,84,1860,,,,,,
B28H1804,001,14-07-2018,145,88,1856,,,,,,
B28H1804,001,15-07-2018,148,91,1853,,,,,,
B28H1804,001,16-07-2018,150,93,1851,,,,,,
B28H1804,001,17-07-2018,152,95,1849,,,,,,
B28H1804,001,18-07-2018,151,94,1850,,,,,,
B28H1804,001,19-07-2018,154,97,1847,,,,,,
B28H1804,001,20-07-2018,156,99,1845,,,,,,
B28H1804,001,21-07-2018,157,100,1844,,,,,,
B28H1804,001,22-07-2018,158,101,1843,,,,,,
B28H1804,001,23-07-2018,158,101,1843,,,,,,
B28H1804,001,24-07-2018,161,104,1840,,,,,,
B28H1804,001,25-07-2018,163,106,1838,,,,,,
B28H1804,001,26-07-2018,164,107,1837,,,,,,
B28H1804,001,27-07-2018,166,109,1835,,,,,,
B28H1804,001,28-07-2018,164,107,1837,,,,,,
B28H1804,001,29-07-2018,148,91,1853,,,,,,
B28H1804,001,30-07-2018,156,99,1845,,,,,,
B28H1804,001,31-07-2018,161,104,1840,,,,,,
B28H1804,001,01-08-2018,164,107,1837,,,,,,
B28H1804,001,02-08-2018,168,111,1833,,,,,,
B28H1804,001,03-08-2018,169,112,1832,,,,,,
B28H1804,001,04-08-2018,171,114,1830,,,,,,
B28H1804,001,05-08-2018,169,112,1832,,,,,,
B28H1804,001,06-08-2018,172,115,1829,,,,,,
B28H1804,001,07-08-2018,174,117,1827,,,,,,
B28H1804,001,08-08-2018,171,114,1830,,,,,,
B28H1804,001,09-08-2018,170,113,1831,,,,,,
B28H1804,001,10-08-2018,161,104,1840,,,,,,
B28H1804,001,11-08-2018,159,102,1842,,,,,,
B28H1804,001,12-08-2018,160,103,1841,,,,,,
B28H1804,001,13-08-2018,163,106,1838,,,,,,
B28H1804,001,14-08-2018,155,98,1846,,,,,,
B28H1804,001,15-08-2018,156,99,1845,,,,,,
B28H1804,001,16-08-2018,159,102,1842,,,,,,
B28H1804,001,17-08-2018,152,95,1849,,,,,,
B28H1804,001,18-08-2018,155,98,1846,,,,,,
B28H1804,001,19-08-2018,157,100,1844,,,,,,
B28H1804,001,20-08-2018,157,100,1844,,,,,,
B28H1804,001,21-08-2018,156,99,1845,,,,,,
B28H1804,001,22-08-2018,159,102,1842,,,,,,
B28H1804,001,23-08-2018,160,103,1841,,,,,,
B28H1804,001,24-08-2018,157,100,1844,,,,,,
B28H1804,001,25-08-2018,148,91,1853,,,,,,
B28H1804,001,26-08-2018,138,81,1863,,,,,,
B28H1804,001,27-08-2018,140,83,1861,,,,,,
B28H1804,001,28-08-2018,141,84,1860,,,,,,
B28H1804,001,29-08-2018,145,88,1856,,,,,,
B28H1804,001,30-08-2018,135,78,1866,,,,,,
B28H1804,001,31-08-2018,137,80,1864,,,,,,
B28H1804,001,01-09-2018,141,84,1860,,,,,,
B28H1804,001,02-09-2018,145,88,1856,,,,,,
B28H1804,001,03-09-2018,147,90,1854,,,,,,
B28H1804,001,04-09-2018,148,91,1853,,,,,,
B28H1804,001,05-09-2018,153,96,1848,,,,,,
B28H1804,001,06-09-2018,150,93,1851,,,,,,
B28H1804,001,07-09-2018,143,86,1858,,,,,,
B28H1804,001,08-09-2018,147,90,1854,,,,,,
B28H1804,001,09-09-2018,151,94,1850,,,,,,
B28H1804,001,10-09-2018,151,94,1850,,,,,,
B28H1804,001,11-09-2018,152,95,1849,,,,,,
B28H1804,001,12-09-2018,150,93,1851,,,,,,
B28H1804,001,13-09-2018,150,93,1851,,,,,,
B28H1804,001,14-09-2018,153,96,1848,,,,,,
B28H1804,001,15-09-2018,155,98,1846,,,,,,
B28H1804,001,16-09-2018,156,99,1845,,,,,,
B28H1804,001,17-09-2018,160,103,1841,,,,,,
B28H1804,001,18-09-2018,164,107,1837,,,,,,
B28H1804,001,19-09-2018,166,109,1835,,,,,,
B28H1804,001,20-09-2018,166,109,1835,,,,,,
B28H1804,001,21-09-2018,163,106,1838,,,,,,
B28H1804,001,22-09-2018,153,96,1848,,,,,,
B28H1804,001,23-09-2018,138,81,1863,,,,,,
B28H1804,001,24-09-2018,130,73,1871,,,,,,
B28H1804,001,25-09-2018,131,74,1870,,,,,,
B28H1804,001,26-09-2018,134,77,1867,,,,,,
B28H1804,001,27-09-2018,139,82,1862,,,,,,
B28H1804,001,28-09-2018,142,85,1859,,,,,,
B28H1804,001,29-09-2018,142,85,1859,,,,,,
B28H1804,001,30-09-2018,142,85,1859,,,,,,
B28H1804,001,01-10-2018,143,86,1858,,,,,,
B28H1804,001,02-10-2018,140,83,1861,,,,,,
B28H1804,001,03-10-2018,139,82,1862,,,,,,
B28H1804,001,04-10-2018,139,82,1862,,,,,,
B28H1804,001,05-10-2018,140,83,1861,,,,,,
B28H1804,001,06-10-2018,141,84,1860,,,,,,
B28H1804,001,07-10-2018,141,84,1860,,,,,,
B28H1804,001,08-10-2018,140,83,1861,,,,,,
B28H1804,001,09-10-2018,140,83,1861,,,,,,
B28H1804,001,10-10-2018,141,84,1860,,,,,,
B28H1804,001,11-10-2018,144,87,1857,,,,,,
B28H1804,001,12-10-2018,146,89,1855,,,,,,
B28H1804,001,13-10-2018,148,91,1853,,,,,,
B28H1804,001,14-10-2018,149,92,1852,,,,,,
B28H1804,001,15-10-2018,151,94,1850,,,,,,
B28H1804,001,16-10-2018,150,93,1851,,,,,,
B28H1804,001,17-10-2018,149,92,1852,,,,,,
B28H1804,001,18-10-2018,147,90,1854,,,,,,
B28H1804,001,19-10-2018,147,90,1854,,,,,,
B28H1804,001,20-10-2018,146,89,1855,,,,,,
B28H1804,001,21-10-2018,144,87,1857,,,,,,
B28H1804,001,22-10-2018,145,88,1856,,,,,,
B28H1804,001,23-10-2018,144,87,1857,,,,,,
B28H1804,001,24-10-2018,141,84,1860,,,,,,
B28H1804,001,25-10-2018,139,82,1862,,,,,,
B28H1804,001,26-10-2018,134,77,1867,,,,,,
B28H1804,001,27-10-2018,132,75,1869,,,,,,
B28H1804,001,28-10-2018,132,75,1869,,,,,,
B28H1804,001,29-10-2018,132,75,1869,,,,,,
B28H1804,001,30-10-2018,117,60,1884,,,,,,
B28H1804,001,31-10-2018,120,63,1881,,,,,,
B28H1804,001,01-11-2018,122,65,1879,,,,,,
B28H1804,001,02-11-2018,119,62,1882,,,,,,
B28H1804,001,03-11-2018,121,64,1880,,,,,,
B28H1804,001,04-11-2018,122,65,1879,,,,,,
B28H1804,001,05-11-2018,122,65,1879,,,,,,
B28H1804,001,06-11-2018,123,66,1878,,,,,,
B28H1804,001,07-11-2018,124,67,1877,,,,,,
B28H1804,001,08-11-2018,125,68,1876,,,,,,
B28H1804,001,09-11-2018,125,68,1876,,,,,,
B28H1804,001,10-11-2018,124,67,1877,,,,,,
B28H1804,001,11-11-2018,117,60,1884,,,,,,
B28H1804,001,12-11-2018,108,51,1893,,,,,,
B28H1804,001,13-11-2018,108,51,1893,,,,,,
B28H1804,001,14-11-2018,112,55,1889,,,,,,
B28H1804,001,15-11-2018,114,57,1887,,,,,,
B28H1804,001,16-11-2018,115,58,1886,,,,,,
B28H1804,001,17-11-2018,116,59,1885,,,,,,
B28H1804,001,18-11-2018,116,59,1885,,,,,,
B28H1804,001,19-11-2018,116,59,1885,,,,,,
B28H1804,001,20-11-2018,116,59,1885,,,,,,
B28H1804,001,21-11-2018,116,59,1885,,,,,,
B28H1804,001,22-11-2018,117,60,1884,,,,,,
B28H1804,001,23-11-2018,117,60,1884,,,,,,
B28H1804,001,24-11-2018,116,59,1885,,,,,,
B28H1804,001,25-11-2018,116,59,1885,,,,,,
B28H1804,001,26-11-2018,116,59,1885,,,,,,
B28H1804,001,27-11-2018,116,59,1885,,,,,,
B28H1804,001,28-11-2018,115,58,1886,,,,,,
B28H1804,001,29-11-2018,113,56,1888,,,,,,
B28H1804,001,30-11-2018,111,54,1890,,,,,,
B28H1804,001,01-12-2018,111,54,1890,,,,,,
B28H1804,001,02-12-2018,107,50,1894,,,,,,
B28H1804,001,03-12-2018,105,48,1896,,,,,,
B28H1804,001,04-12-2018,96,39,1905,,,,,,
B28H1804,001,05-12-2018,100,43,1901,,,,,,
B28H1804,001,06-12-2018,100,43,1901,,,,,,
B28H1804,001,07-12-2018,90,33,1911,,,,,,
B28H1804,001,08-12-2018,80,23,1921,,,,,,
B28H1804,001,09-12-2018,75,18,1926,,,,,,
B28H1804,001,10-12-2018,78,21,1923,,,,,,
B28H1804,001,11-12-2018,81,24,1920,,,,,,
B28H1804,001,12-12-2018,83,26,1918,,,,,,
B28H1804,001,13-12-2018,85,28,1916,,,,,,
B28H1804,001,14-12-2018,87,30,1914,,,,,,
B28H1804,001,15-12-2018,88,31,1913,,,,,,
B28H1804,001,16-12-2018,89,32,1912,,,,,,
B28H1804,001,17-12-2018,89,32,1912,,,,,,
B28H1804,001,18-12-2018,88,31,1913,,,,,,
B28H1804,001,19-12-2018,88,31,1913,,,,,,
B28H1804,001,20-12-2018,89,32,1912,,,,,,
B28H1804,001,21-12-2018,77,20,1924,,,,,,
B28H1804,001,22-12-2018,70,13,1931,,,,,,
B28H1804,001,23-12-2018,67,10,1934,,,,,,
B28H1804,001,24-12-2018,63,6,1938,,,,,,
B28H1804,001,25-12-2018,64,7,1937,,,,,,
B28H1804,001,26-12-2018,65,8,1936,,,,,,
B28H1804,001,27-12-2018,66,9,1935,,,,,,
B28H1804,001,28-12-2018,67,10,1934,,,,,,
B28H1804,001,29-12-2018,67,10,1934,,,,,,
B28H1804,001,30-12-2018,67,10,1934,,,,,,
B28H1804,001,31-12-2018,67,10,1934,,,,,,
B28H1804,001,01-01-2019,67,10,1934,,,,,,
B28H1804,001,02-01-2019,68,11,1933,,,,,,
B28H1804,001,03-01-2019,68,11,1933,,,,,,
B28H1804,001,04-01-2019,69,12,1932,,,,,,
B28H1804,001,05-01-2019,68,11,1933,,,,,,
B28H1804,001,06-01-2019,65,8,1936,,,,,,
B28H1804,001,07-01-2019,65,8,1936,,,,,,
B28H1804,001,08-01-2019,63,6,1938,,,,,,
B28H1804,001,09-01-2019,61,4,1940,,,,,,
B28H1804,001,10-01-2019,62,5,1939,,,,,,
B28H1804,001,11-01-2019,62,5,1939,,,,,,
B28H1804,001,12-01-2019,61,4,1940,,,,,,
B28H1804,001,13-01-2019,58,1,1943,,,,,,
B28H1804,001,14-01-2019,58,1,1943,,,,,,
B28H1804,001,15-01-2019,59,2,1942,,,,,,
B28H1804,001,16-01-2019,59,2,1942,,,,,,
B28H1804,001,17-01-2019,57,0,1944,,,,,,
B28H1804,001,18-01-2019,58,1,1943,,,,,,
B28H1804,001,19-01-2019,58,1,1943,,,,,,
B28H1804,001,20-01-2019,59,2,1942,,,,,,
B28H1804,001,21-01-2019,60,3,1941,,,,,,
B28H1804,001,22-01-2019,60,3,1941,,,,,,
B28H1804,001,23-01-2019,59,2,1942,,,,,,
B28H1804,001,24-01-2019,60,3,1941,,,,,,
B28H1804,001,25-01-2019,60,3,1941,,,,,,
B28H1804,001,26-01-2019,55,-2,1946,,,,,,
B28H1804,001,27-01-2019,55,-2,1946,,,,,,
B28H1804,001,28-01-2019,54,-3,1947,,,,,,
B28H1804,001,29-01-2019,55,-2,1946,,,,,,
B28H1804,001,30-01-2019,56,-1,1945,,,,,,
B28H1804,001,31-01-2019,56,-1,1945,,,,,,
B28H1804,001,01-02-2019,56,-1,1945,,,,,,
B28H1804,001,02-02-2019,56,-1,1945,,,,,,
B28H1804,001,03-02-2019,56,-1,1945,,,,,,
B28H1804,001,04-02-2019,56,-1,1945,,,,,,
B28H1804,001,05-02-2019,56,-1,1945,,,,,,
B28H1804,001,06-02-2019,56,-1,1945,,,,,,
B28H1804,001,07-02-2019,53,-4,1948,,,,,,
B28H1804,001,08-02-2019,54,-3,1947,,,,,,
B28H1804,001,09-02-2019,54,-3,1947,,,,,,
B28H1804,001,10-02-2019,52,-5,1949,,,,,,
B28H1804,001,11-02-2019,53,-4,1948,,,,,,
B28H1804,001,12-02-2019,54,-3,1947,,,,,,
B28H1804,001,13-02-2019,54,-3,1947,,,,,,
B28H1804,001,14-02-2019,55,-2,1946,,,,,,
B28H1804,001,15-02-2019,55,-2,1946,,,,,,
B28H1804,001,16-02-2019,55,-2,1946,,,,,,
B28H1804,001,17-02-2019,55,-2,1946,,,,,,
B28H1804,001,18-02-2019,55,-2,1946,,,,,,
B28H1804,001,19-02-2019,55,-2,1946,,,,,,
B28H1804,001,20-02-2019,56,-1,1945,,,,,,
B28H1804,001,21-02-2019,55,-2,1946,,,,,,
B28H1804,001,22-02-2019,55,-2,1946,,,,,,
B28H1804,001,23-02-2019,55,-2,1946,,,,,,
B28H1804,001,24-02-2019,56,-1,1945,,,,,,
B28H1804,001,25-02-2019,56,-1,1945,,,,,,
B28H1804,001,26-02-2019,56,-1,1945,,,,,,
B28H1804,001,27-02-2019,56,-1,1945,,,,,,
B28H1804,001,28-02-2019,56,-1,1945,,,,,,
B28H1804,001,01-03-2019,55,-2,1946,,,,,,
B28H1804,001,02-03-2019,55,-2,1946,,,,,,
B28H1804,001,03-03-2019,55,-2,1946,,,,,,
B28H1804,001,04-03-2019,54,-3,1947,,,,,,
B28H1804,001,05-03-2019,55,-2,1946,,,,,,
B28H1804,001,06-03-2019,55,-2,1946,,,,,,
B28H1804,001,07-03-2019,54,-3,1947,,,,,,
B28H1804,001,08-03-2019,54,-3,1947,,,,,,
B28H1804,001,09-03-2019,54,-3,1947,,,,,,
B28H1804,001,10-03-2019,52,-5,1949,,,,,,
B28H1804,001,11-03-2019,51,-6,1950,,,,,,
B28H1804,001,12-03-2019,51,-6,1950,,,,,,
B28H1804,001,13-03-2019,51,-6,1950,,,,,,
B28H1804,001,14-03-2019,50,-7,1951,,,,,,
B28H1804,001,15-03-2019,51,-6,1950,,,,,,
B28H1804,001,16-03-2019,51,-6,1950,,,,,,
B28H1804,001,17-03-2019,50,-7,1951,,,,,,
B28H1804,001,18-03-2019,51,-6,1950,,,,,,
B28H1804,001,19-03-2019,52,-5,1949,,,,,,
B28H1804,001,20-03-2019,52,-5,1949,,,,,,
B28H1804,001,21-03-2019,52,-5,1949,,,,,,
B28H1804,001,22-03-2019,53,-4,1948,,,,,,
B28H1804,001,23-03-2019,53,-4,1948,,,,,,
B28H1804,001,24-03-2019,53,-4,1948,,,,,,
B28H1804,001,25-03-2019,52,-5,1949,,,,,,
B28H1804,001,26-03-2019,53,-4,1948,,,,,,
B28H1804,001,27-03-2019,53,-4,1948,,,,,,
B28H1804,001,28-03-2019,53,-4,1948,,,,,,
B28H1804,001,29-03-2019,53,-4,1948,,,,,,
B28H1804,001,30-03-2019,54,-3,1947,,,,,,
B28H1804,001,31-03-2019,54,-3,1947,,,,,,
B28H1804,001,01-04-2019,54,-3,1947,,,,,,
B28H1804,001,02-04-2019,54,-3,1947,,,,,,
B28H1804,001,03-04-2019,54,-3,1947,,,,,,
B28H1804,001,04-04-2019,54,-3,1947,,,,,,
B28H1804,001,05-04-2019,54,-3,1947,,,,,,
B28H1804,001,06-04-2019,54,-3,1947,,,,,,
B28H1804,001,07-04-2019,54,-3,1947,,,,,,
B28H1804,001,08-04-2019,55,-2,1946,,,,,,
B28H1804,001,09-04-2019,55,-2,1946,,,,,,
B28H1804,001,10-04-2019,56,-1,1945,,,,,,
B28H1804,001,11-04-2019,56,-1,1945,,,,,,
B28H1804,001,12-04-2019,56,-1,1945,,,,,,
B28H1804,001,13-04-2019,56,-1,1945,,,,,,
B28H1804,001,14-04-2019,56,-1,1945,,,,,,
B28H1804,001,15-04-2019,56,-1,1945,,,,,,
B28H1804,001,16-04-2019,57,0,1944,,,,,,
B28H1804,001,17-04-2019,57,0,1944,,,,,,
B28H1804,001,18-04-2019,58,1,1943,,,,,,
B28H1804,001,19-04-2019,58,1,1943,,,,,,
B28H1804,001,20-04-2019,59,2,1942,,,,,,
B28H1804,001,21-04-2019,59,2,1942,,,,,,
B28H1804,001,22-04-2019,60,3,1941,,,,,,
B28H1804,001,23-04-2019,61,4,1940,,,,,,
B28H1804,001,24-04-2019,61,4,1940,,,,,,
B28H1804,001,25-04-2019,58,1,1943,,,,,,
B28H1804,001,26-04-2019,58,1,1943,,,,,,
B28H1804,001,27-04-2019,57,0,1944,,,,,,
B28H1804,001,28-04-2019,57,0,1944,,,,,,
B28H1804,001,29-04-2019,59,2,1942,,,,,,
B28H1804,001,30-04-2019,59,2,1942,,,,,,
B28H1804,001,01-05-2019,60,3,1941,,,,,,
B28H1804,001,02-05-2019,60,3,1941,,,,,,
B28H1804,001,03-05-2019,60,3,1941,,,,,,
B28H1804,001,04-05-2019,60,3,1941,,,,,,
B28H1804,001,05-05-2019,59,2,1942,,,,,,
B28H1804,001,06-05-2019,60,3,1941,,,,,,
B28H1804,001,07-05-2019,60,3,1941,,,,,,
B28H1804,001,08-05-2019,61,4,1940,,,,,,
B28H1804,001,09-05-2019,60,3,1941,,,,,,
B28H1804,001,10-05-2019,60,3,1941,,,,,,
B28H1804,001,11-05-2019,61,4,1940,,,,,,
B28H1804,001,12-05-2019,62,5,1939,,,,,,
B28H1804,001,13-05-2019,64,7,1937,,,,,,
B28H1804,001,14-05-2019,65,8,1936,,,,,,
B28H1804,001,15-05-2019,66,9,1935,,,,,,
B28H1804,001,16-05-2019,67,10,1934,,,,,,
B28H1804,001,17-05-2019,68,11,1933,,,,,,
B28H1804,001,18-05-2019,68,11,1933,,,,,,
B28H1804,001,19-05-2019,70,13,1931,,,,,,
B28H1804,001,20-05-2019,66,9,1935,,,,,,
B28H1804,001,21-05-2019,67,10,1934,,,,,,
B28H1804,001,22-05-2019,69,12,1932,,,,,,
B28H1804,001,23-05-2019,71,14,1930,,,,,,
B28H1804,001,24-05-2019,74,17,1927,,,,,,
B28H1804,001,25-05-2019,76,19,1925,,,,,,
B28H1804,001,26-05-2019,79,22,1922,,,,,,
B28H1804,001,27-05-2019,75,18,1926,,,,,,
B28H1804,001,28-05-2019,71,14,1930,,,,,,
B28H1804,001,29-05-2019,73,16,1928,,,,,,
B28H1804,001,30-05-2019,75,18,1926,,,,,,
B28H1804,001,31-05-2019,77,20,1924,,,,,,
B28H1804,001,01-06-2019,82,25,1919,,,,,,
B28H1804,001,02-06-2019,87,30,1914,,,,,,
B28H1804,001,03-06-2019,84,27,1917,,,,,,
B28H1804,001,04-06-2019,90,33,1911,,,,,,
B28H1804,001,05-06-2019,94,37,1907,,,,,,
B28H1804,001,06-06-2019,80,23,1921,,,,,,
B28H1804,001,07-06-2019,87,30,1914,,,,,,
B28H1804,001,08-06-2019,87,30,1914,,,,,,
B28H1804,001,09-06-2019,91,34,1910,,,,,,
B28H1804,001,10-06-2019,96,39,1905,,,,,,
B28H1804,001,11-06-2019,80,23,1921,,,,,,
B28H1804,001,12-06-2019,84,27,1917,,,,,,
B28H1804,001,13-06-2019,78,21,1923,,,,,,
B28H1804,001,14-06-2019,82,25,1919,,,,,,
B28H1804,001,15-06-2019,79,22,1922,,,,,,
B28H1804,001,16-06-2019,86,29,1915,,,,,,
B28H1804,001,17-06-2019,93,36,1908,,,,,,
B28H1804,001,18-06-2019,100,43,1901,,,,,,
B28H1804,001,19-06-2019,104,47,1897,,,,,,
B28H1804,001,20-06-2019,90,33,1911,,,,,,
B28H1804,001,21-06-2019,100,43,1901,,,,,,
B28H1804,001,22-06-2019,106,49,1895,,,,,,
B28H1804,001,23-06-2019,112,55,1889,,,,,,
B28H1804,001,24-06-2019,119,62,1882,,,,,,
B28H1804,001,25-06-2019,125,68,1876,,,,,,
B28H1804,001,26-06-2019,125,68,1876,,,,,,
B28H1804,001,27-06-2019,130,73,1871,,,,,,
B28H1804,001,28-06-2019,130,73,1871,,,,,,
B28H1804,001,29-06-2019,135,78,1866,,,,,,
B28H1804,001,30-06-2019,140,83,1861,,,,,,
B28H1804,001,01-07-2019,139,82,1862,,,,,,
B28H1804,001,02-07-2019,140,83,1861,,,,,,
B28H1804,001,03-07-2019,140,83,1861,,,,,,
B28H1804,001,04-07-2019,143,86,1858,,,,,,
B28H1804,001,05-07-2019,144,87,1857,,,,,,
B28H1804,001,06-07-2019,144,87,1857,,,,,,
B28H1804,001,07-07-2019,136,79,1865,,,,,,
B28H1804,001,08-07-2019,136,79,1865,,,,,,
B28H1804,001,09-07-2019,139,82,1862,,,,,,
B28H1804,001,10-07-2019,144,87,1857,,,,,,
B28H1804,001,11-07-2019,134,77,1867,,,,,,
B28H1804,001,12-07-2019,127,70,1874,,,,,,
B28H1804,001,13-07-2019,118,61,1883,,,,,,
B28H1804,001,14-07-2019,120,63,1881,,,,,,
B28H1804,001,15-07-2019,122,65,1879,,,,,,
B28H1804,001,16-07-2019,124,67,1877,,,,,,
B28H1804,001,17-07-2019,128,71,1873,,,,,,
B28H1804,001,18-07-2019,136,79,1865,,,,,,
B28H1804,001,19-07-2019,139,82,1862,,,,,,
B28H1804,001,20-07-2019,146,89,1855,,,,,,
B28H1804,001,21-07-2019,145,88,1856,,,,,,
B28H1804,001,22-07-2019,146,89,1855,,,,,,
B28H1804,001,23-07-2019,153,96,1848,,,,,,
B28H1804,001,24-07-2019,157,100,1844,,,,,,
B28H1804,001,25-07-2019,160,103,1841,,,,,,
B28H1804,001,26-07-2019,164,107,1837,,,,,,
B28H1804,001,27-07-2019,167,110,1834,,,,,,
B28H1804,001,28-07-2019,169,112,1832,,,,,,
B28H1804,001,29-07-2019,165,108,1836,,,,,,
B28H1804,001,30-07-2019,169,112,1832,,,,,,
B28H1804,001,31-07-2019,168,111,1833,,,,,,
B28H1804,001,01-08-2019,163,106,1838,,,,,,
B28H1804,001,02-08-2019,160,103,1841,,,,,,
B28H1804,001,03-08-2019,156,99,1845,,,,,,
B28H1804,001,04-08-2019,158,101,1843,,,,,,
B28H1804,001,05-08-2019,161,104,1840,,,,,,
B28H1804,001,06-08-2019,167,110,1834,,,,,,
B28H1804,001,07-08-2019,169,112,1832,,,,,,
B28H1804,001,08-08-2019,169,112,1832,,,,,,
B28H1804,001,09-08-2019,166,109,1835,,,,,,
B28H1804,001,10-08-2019,158,101,1843,,,,,,
B28H1804,001,11-08-2019,164,107,1837,,,,,,
B28H1804,001,12-08-2019,169,112,1832,,,,,,
B28H1804,001,13-08-2019,149,92,1852,,,,,,
B28H1804,001,14-08-2019,152,95,1849,,,,,,
B28H1804,001,15-08-2019,146,89,1855,,,,,,
B28H1804,001,16-08-2019,143,86,1858,,,,,,
B28H1804,001,17-08-2019,144,87,1857,,,,,,
B28H1804,001,18-08-2019,130,73,1871,,,,,,
B28H1804,001,19-08-2019,136,79,1865,,,,,,
B28H1804,001,20-08-2019,142,85,1859,,,,,,
B28H1804,001,21-08-2019,139,82,1862,,,,,,
B28H1804,001,22-08-2019,147,90,1854,,,,,,
B28H1804,001,23-08-2019,151,94,1850,,,,,,
B28H1804,001,24-08-2019,158,101,1843,,,,,,
B28H1804,001,25-08-2019,162,105,1839,,,,,,
B28H1804,001,26-08-2019,166,109,1835,,,,,,
B28H1804,001,27-08-2019,170,113,1831,,,,,,
B28H1804,001,28-08-2019,172,115,1829,,,,,,
B28H1804,001,29-08-2019,151,94,1850,,,,,,
B28H1804,001,30-08-2019,155,98,1846,,,,,,
B28H1804,001,31-08-2019,159,102,1842,,,,,,
B28H1804,001,01-09-2019,156,99,1845,,,,,,
B28H1804,001,02-09-2019,159,102,1842,,,,,,
B28H1804,001,03-09-2019,160,103,1841,,,,,,
B28H1804,001,04-09-2019,159,102,1842,,,,,,
B28H1804,001,05-09-2019,155,98,1846,,,,,,
B28H1804,001,06-09-2019,156,99,1845,,,,,,
B28H1804,001,07-09-2019,158,101,1843,,,,,,
B28H1804,001,08-09-2019,149,92,1852,,,,,,
B28H1804,001,09-09-2019,150,93,1851,,,,,,
B28H1804,001,10-09-2019,151,94,1850,,,,,,
B28H1804,001,11-09-2019,154,97,1847,,,,,,
B28H1804,001,12-09-2019,144,87,1857,,,,,,
B28H1804,001,13-09-2019,149,92,1852,,,,,,
B28H1804,001,14-09-2019,153,96,1848,,,,,,
B28H1804,001,15-09-2019,156,99,1845,,,,,,
B28H1804,001,16-09-2019,143,86,1858,,,,,,
B28H1804,001,17-09-2019,143,86,1858,,,,,,
B28H1804,001,18-09-2019,145,88,1856,,,,,,
