Date, Head
1995-01-14,15.7400
1995-01-28,15.9200
1995-02-15,16.1700
1995-03-01,16.2600
1995-03-15,16.1200
1995-03-28,16.0800
1995-04-14,15.9600
1995-04-28,15.5900
1995-05-16,15.8000
1995-05-30,15.7900
1995-06-15,15.7700
1995-06-29,15.6900
1995-07-15,15.4000
1995-07-28,14.8600
1995-08-15,15.1400
1995-08-29,15.0400
1995-09-15,15.0200
1995-09-29,14.9800
1995-10-14,14.9900
1995-10-28,14.9500
1995-11-15,14.9100
1995-11-29,14.8700
1995-12-15,14.8300
1995-12-29,14.8600
1996-01-16,14.8800
1996-01-30,14.9100
1996-02-15,14.9000
1996-02-29,14.9600
1996-03-15,14.9900
1996-03-30,14.9900
1996-04-17,15.0200
1996-04-30,14.9900
1996-05-15,14.9200
1996-05-29,14.9100
1996-06-14,14.9200
1996-06-29,14.8200
1996-07-13,14.7500
1996-07-30,14.6600
1996-08-15,14.5800
1996-08-29,14.6000
1996-09-14,14.7900
1996-10-01,14.7800
1996-10-15,14.7700
1996-10-29,14.7500
1996-11-15,14.8300
1996-11-29,14.8800
1996-12-14,15.2100
1996-12-25,14.9800
1997-01-15,15.1700
1997-01-29,15.1500
1997-02-14,15.2800
1997-03-01,15.4200
1997-03-15,15.4800
1997-03-29,15.4700
1997-04-15,15.4000
1997-04-29,15.3700
1997-05-15,15.4200
1997-05-29,15.4500
1997-06-14,15.3200
1997-06-28,15.3500
1997-07-15,15.3600
1997-07-29,15.2700
1997-08-15,14.9800
1997-08-29,15.0900
1997-09-16,15.0900
1997-09-30,14.9800
1997-10-15,14.9700
1997-10-29,14.9800
1997-11-15,14.9300
1997-11-29,14.9400
1997-12-16,14.9400
1997-12-30,15.0400
1998-01-15,15.2600
1998-01-29,15.3000
1998-02-17,15.1900
1998-02-28,15.1400
1998-03-14,15.3500
1998-03-28,15.3500
1998-04-15,15.4000
1998-04-29,15.4400
1998-05-15,15.3900
1998-05-29,15.2700
1998-06-16,15.4000
1998-06-30,15.4100
1998-07-15,15.2800
1998-07-28,15.2300
1998-08-13,15.1200
1998-08-28,15.0600
1998-09-15,15.2000
1998-09-26,15.4400
1998-10-16,15.4400
1998-10-29,15.5200
1998-11-13,16.0700
1998-11-28,15.9300
1998-12-15,15.9600
1998-12-29,15.9500
1999-01-15,16.0700
1999-01-29,16.1200
1999-02-13,15.9900
1999-03-02,16.2900
1999-03-16,16.2600
1999-03-30,16.2300
1999-04-15,16.1800
1999-04-29,16.0200
1999-05-13,15.9600
1999-05-29,15.8400
1999-06-15,15.7600
1999-06-29,15.6300
1999-07-14,15.5700
1999-07-29,15.2400
1999-08-14,15.2900
1999-08-28,15.3200
1999-09-15,15.1800
1999-09-29,15.1100
1999-10-15,15.0500
1999-10-29,14.9800
1999-11-16,14.9200
1999-11-30,14.8800
1999-12-15,14.9300
1999-12-29,15.0700
2000-01-15,15.2000
2000-01-29,15.1700
2000-02-15,15.2300
2000-02-29,15.3800
2000-03-15,15.7700
2000-03-29,15.7000
2000-04-15,15.6100
2000-04-29,15.6900
2000-05-15,15.5600
2000-05-30,15.5800
2000-06-15,15.6000
2000-06-29,15.4500
2000-07-15,15.4000
2000-07-29,15.3700
2000-08-15,15.2900
2000-08-29,15.2400
2000-09-15,15.2000
2000-09-29,15.1600
2000-10-14,15.1600
2000-10-28,15.1600
2000-11-15,15.1900
2000-11-29,15.2100
2000-12-15,15.2600
2000-12-29,15.3300
2001-01-16,15.5200
2001-01-30,15.6500
2001-02-15,15.9400
2001-03-01,15.9900
2001-03-15,16.0100
2001-03-29,16.1500
2001-04-14,16.1800
2001-04-28,16.1900
2001-05-15,16.0500
2001-05-29,15.8900
2001-06-15,15.7300
2001-06-29,15.6600
2001-07-14,15.5600
2001-07-28,15.5100
2001-08-15,15.4200
2001-08-29,15.3700
2001-09-15,15.4400
2001-09-29,15.6900
2001-10-16,15.7500
2001-10-30,15.6700
2001-11-15,15.6400
2001-11-29,15.7600
2001-12-15,15.8700
2001-12-29,15.9100
2002-01-15,15.9500
2002-01-30,16.2100
2002-02-15,16.2500
2002-03-01,16.5800
2002-03-16,16.4000
2002-03-30,16.2600
2002-04-16,16.1800
2002-04-30,16.1100
2002-05-15,16.2000
2002-05-29,16.0200
2002-06-16,15.9000
2002-06-28,15.8100
2002-07-16,15.7400
2002-07-27,15.7200
2002-08-15,15.6000
2002-08-29,15.7200
2002-09-13,15.6100
2002-09-28,15.5300
2002-10-17,15.4800
2002-10-29,15.4600
2002-11-15,15.8400
2002-11-28,15.9000
2002-12-14,15.7300
2002-12-28,15.9200
2003-01-16,16.1600
2003-01-29,16.1400
2003-02-14,16.1200
2003-02-28,16.0200
2003-03-15,16.0600
2003-03-27,15.9800
2003-04-17,15.8400
2003-05-02,15.8300
2003-05-15,15.7500
2003-05-29,15.8900
2003-06-19,15.6900
2003-06-27,15.4600
2003-07-17,15.3400
2003-07-29,15.2800
2003-08-15,15.1000
2003-08-28,15.0500
2003-09-17,15.0200
2003-10-03,14.9800
2003-10-15,15.0600
2003-10-30,15.0900
2003-11-14,15.0400
2003-11-28,15.0800
2003-12-13,15.0800
2003-12-31,15.3100
2004-01-15,15.4400
2004-01-28,15.6900
2004-02-13,15.8900
2004-02-28,15.8100
2004-03-16,15.7100
2004-03-31,15.7400
2004-04-16,15.8300
2004-04-28,15.7200
2004-05-13,15.7400
2004-05-28,15.6500
2004-06-17,15.5600
2004-06-29,15.5000
2004-07-14,15.4500
2004-07-28,15.4800
2004-08-14,15.4400
2004-08-28,15.6100
2004-09-15,15.4700
2004-09-30,15.4200
2004-10-16,15.3800
2004-10-29,15.4000
2004-11-13,15.4700
2004-11-27,15.7800
2004-12-15,15.7400
2004-12-30,15.8900
2005-01-15,15.8800
2005-01-28,16.0900
2005-02-17,16.4200
2005-03-01,16.1800
2005-03-16,16.1200
2005-03-30,16.0000
2005-04-14,15.9200
2005-04-27,15.8700
2005-05-14,15.8900
2005-05-28,15.8200
2005-06-14,15.7300
2005-06-30,15.5600
2005-07-13,15.5500
2005-07-28,15.2500
2005-08-16,15.4200
2005-08-30,15.3900
2005-09-15,15.3400
2005-09-29,15.2900
2005-10-15,15.2800
2005-10-29,15.2600
2005-11-16,15.2400
2005-11-26,15.2500
2005-12-13,15.3500
2005-12-29,15.3000
2006-01-13,15.2400
2006-02-01,15.1600
2006-02-14,15.1200
2006-03-03,15.1500
2006-03-15,15.5200
2006-03-29,15.5900
2006-04-15,15.7000
2006-04-29,15.6500
2006-05-16,15.1100
2006-11-28,15.7950
2006-11-29,15.8000
2006-11-30,15.7975
2006-12-01,15.7950
2006-12-02,15.8050
2006-12-03,15.8075
2006-12-04,15.8125
2006-12-05,15.8175
2006-12-06,15.8225
2006-12-07,15.8325
2006-12-08,15.8350
2006-12-09,15.8625
2006-12-10,15.8825
2006-12-11,15.8925
2006-12-12,15.9075
2006-12-13,15.9275
2006-12-14,15.9450
2006-12-15,15.9550
2006-12-16,15.9600
2006-12-17,15.9675
2006-12-18,15.9675
2006-12-19,15.9650
2006-12-20,15.9600
2006-12-21,15.9550
2006-12-22,15.9500
2006-12-23,15.9425
2006-12-24,15.9350
2006-12-25,15.9250
2006-12-26,15.9225
2006-12-27,15.9100
2006-12-28,15.9075
2006-12-29,15.9075
2006-12-30,15.9075
2006-12-31,15.9225
2007-01-01,15.9100
2007-01-02,15.9475
2007-01-03,15.9725
2007-01-04,15.9800
2007-01-05,16.0050
2007-01-06,16.0100
2007-01-07,16.0175
2007-01-08,16.0400
2007-01-09,16.0700
2007-01-10,16.0900
2007-01-11,16.0950
2007-01-12,16.1150
2007-01-13,16.1400
2007-01-14,16.1525
2007-01-15,16.1550
2007-01-16,16.1550
2007-01-17,16.1625
2007-01-18,16.1675
2007-01-19,16.2250
2007-01-20,16.2750
2007-01-21,16.3000
2007-01-22,16.3275
2007-01-23,16.3300
2007-01-24,16.3125
2007-01-25,16.2950
2007-01-26,16.2500
2007-01-27,16.2350
2007-01-28,16.2175
2007-01-29,16.2475
2007-01-30,16.2525
2007-01-31,16.2350
2007-02-01,16.2350
2007-02-02,16.2050
2007-02-03,16.1925
2007-02-04,16.1800
2007-02-05,16.1800
2007-02-06,16.2000
2007-02-07,16.2100
2007-02-08,16.2175
2007-02-09,16.2400
2007-02-10,16.2650
2007-02-11,16.2800
2007-02-12,16.3225
2007-02-13,16.3775
2007-02-14,16.4100
2007-02-15,16.4400
2007-02-16,16.4550
2007-02-17,16.4600
2007-02-18,16.4550
2007-02-19,16.4350
2007-02-20,16.4200
2007-02-21,16.4125
2007-02-22,16.4025
2007-02-23,16.3925
2007-02-24,16.3825
2007-02-25,16.4200
2007-02-26,16.4650
2007-02-27,16.4800
2007-02-28,16.4925
2007-03-01,16.5425
2007-03-02,16.5925
2007-03-03,16.6050
2007-03-04,16.6225
2007-03-05,16.6075
2007-03-06,16.6300
2007-03-07,16.6425
2007-03-08,16.6700
2007-03-09,16.6150
2007-03-10,16.6150
2007-03-11,16.6000
2007-03-12,16.5850
2007-03-13,16.5700
2007-03-14,16.5475
2007-03-15,16.4975
2007-03-16,16.4925
2007-03-17,16.4775
2007-03-18,16.4650
2007-03-19,16.5275
2007-03-20,16.5375
2007-03-21,16.4575
2007-03-22,16.4150
2007-03-23,16.4000
2007-03-24,16.3875
2007-03-25,16.3700
2007-03-26,16.3450
2007-03-27,16.3325
2007-03-28,16.3200
2007-03-29,16.3150
2007-03-30,16.3200
2007-03-31,16.3075
2007-04-01,16.2825
2007-04-02,16.2475
2007-04-03,16.2200
2007-04-04,16.2173
2007-04-05,0.0000
2007-04-06,16.1900
2007-04-07,16.1742
2007-04-08,16.1558
2007-04-09,16.1525
2007-04-10,16.1408
2007-04-11,16.1229
2007-04-12,16.1117
2007-04-13,16.1008
2007-04-14,16.0954
2007-04-15,16.0787
2007-04-16,16.0650
2007-04-17,16.0529
2007-04-18,16.0383
2007-04-19,16.0250
2007-04-20,16.0200
2007-04-21,16.0021
2007-04-22,15.9950
2007-04-23,15.9863
2007-04-24,15.9808
2007-04-25,15.9671
2007-04-26,15.9558
2007-04-27,15.9396
2007-04-28,15.9238
2007-04-29,15.9150
2007-04-30,15.9050
2007-05-01,15.8954
2007-05-02,15.8796
2007-05-03,15.8692
2007-05-04,15.8542
2007-05-05,15.8375
2007-05-06,15.8171
2007-05-07,15.8083
2007-05-08,15.8196
2007-05-09,15.8746
2007-05-10,15.9108
2007-05-11,15.9408
2007-05-12,15.9733
2007-05-13,16.0079
2007-05-14,16.0279
2007-05-15,16.0242
2007-05-16,16.0396
2007-05-17,16.0613
2007-05-18,16.0721
2007-05-19,16.0691
2007-05-20,16.0846
2007-05-21,16.0858
2007-05-22,16.0767
2007-05-23,0.0000
2007-05-24,16.0446
2007-05-25,16.0321
2007-05-26,16.0250
2007-05-27,16.0217
2007-05-28,16.0262
2007-05-29,16.0204
2007-05-30,16.0142
2007-05-31,15.9958
2007-06-01,15.9746
2007-06-02,15.9596
2007-06-03,15.9346
2007-06-04,15.9217
2007-06-05,15.9079
2007-06-06,15.8846
2007-06-07,15.8742
2007-06-08,15.8625
2007-06-09,15.8500
2007-06-10,15.8350
2007-06-11,15.8308
2007-06-12,15.8263
2007-06-13,15.8192
2007-06-14,15.8167
2007-06-15,15.7996
2007-06-16,15.7917
2007-06-17,15.7992
2007-06-18,15.8108
2007-06-19,15.8221
2007-06-20,15.8333
2007-06-21,15.8380
2007-10-17,15.8508
2007-10-18,15.8475
2007-10-19,15.8292
2007-10-20,15.8221
2007-10-21,15.8175
2007-10-22,15.8200
2007-10-23,15.8154
2007-10-24,15.8121
2007-10-25,15.8046
2007-10-26,15.7963
2007-10-27,15.7925
2007-10-28,15.7850
2007-10-29,15.7846
2007-10-30,15.7921
2007-10-31,15.8312
2007-11-01,15.8317
2007-11-02,15.8229
2007-11-03,15.8200
2007-11-04,15.8267
2007-11-05,15.8275
2007-11-06,15.8325
2007-11-07,15.8283
2007-11-08,15.8367
2007-11-09,15.8454
2007-11-10,15.8588
2007-11-11,15.8942
2007-11-12,15.9508
2007-11-13,15.9725
2007-11-14,15.9979
2007-11-15,15.9992
2007-11-16,15.9900
2007-11-17,15.9908
2007-11-18,15.9925
2007-11-19,16.0054
2007-11-20,15.9979
2007-11-21,15.9875
2007-11-22,15.9838
2007-11-23,15.9779
2007-11-24,15.9558
2007-11-25,15.9467
2007-11-26,0.0000
2007-11-27,15.9383
2007-11-28,15.9354
2007-11-29,15.9483
2007-11-30,15.9596
2007-12-01,15.9496
2007-12-02,15.9767
2007-12-03,16.0196
2007-12-04,16.0658
2007-12-05,16.0887
2007-12-06,16.1129
2007-12-07,16.1325
2007-12-08,16.2058
2007-12-09,16.2442
2007-12-10,16.3063
2007-12-11,16.3100
2007-12-12,16.2917
2007-12-13,16.2779
2007-12-14,16.2696
2007-12-15,16.2612
2007-12-16,16.2475
2007-12-17,16.2187
2007-12-18,16.1962
2007-12-19,16.1713
2007-12-20,16.1446
2007-12-21,16.1354
2007-12-22,16.1304
2007-12-23,16.1208
2007-12-24,16.1033
2007-12-25,16.1000
2007-12-26,16.1175
2007-12-27,16.0983
2007-12-28,16.1017
2007-12-29,16.1138
2007-12-30,16.1304
2007-12-31,16.1079
2008-01-01,16.0971
2008-01-02,16.1017
2008-01-03,16.1063
2008-01-04,16.1167
2008-01-05,16.0992
2008-01-06,16.1267
2008-01-07,17.5000
2008-01-08,17.5000
2008-01-09,17.5000
2008-01-10,16.1533
2008-01-11,16.1546
2008-01-12,16.1650
2008-01-13,16.1625
2008-01-14,16.1462
2008-01-15,16.1508
2008-01-16,16.1546
2008-01-17,16.1529
2008-01-18,16.1242
2008-01-19,16.1354
2008-01-20,16.1629
2008-01-21,16.2704
2008-01-22,16.3212
2008-01-23,16.3558
2008-01-24,16.3688
2008-01-30,16.2969
2008-01-31,16.2921
2008-02-01,16.3196
2008-02-02,16.3433
2008-02-03,16.3175
2008-02-04,16.3408
2008-02-05,16.3508
2008-02-06,16.3654
2008-02-07,16.3987
2008-02-08,16.3996
2008-02-09,16.4029
2008-02-10,16.3879
2008-02-11,16.3654
2008-02-12,16.3446
2008-02-13,16.3192
2008-02-14,16.2887
2008-02-15,16.2604
2008-02-16,16.2271
2008-02-17,16.1917
2008-02-18,16.1796
2008-02-19,16.1667
2008-02-20,16.1692
2008-02-21,16.1663
2008-02-22,16.1479
2008-02-23,16.1387
2008-02-24,16.1287
2008-02-25,16.1333
2008-02-26,16.1267
2008-02-27,16.1558
2008-02-28,16.1283
2008-02-29,16.1088
2008-03-01,16.1171
2008-03-02,16.1608
2008-03-03,16.1471
2008-03-04,16.1213
2008-03-05,16.0862
2008-03-06,16.0737
2008-03-07,16.0825
2008-03-08,16.0879
2008-03-09,16.0854
2008-03-10,16.0908
2008-03-11,16.1179
2008-03-12,16.1233
2008-03-13,16.1137
2008-03-14,17.6000
2008-03-15,17.6000
2008-03-16,16.0767
2008-03-17,16.0950
2008-03-18,16.0975
2008-03-19,16.0800
2008-03-20,16.0679
2008-03-21,16.0796
2008-03-22,16.2250
2008-03-23,16.2508
2008-03-24,16.2454
2008-03-25,16.2550
2008-03-26,16.2529
2008-03-27,16.2888
2008-03-28,16.2829
2008-03-29,16.2738
2008-03-30,16.2671
2008-03-31,16.2754
2008-04-01,16.3054
2008-04-02,16.3000
2008-04-03,16.2967
2008-04-04,16.2750
2008-04-05,16.2679
2008-04-06,16.3225
2008-04-07,16.3646
2008-04-08,16.3404
2008-04-09,16.3175
2008-04-10,16.3088
2008-04-11,16.2842
2008-04-12,16.2642
2008-04-13,16.2325
2008-04-14,16.2133
2008-04-15,16.2042
2008-04-16,16.1829
2008-04-17,16.1742
2008-04-18,16.1813
2008-04-19,16.1788
2008-04-20,16.1608
2008-04-21,16.1417
2008-04-22,16.1375
2008-04-23,16.1263
2008-04-24,16.1000
2008-04-25,16.0883
2008-04-26,16.0708
2008-04-27,16.0650
2008-04-28,16.0775
2008-04-29,16.1075
2008-04-30,16.1429
2008-05-01,16.1317
2008-05-02,16.0804
2008-05-03,16.0496
2008-05-04,16.0408
2008-05-05,16.0350
2008-05-06,16.0233
2008-05-07,16.0133
2008-05-08,16.0057
2008-05-19,15.9481
2008-05-20,15.9283
2008-05-21,15.9104
2008-05-22,15.9000
2008-05-23,15.8908
2008-05-24,15.8817
2008-05-25,15.8754
2008-05-26,15.8700
2008-05-27,15.8683
2008-05-28,15.8650
2008-05-29,15.8588
2008-05-30,15.8529
2008-05-31,17.9000
2008-06-01,17.9000
2008-06-02,17.9000
2008-06-03,15.8471
2008-06-04,15.9538
2008-06-05,15.9763
2008-06-06,15.9858
2008-06-07,15.9858
2008-06-08,15.9983
2008-06-09,15.9858
2008-06-10,15.9717
2008-06-11,15.9596
2008-06-12,15.9437
2008-06-13,15.9379
2008-06-14,15.9313
2008-06-15,15.9146
2008-06-16,15.9062
2008-06-17,15.8996
2008-06-18,15.8763
2008-06-19,15.8600
2008-06-20,15.8479
2008-06-21,15.8292
2008-06-22,15.8212
2008-06-23,15.8192
2008-06-24,15.8004
2008-06-25,15.7892
2008-06-26,15.7767
2008-06-27,15.7633
2008-06-28,15.7558
2008-06-29,15.7479
2008-06-30,15.7392
2008-07-01,15.7296
2008-07-02,15.7254
2008-07-03,15.7167
2008-07-04,15.7079
2008-07-05,15.7021
2008-07-06,15.6996
2008-07-07,15.6950
2008-07-08,15.6858
2008-07-09,15.6763
2008-07-10,15.6683
2008-07-11,0.0000
2008-07-12,15.6954
2008-07-13,15.7087
2008-07-14,15.6983
2008-07-15,15.6813
2008-07-16,15.6696
2008-07-17,15.6708
2008-07-18,15.6688
2008-07-19,15.6675
2008-07-20,15.6696
2008-07-21,15.6608
2008-07-22,15.6613
2008-07-23,15.6592
2008-07-24,15.6596
2008-07-25,15.6654
2008-07-26,15.6621
2008-07-27,15.6529
2008-07-28,15.6679
2008-07-29,15.6908
2008-07-30,15.6975
2008-07-31,15.6921
2008-08-01,15.6900
2008-08-02,15.6763
2008-08-03,15.6650
2008-08-04,15.6579
2008-08-05,15.6808
2008-08-06,15.7071
2008-08-07,15.7221
2008-08-08,15.7329
2008-08-09,15.7321
2008-08-10,15.7342
2008-08-11,15.7487
2008-08-12,15.7513
2008-08-13,15.7600
2008-08-14,15.7442
2008-08-15,15.7446
2008-08-16,15.7504
2008-08-17,15.7496
2008-08-18,15.7487
2008-08-19,15.7433
2008-08-20,15.7433
2008-08-21,15.7325
2008-08-22,15.7217
2008-08-23,15.7183
2008-08-24,15.7179
2008-08-25,15.7204
2008-08-26,15.7191
2008-09-05,15.6481
2008-09-06,15.6454
2008-09-07,15.6375
2008-09-08,15.6296
2008-09-09,15.6204
2008-09-10,15.6171
2008-09-11,15.6088
2008-09-12,15.6063
2008-09-13,15.5967
2008-09-14,15.5988
2008-09-15,15.6046
2008-09-16,15.6046
2008-09-17,15.6029
2008-09-18,15.5975
2008-09-19,15.5908
2008-09-20,15.5846
2008-09-21,15.5779
2008-09-22,15.5742
2008-09-23,15.5717
2008-09-24,15.5683
2008-09-25,15.5612
2008-09-26,15.5517
2008-09-27,15.5479
2008-09-28,15.5496
2008-09-29,15.5467
2008-09-30,15.5458
2008-10-01,15.5525
2008-10-02,15.5542
2008-10-03,15.5450
2008-10-04,15.5417
2008-10-05,15.5412
2008-10-06,15.5592
2008-10-07,15.5521
2008-10-08,15.5696
2008-10-09,15.5721
2008-10-10,15.5604
2008-10-11,15.5629
2008-10-12,15.5612
2008-10-13,15.5600
2008-10-14,15.5621
2008-10-15,15.5529
2008-10-16,15.5604
2008-10-17,15.5608
2008-10-18,15.5488
2008-10-19,15.5471
2008-10-20,15.5429
2008-10-21,15.5529
2008-10-22,15.5488
2008-10-23,15.5354
2008-10-24,15.5363
2008-10-25,15.5337
2008-10-26,15.5271
2008-10-27,15.5392
2008-10-28,15.5471
2008-10-29,15.5442
2008-10-30,15.5542
2008-10-31,15.5687
2008-11-01,15.5571
2008-11-02,15.5533
2008-11-03,15.5425
2008-11-04,15.5442
2008-11-05,15.5413
2008-11-06,15.5471
2008-11-07,15.5429
2008-11-08,15.5467
2008-11-09,15.5408
2008-11-10,15.5483
2008-11-11,15.5567
2008-11-12,15.5667
2008-11-13,15.5650
2008-11-14,15.5687
2008-11-15,15.5746
2008-11-16,15.5704
2008-11-17,15.5654
2008-11-18,15.5625
2008-11-19,15.5750
2008-11-20,15.5612
2008-11-21,15.5621
2008-11-22,15.5700
2008-11-23,15.5758
2008-11-24,0.0000
2008-11-25,15.6213
2008-11-26,15.6267
2008-11-27,15.6387
2008-11-28,15.6621
2008-11-29,15.6821
2008-11-30,15.6967
2008-12-01,15.6992
2008-12-02,15.6975
2008-12-03,15.7004
2008-12-04,15.7096
2008-12-05,15.7200
2008-12-06,15.7233
2008-12-07,15.7058
2008-12-08,15.6912
2008-12-09,15.7008
2008-12-10,15.7154
2008-12-11,15.7150
2008-12-12,15.7150
2008-12-13,15.7094
2008-12-16,15.6829
2008-12-17,15.6775
2008-12-18,15.6763
2008-12-19,15.6683
2008-12-20,15.6600
2008-12-21,15.6587
2008-12-22,15.6592
2008-12-23,15.6654
2008-12-24,15.6704
2008-12-25,15.6821
2008-12-26,15.6850
2008-12-27,15.6846
2008-12-28,15.6875
2008-12-29,15.6912
2008-12-30,15.6917
2008-12-31,15.6875
2009-01-01,15.6896
2009-01-02,15.6813
2009-01-03,15.6783
2009-01-04,15.6788
2009-01-05,15.6842
2009-01-06,15.6775
2009-01-07,15.6708
2009-01-08,15.6717
2009-01-09,15.6621
2009-01-10,15.6587
2009-01-11,15.6554
2009-01-12,15.6500
2009-01-13,15.6554
2009-01-14,15.6525
2009-01-15,15.6458
2009-01-16,15.6496
2009-01-17,15.6671
2009-01-18,15.6842
2009-01-19,15.7104
2009-01-20,15.7338
2009-01-21,15.7325
2009-01-22,15.7308
2009-01-23,15.7467
2009-01-24,15.7708
2009-01-25,15.7842
2009-01-26,15.7996
2009-01-27,15.8033
2009-01-28,15.7971
2009-01-29,15.7975
2009-01-30,15.7913
2009-01-31,15.7871
2009-02-01,15.7854
2009-02-02,15.7829
2009-02-03,15.7854
2009-02-04,15.7725
2009-02-05,15.7642
2009-02-06,15.7612
2009-02-07,15.7650
2009-02-08,15.7696
2009-02-09,15.7621
2009-02-10,15.7746
2009-02-11,15.8029
2009-02-12,15.8363
2009-02-13,15.8638
2009-02-14,15.8783
2009-02-15,15.8871
2009-02-16,15.9025
2009-02-17,15.9208
2009-02-18,15.9425
2009-02-19,15.9546
2009-02-20,15.9608
2009-02-21,15.9663
2009-02-22,15.9713
2009-02-23,15.9800
2009-02-24,15.9825
2009-02-25,15.9700
2009-02-26,15.9683
2009-02-27,15.9713
2009-02-28,15.9637
2009-03-01,15.9629
2009-03-02,15.9646
2009-03-03,15.9446
2009-03-04,15.9446
2009-03-05,15.9667
2009-03-06,15.9413
2009-03-07,15.9208
2009-03-08,15.9183
2009-03-09,15.9362
2009-03-10,15.9271
2009-03-11,15.9313
2009-03-12,15.9188
2009-03-13,15.9292
2009-03-14,15.9338
2009-03-15,15.9421
2009-03-16,15.9213
2009-03-17,0.0000
2009-03-18,15.9083
2009-03-19,15.9075
2009-03-20,15.9029
2009-03-21,15.8912
2009-03-22,15.8921
2009-03-23,15.8925
2009-03-24,15.9150
2009-03-25,15.9025
2009-03-26,15.9158
2009-03-27,15.9246
2009-03-28,15.9437
2009-03-29,15.9575
2009-03-30,15.9608
2009-03-31,15.9588
2009-04-01,15.9567
2009-04-02,15.9521
2009-04-03,15.9479
2009-04-04,15.9392
2009-04-05,15.9208
2009-04-06,15.9037
2009-04-07,15.9050
2009-04-08,15.9000
2009-04-09,15.8871
2009-04-10,15.8750
2009-04-11,15.8746
2009-04-12,15.8625
2009-04-13,15.8533
2009-04-14,15.8513
2009-04-15,15.8446
2009-04-16,15.8400
2009-04-17,15.8400
2009-04-18,15.8542
2009-04-19,15.8638
2009-04-20,15.8579
2009-04-21,15.8517
2009-04-22,15.8471
2009-04-23,15.8400
2009-04-24,15.8329
2009-04-25,15.8275
2009-04-26,15.8300
2009-04-27,15.8200
2009-04-28,15.8208
2009-04-29,15.8154
2009-04-30,15.7992
2009-05-01,15.7821
2009-05-02,15.7692
2009-05-03,15.7562
2009-05-04,15.7496
2009-05-05,15.7379
2009-05-06,15.7321
2009-05-07,15.7254
2009-05-08,15.7142
2009-05-09,15.7104
2009-05-10,15.6942
2009-05-11,15.6838
2009-05-12,15.6750
2009-05-13,15.5246
2009-05-14,17.3000
2009-05-15,17.3000
2009-05-16,17.3000
2009-05-17,15.6029
2009-05-18,15.6138
2009-05-19,15.6167
2009-05-20,15.6113
2009-05-21,15.6071
2009-05-22,15.6100
2009-05-23,15.6063
2009-05-24,15.5971
2009-05-25,15.5942
2009-05-26,15.5896
2009-05-27,15.5946
2009-05-28,15.5783
2009-05-29,15.4237
2009-05-30,15.1104
2009-05-31,15.2633
2009-06-01,15.4533
2009-06-02,15.5029
2009-06-03,15.5133
2009-06-04,15.5142
2009-06-05,15.5112
2009-06-06,15.5111
2009-06-16,15.5806
2009-06-17,15.5833
2009-06-18,15.5908
2009-06-19,15.5975
2009-06-20,15.5950
2009-06-21,15.5867
2009-06-22,15.5804
2009-06-23,15.5679
2009-06-24,15.5600
2009-06-25,15.5579
2009-06-26,15.5529
2009-06-27,15.5392
2009-06-28,15.5137
2009-06-29,15.4917
2009-06-30,15.3825
2009-07-01,15.1396
2009-07-02,15.0671
2009-07-03,15.2896
2009-07-04,15.3862
2009-07-05,15.4471
2009-07-06,0.0000
2009-07-07,15.5146
2009-07-08,15.5217
2009-07-09,15.5208
2009-07-10,15.5142
2009-07-11,15.5117
2009-07-12,15.5092
2009-07-13,15.5083
2009-07-14,15.5037
2009-07-15,15.5029
2009-07-16,15.4921
2009-07-17,15.4817
2009-07-18,15.4896
2009-07-19,15.4796
2009-07-20,15.4675
2009-07-21,15.4621
2009-07-22,15.4583
2009-07-23,15.4529
2009-07-24,15.4433
2009-07-25,15.4450
2009-07-26,15.4558
2009-07-27,15.4746
2009-07-28,15.4888
2009-07-29,15.4813
2009-07-30,15.4858
2009-07-31,15.4767
2009-08-01,15.4642
2009-08-02,15.4708
2009-08-03,15.4629
2009-08-04,15.4529
2009-08-05,15.4450
2009-08-06,15.3842
2009-08-07,15.2296
2009-08-08,15.1629
2009-08-09,15.2942
2009-08-10,15.3592
2009-08-11,15.3800
2009-08-12,17.8000
2009-08-13,17.8000
2009-08-14,17.8000
2009-08-15,15.3696
2009-08-16,15.3783
2009-08-17,15.3783
2009-08-18,15.3787
2009-08-19,15.3158
2009-08-20,15.2529
2009-08-21,15.2792
2009-08-22,15.3333
2009-08-23,15.3354
2009-08-24,15.3379
2009-08-25,15.2492
2009-08-26,15.0658
2009-08-27,15.2779
2009-08-28,15.3029
2009-08-29,15.3100
2009-08-30,15.3042
2009-08-31,15.3042
2009-09-01,15.3063
2009-09-02,15.3079
2009-09-03,15.3033
2009-09-04,15.3079
2009-09-05,15.2958
2009-09-06,15.2867
2009-09-07,15.2833
2009-09-08,15.2829
2009-09-09,15.1921
2009-09-10,15.1325
2009-09-11,15.2367
2009-09-12,15.2458
2009-09-13,15.2425
2009-09-14,15.2408
2009-09-15,15.2392
2009-09-16,15.2375
2009-09-17,15.2333
2009-09-18,15.2313
2009-09-19,15.2300
2009-09-20,15.2263
2009-09-21,15.2221
2009-09-22,15.2171
2009-09-23,15.2121
2009-10-12,15.2753
2009-10-13,15.2946
2009-10-14,15.3171
2009-10-15,15.3358
2009-10-16,15.3529
2009-10-17,15.3629
2009-10-18,15.3713
2009-10-19,15.3783
2009-10-20,15.3837
2009-10-21,15.3937
2009-10-22,15.3958
2009-10-23,15.3954
2009-10-24,15.3879
2009-10-25,15.3883
2009-10-26,15.3858
2009-10-27,15.3833
2009-10-28,0.0000
2009-10-29,15.3717
2009-10-30,15.3596
2009-10-31,15.3546
2009-11-01,15.3467
2009-11-02,15.3542
2009-11-03,15.3579
2009-11-04,15.3646
2009-11-05,15.3708
2009-11-06,15.3804
2009-11-07,15.3975
2009-11-08,15.4196
2009-11-09,15.4342
2009-11-10,15.4467
2009-11-11,15.4587
2009-11-12,15.4667
2009-11-13,15.4800
2009-11-14,15.4833
2009-11-15,15.4904
2009-11-16,15.4900
2009-11-17,15.4967
2009-11-18,15.4963
2009-11-19,15.4933
2009-11-20,15.4875
2009-11-21,15.4917
2009-11-22,15.4875
2009-11-23,15.4992
2009-11-24,15.5058
2009-11-25,15.5329
2009-11-26,15.5825
2009-11-27,15.6096
2009-11-28,15.6437
2009-11-29,15.6792
2009-11-30,15.7192
2009-12-01,15.7500
2009-12-02,15.7625
2009-12-03,15.7792
2009-12-04,15.7913
2009-12-05,15.7975
2009-12-06,15.8121
2009-12-07,15.8392
2009-12-08,15.8629
2009-12-09,15.8737
2009-12-10,15.8854
2009-12-11,15.9071
2009-12-12,15.9479
2009-12-13,15.9696
2009-12-14,15.9883
2009-12-15,15.9929
2009-12-16,15.9942
2009-12-17,15.9967
2009-12-18,15.9883
2009-12-19,15.9717
2009-12-20,15.9625
2009-12-21,15.9708
2009-12-22,15.9542
2009-12-23,15.9567
2009-12-24,15.9358
2009-12-25,15.9429
2009-12-26,15.9446
2009-12-27,15.9883
2009-12-28,16.0313
2009-12-29,16.0504
2009-12-30,16.0704
2009-12-31,16.0950
2010-01-01,16.1342
2010-01-02,16.1471
2010-01-03,16.1362
2010-01-04,16.1308
2010-01-05,16.1392
2010-01-06,16.1471
2010-01-07,16.1362
2010-01-08,16.1146
2010-01-09,16.0917
2010-01-10,16.0929
2010-01-11,16.0833
2010-01-12,16.0737
2010-01-13,16.0837
2010-01-14,16.0879
2010-01-15,16.0625
2010-01-16,16.0325
2010-01-17,16.0504
2010-01-18,16.0750
2010-01-19,16.1077
2010-01-25,0.0000
2010-01-26,16.0475
2010-01-27,16.0246
2010-01-28,16.0371
2010-01-29,16.0471
2010-01-30,16.0779
2010-01-31,16.0696
2010-02-01,16.0521
2010-02-02,16.0412
2010-02-03,16.0583
2010-02-04,16.1321
2010-02-05,16.1825
2010-02-06,16.2096
2010-02-07,16.2083
2010-02-08,16.2104
2010-02-09,16.2208
2010-02-10,16.2042
2010-02-11,16.1775
2010-02-12,16.1521
2010-02-13,16.1325
2010-02-14,16.1221
2010-02-15,16.1192
2010-02-16,16.1200
2010-02-17,16.1204
2010-02-18,16.1167
2010-02-19,16.0950
2010-02-20,16.1046
2010-02-21,16.0979
2010-02-22,16.0929
2010-02-23,16.1154
2010-02-24,16.1504
2010-02-25,16.1796
2010-02-26,16.2204
2010-02-27,16.2363
2010-02-28,0.0000
2010-03-01,16.2692
2010-03-02,16.2821
2010-03-03,16.2758
2010-03-04,16.2817
2010-03-05,16.2717
2010-03-06,16.2671
2010-03-07,16.2892
2010-03-08,16.2529
2010-03-09,16.2446
2010-03-10,16.2279
2010-03-11,16.2196
2010-03-12,16.2150
2010-03-13,16.2071
2010-03-14,16.1838
2010-03-15,16.1775
2010-03-16,16.1654
2010-03-17,16.1829
2010-03-18,16.1783
2010-03-19,16.1629
2010-03-20,16.1479
2010-03-21,16.1588
2010-03-22,16.2292
2010-03-23,16.2717
2010-03-24,16.2863
2010-03-25,16.2958
2010-03-26,16.2879
2010-03-27,16.2838
2010-03-28,16.2950
2010-03-29,16.2675
2010-03-30,16.3037
2010-03-31,16.3217
2010-04-01,16.2883
2010-04-02,16.2475
2010-04-03,16.2325
2010-04-04,16.2354
2010-04-05,16.2867
2010-04-06,16.2867
2010-04-07,16.2921
2010-04-08,16.2746
2010-04-09,16.2383
2010-04-10,16.2142
2010-04-11,16.1962
2010-04-12,16.1800
2010-04-13,16.1638
2010-04-14,16.1454
2010-04-15,16.1238
2010-04-16,16.1012
2010-04-17,16.0787
2010-04-18,16.0692
2010-04-19,16.0629
2010-04-20,16.0413
2010-04-21,16.0296
2010-04-22,16.0117
2010-04-23,15.9996
2010-04-24,15.9917
2010-04-25,15.9775
2010-04-26,15.9725
2010-04-27,15.8142
2010-04-28,15.8979
2010-04-29,15.9429
2010-04-30,15.9496
2010-05-01,15.9313
2010-05-02,15.9204
2010-05-03,15.9183
2010-05-04,15.9288
2010-05-05,15.9158
2010-05-06,15.9146
2010-05-07,17.9000
2010-05-08,17.9000
2010-05-09,17.9000
2010-05-10,15.8917
2010-05-11,15.8804
2010-05-12,15.8771
2010-05-13,15.9608
2010-05-14,15.9833
2010-05-15,15.9846
2010-05-16,15.9846
2010-05-17,15.9700
2010-05-18,15.9542
2010-05-19,15.9688
2010-05-20,15.9600
2010-05-21,15.9412
2010-05-22,15.9242
2010-05-23,15.8125
2010-05-24,15.8742
2010-05-25,15.8854
2010-05-26,15.7917
2010-05-27,15.8379
2010-05-28,15.8504
2010-05-29,15.8375
2010-05-30,15.8317
2010-05-31,15.8371
2010-06-01,15.8283
2010-06-02,15.8233
2010-06-03,15.8133
2010-06-04,15.8054
2010-06-05,15.7971
2010-06-06,15.7037
2010-06-07,15.7587
2010-06-08,15.7712
2010-06-09,15.7712
2010-06-10,15.7637
2010-06-11,15.7583
2010-06-12,15.7458
2010-06-13,15.6163
2010-06-14,15.6946
2010-06-15,15.5846
2010-06-16,0.0000
2010-06-17,15.6317
2010-06-18,15.6525
2010-06-19,15.6575
2010-06-20,15.6575
2010-06-21,15.6446
2010-06-22,15.4683
2010-06-23,15.1996
2010-06-24,15.4004
2010-06-25,15.5138
2010-06-26,15.5650
2010-06-27,15.4058
2010-06-28,15.4650
2010-06-29,15.5050
2010-06-30,15.3387
2010-07-01,15.4700
2010-07-02,15.4033
2010-07-03,15.1942
2010-07-04,15.4063
2010-07-05,15.4362
2010-07-06,15.4412
2010-07-07,15.4250
2010-07-08,15.4258
2010-07-09,15.1825
2010-07-10,15.3471
2010-07-11,15.3733
2010-07-12,15.3729
2010-07-13,15.3733
2010-07-14,15.3625
2010-07-15,15.3583
2010-07-16,15.3483
2010-07-17,15.3508
2010-07-18,15.3458
2010-07-19,15.3442
2010-07-20,15.3446
2010-07-21,15.1275
2010-07-22,15.1679
2010-07-23,15.2854
2010-07-24,15.2942
2010-07-25,15.2875
2010-07-26,15.2892
2010-07-27,15.2867
2010-07-28,15.2821
2010-07-29,15.2858
2010-07-30,15.2858
2010-07-31,15.2842
2010-08-01,15.2850
2010-08-02,15.2879
2010-08-03,15.2875
2010-08-04,15.2904
2010-08-05,15.2921
2010-08-06,15.2854
2010-08-07,15.2787
2010-08-08,15.2800
2010-08-09,15.2779
2010-08-10,15.2787
2010-08-11,15.2846
2010-08-12,15.2844
2010-08-29,15.3388
2010-08-30,15.3692
2010-08-31,15.4004
2010-09-01,0.0000
2010-09-02,15.4829
2010-09-03,15.5042
2010-09-04,15.5150
2010-09-05,15.5275
2010-09-06,15.5350
2010-09-07,15.5433
2010-09-08,15.5504
2010-09-09,15.5567
2010-09-10,15.5579
2010-09-11,15.5621
2010-09-12,15.5683
2010-09-13,15.5675
2010-09-14,15.5717
2010-09-15,15.5837
2010-09-16,15.5879
2010-09-17,15.5942
2010-09-18,15.6013
2010-09-19,15.6054
2010-09-20,15.6079
2010-09-21,15.6083
2010-09-22,15.6025
2010-09-23,15.6046
2010-09-24,15.6100
2010-09-25,15.6096
2010-09-26,15.6063
2010-09-27,15.6025
2010-09-28,15.6004
2010-09-29,15.5962
2010-09-30,15.6033
2010-10-01,15.6104
2010-10-02,15.6129
2010-10-03,15.6163
2010-10-04,15.6300
2010-10-05,15.6417
2010-10-06,15.6421
2010-10-07,15.6392
2010-10-08,15.6308
2010-10-09,15.6354
2010-10-10,15.6342
2010-10-11,15.6333
2010-10-12,15.6254
2010-10-13,15.6196
2010-10-14,15.6154
2010-10-15,15.6071
2010-10-16,15.6071
2010-10-17,15.5967
2010-10-18,15.5813
2010-10-19,15.5792
2010-10-20,15.5846
2010-10-21,15.5708
2010-10-22,15.5646
2010-10-23,15.5708
2010-10-24,15.5850
2010-10-25,15.5762
2010-10-26,15.5633
2010-10-27,15.5638
2010-10-28,15.5725
2010-10-29,15.5787
2010-10-30,15.5971
2010-10-31,15.6100
2010-11-01,15.6129
2010-11-02,15.6058
2010-11-03,15.6125
2010-11-04,15.6158
2010-11-05,15.6121
2010-11-06,15.6146
2010-11-07,15.6263
2010-11-08,15.6500
2010-11-09,15.6775
2010-11-10,15.6829
2010-11-11,17.1000
2010-11-12,17.1000
2010-11-13,17.1000
2010-11-14,15.8413
2010-11-15,16.0087
2010-11-16,16.1175
2010-11-17,16.1633
2010-11-18,16.1937
2010-11-19,16.1933
2010-11-20,16.1800
2010-11-21,16.1717
2010-11-22,16.1713
2010-11-23,16.1596
2010-11-24,16.1475
2010-11-25,16.1358
2010-11-26,16.1304
2010-11-27,16.1117
2010-11-28,16.0992
2010-11-29,16.0792
2010-11-30,16.0579
2010-12-01,16.0421
2010-12-02,16.0396
2010-12-03,16.0183
2010-12-04,16.0046
2010-12-05,15.9975
2010-12-06,16.0208
2010-12-07,16.0525
2010-12-08,16.0454
2010-12-09,16.0342
2010-12-10,16.0033
2010-12-11,16.0087
2010-12-12,16.0721
2010-12-13,16.0858
2010-12-14,16.0696
2010-12-15,16.0467
2010-12-16,16.0429
2010-12-17,16.0783
2010-12-18,16.0988
2010-12-19,16.0887
2010-12-20,16.0829
2010-12-21,16.0479
2010-12-22,16.0467
2010-12-23,16.0446
2010-12-24,16.0417
2010-12-25,16.0287
2010-12-26,16.0108
2010-12-27,16.0171
2010-12-28,16.0267
2010-12-29,16.0392
2010-12-30,16.0325
2010-12-31,16.0333
2011-01-01,16.0317
2011-01-02,16.0537
2011-01-03,16.0908
2011-01-04,16.0975
2011-01-05,16.1000
2011-01-06,16.1050
2011-01-07,16.1229
2011-01-08,16.1821
2011-01-09,16.2346
2011-01-10,16.2471
2011-01-11,16.2475
2011-01-12,16.2642
2011-01-13,16.2642
2011-01-14,16.3388
2011-01-15,16.4246
2011-01-16,16.4642
2011-01-17,16.4729
2011-01-18,16.4700
2011-01-19,16.4758
2011-01-20,16.4862
2011-01-21,16.4913
2011-01-22,0.0000
2011-01-23,16.4721
2011-01-24,16.4654
2011-01-25,16.4517
2011-01-26,16.4600
2011-01-27,16.4079
2011-01-28,16.3375
2011-01-29,16.2979
2011-01-30,16.2642
2011-01-31,16.2271
2011-02-01,16.2079
2011-02-02,16.1900
2011-02-03,16.1879
2011-02-04,16.2329
2011-02-05,16.2558
2011-02-06,16.2192
2011-02-07,16.1921
2011-02-08,16.1938
2011-02-09,16.1571
2011-02-10,16.1621
2011-02-11,16.1825
2011-02-12,16.2238
2011-02-13,16.3288
2011-02-14,16.3775
2011-02-15,16.3896
2011-02-16,16.4483
2011-02-17,16.4263
2011-02-18,16.3842
2011-02-19,16.3433
2011-02-20,16.3337
2011-02-21,16.3067
2011-02-22,16.2862
2011-02-23,16.2513
2011-02-24,16.2387
2011-02-25,16.2687
2011-02-26,16.2754
2011-02-27,16.3196
2011-02-28,16.3400
2011-03-01,16.3775
2011-03-02,16.3596
2011-03-03,16.3496
2011-03-04,16.3218
2011-10-28,15.4982
2011-10-29,15.4838
2011-10-30,15.4800
2011-10-31,15.4800
2011-11-01,17.5000
2011-11-02,17.5000
2011-11-03,17.5000
2011-11-04,17.5000
2011-11-05,15.4963
2011-11-06,15.4821
2011-11-07,15.4646
2011-11-08,15.4587
2011-11-09,15.4537
2011-11-10,15.4475
2011-11-11,15.4400
2011-11-12,15.4400
2011-11-13,15.4329
2011-11-14,15.4300
2011-11-15,15.4388
2011-11-16,15.4408
2011-11-17,15.4417
2011-11-18,15.4412
2011-11-19,15.4400
2011-11-20,15.4408
2011-11-21,15.4408
2011-11-22,15.4475
2011-11-23,15.4442
2011-11-24,15.4362
2011-11-25,15.4317
2011-11-26,15.4371
2011-11-27,15.4283
2011-11-28,15.4325
2011-11-29,15.4200
2011-11-30,15.4250
2011-12-01,15.4100
2011-12-02,15.4196
2011-12-03,15.4050
2011-12-04,15.4117
2011-12-05,15.4100
2011-12-06,15.4017
2011-12-07,15.4025
2011-12-08,15.4108
2011-12-09,15.4125
2011-12-10,15.4262
2011-12-11,15.4304
2011-12-12,15.4446
2011-12-13,15.4583
2011-12-14,15.4758
2011-12-15,15.4779
2011-12-16,15.4983
2011-12-17,15.5383
2011-12-18,15.5792
2011-12-19,15.6079
2011-12-20,15.6354
2011-12-21,15.6613
2011-12-22,15.6858
2011-12-23,15.7067
2011-12-24,0.0000
2011-12-25,15.7446
2011-12-26,15.7629
2011-12-27,15.7696
2011-12-28,15.7808
2011-12-29,15.7963
2011-12-30,15.8013
2011-12-31,15.8079
2012-01-01,15.8250
2012-01-02,15.8492
2012-01-03,15.8754
2012-01-04,15.9075
2012-01-05,15.9437
2012-01-06,16.0033
2012-01-07,16.0421
2012-01-08,16.0829
2012-01-09,16.0942
2012-01-10,16.1108
2012-01-11,16.1088
2012-01-12,16.1050
2012-01-13,16.1104
2012-01-14,16.0908
2012-01-15,16.0800
2012-01-16,16.0746
2012-01-17,16.0592
2012-01-18,16.0438
2012-01-19,16.0404
2012-01-20,16.1012
2012-01-21,16.1638
2012-01-22,16.2083
2012-01-23,16.2267
2012-01-24,16.2292
2012-01-25,16.2246
2012-01-26,16.2242
2012-01-27,16.2238
2012-01-28,16.2017
2012-01-29,16.1754
2012-01-30,16.1583
2012-01-31,16.1500
2012-02-01,16.1329
2012-02-02,16.1000
2012-02-03,16.0696
2012-02-04,16.0404
2012-02-05,16.0267
2012-02-06,16.0187
2012-02-07,15.9992
2012-02-08,15.9758
2012-02-09,15.9667
2012-02-10,15.9542
2012-02-11,15.9358
2012-02-12,15.9233
2012-02-13,15.9163
2012-02-14,0.0000
2012-02-15,15.9246
2012-02-16,15.9196
2012-02-17,15.9104
2012-02-18,15.9321
2012-02-19,15.9942
2012-02-20,16.0529
2012-02-21,16.0558
2012-02-22,16.0658
2012-02-23,16.0742
2012-02-24,16.0779
2012-02-25,16.0712
2012-02-26,16.0771
2012-02-27,16.0629
2012-02-28,16.0608
2012-02-29,16.0600
2012-03-01,16.0542
2012-03-02,16.0412
2012-03-03,16.0308
2012-03-04,16.0279
2012-03-05,16.0333
2012-03-06,16.0858
2012-03-07,16.0421
2012-03-08,16.0554
2012-03-09,16.0629
2012-03-10,16.0421
2012-03-11,16.0329
2012-03-12,16.0225
2012-03-13,16.0162
2012-03-14,16.0075
2012-03-15,16.0071
2012-03-16,16.0137
2012-03-17,16.0167
2012-03-18,16.0162
2012-03-19,16.0100
2012-03-20,15.9775
2012-03-21,15.9813
2012-03-22,15.9813
2012-03-23,15.9804
2012-03-24,0.0000
2012-03-25,15.9554
2012-03-26,15.9329
2012-03-27,15.9175
2012-03-28,15.9087
2012-03-29,15.9071
2012-03-30,15.9025
2012-03-31,15.8996
2012-04-01,15.8954
2012-04-02,15.8867
2012-04-03,15.8946
2012-04-04,15.8983
2012-04-05,15.8821
2012-04-06,15.8962
2012-04-07,15.9138
2012-04-08,15.9108
2012-04-09,15.9050
2012-04-10,15.9412
2012-04-11,15.9817
2012-04-12,16.0142
2012-04-13,16.0079
2012-04-14,16.0029
2012-04-15,15.9983
2012-04-16,15.9800
2012-04-17,15.9696
2012-04-18,15.9904
2012-04-19,16.0087
2012-04-20,16.0175
2012-04-21,16.0029
2012-04-22,16.0042
2012-04-23,16.0217
2012-04-24,16.0450
2012-04-25,16.0412
2012-04-26,16.0304
2012-04-27,16.0167
2012-04-28,15.9867
2012-04-29,15.9867
2012-04-30,15.9867
2012-05-01,15.9617
2012-05-02,15.9529
2012-05-03,15.9567
2012-05-04,15.9688
2012-05-05,15.9662
2012-05-06,15.9450
2012-05-07,15.9367
2012-05-08,15.9275
2012-05-09,15.9379
2012-05-10,15.9246
2012-05-11,15.9275
2012-05-12,15.9204
2012-05-13,15.8992
2012-05-14,15.9067
2012-05-15,15.9204
2012-05-16,15.9167
2012-05-17,15.8921
2012-05-18,15.9029
2012-05-19,15.9117
2012-05-20,15.8908
2012-05-21,15.8871
2012-05-22,15.8829
2012-05-23,15.8625
2012-05-24,15.8687
2012-05-25,16.0604
2012-05-26,16.1083
2012-05-27,16.1208
2012-05-28,16.1175
2012-05-29,16.0979
2012-05-30,16.0717
2012-05-31,16.0433
2012-06-01,16.0212
2012-06-02,16.0067
2012-06-03,15.9958
2012-06-04,16.0250
2012-06-05,16.0758
2012-06-06,16.1154
2012-06-07,16.1546
2012-06-08,16.1758
2012-06-09,16.2104
2012-06-10,16.1908
2012-06-11,16.1842
2012-06-12,16.1875
2012-06-13,16.2071
2012-06-14,16.1775
2012-06-15,16.1533
2012-06-16,16.1658
2012-06-17,16.2021
2012-06-18,16.2146
2012-06-19,16.2192
2012-06-20,16.2063
2012-06-21,16.1962
2012-06-22,16.1921
2012-06-23,16.1867
2012-06-24,16.1521
2012-06-25,16.1746
2012-06-26,16.1733
2012-06-27,17.6000
2012-06-28,17.6000
2012-06-29,17.6000
2012-06-30,17.6000
2012-07-01,16.0733
2012-07-02,16.0417
2012-07-03,16.0254
2012-07-04,16.0075
2012-07-05,15.9913
2012-07-06,15.9725
2012-07-07,15.9579
2012-07-08,15.9388
2012-07-09,15.9392
2012-07-10,15.9446
2012-07-11,15.9383
2012-07-12,15.9296
2012-07-13,15.9733
2012-07-14,16.0167
2012-07-15,16.0300
2012-07-16,16.0300
2012-07-17,16.0150
2012-07-18,16.0512
2012-07-19,16.0675
2012-07-20,16.0625
2012-07-21,16.0396
2012-07-22,16.0083
2012-07-23,15.9808
2012-07-24,15.9679
2012-07-25,15.9508
2012-07-26,15.9250
2012-07-27,15.9067
2012-07-28,15.9062
2012-07-29,16.0571
2012-07-30,16.1125
2012-07-31,16.1208
2012-08-01,16.1304
2012-08-02,16.1329
2012-08-03,16.1071
2012-08-04,16.0858
2012-08-05,16.0708
2012-08-06,16.0554
2012-08-07,16.0362
2012-08-08,16.0142
2012-08-09,15.9938
2012-08-10,15.9704
2012-08-11,15.9517
2012-08-12,15.9492
2012-08-13,15.9462
2012-08-14,15.9342
2012-08-15,15.9233
2012-08-16,15.9167
2012-08-17,15.8896
2012-08-18,15.7479
2012-08-19,15.8362
2012-08-20,15.8367
2012-08-21,15.8250
2012-08-22,15.8267
2012-08-23,15.8171
2012-08-24,15.8117
2012-08-25,15.8121
2012-08-26,15.8075
2012-08-27,15.7971
2012-08-28,15.8146
2012-08-29,15.8112
2012-08-30,15.7996
2012-08-31,15.7913
2012-09-01,15.7767
2012-09-02,15.7717
2012-09-03,15.7700
2012-09-04,15.7642
2012-09-05,15.7612
2012-09-06,15.7517
2012-09-07,15.7492
2012-09-08,0.0000
2012-09-09,15.7400
2012-09-10,15.7400
2012-09-11,15.7342
2012-09-12,15.7288
2012-09-13,15.7254
2012-09-14,15.7188
2012-09-15,15.7263
2012-09-16,15.7133
2012-09-17,15.7188
2012-09-18,15.7121
2012-09-19,15.7079
2012-09-20,15.7004
2012-09-21,15.7000
2012-09-22,15.7079
2012-09-23,15.6946
2012-09-24,15.7033
2012-09-25,15.7567
2012-09-26,15.7879
2012-09-27,15.7975
2012-09-28,15.8071
2012-09-29,15.8408
2012-09-30,15.8500
2012-10-01,15.8504
2012-10-02,15.7988
2012-10-03,15.6792
2012-10-04,15.6888
2012-10-05,15.7321
2012-10-06,15.7712
2012-10-07,15.7971
2012-10-08,15.8088
2012-10-09,15.8225
2012-10-10,15.8225
2012-10-11,15.8287
2012-10-12,15.8375
2012-10-13,15.8542
2012-10-14,15.8846
2012-10-15,15.9179
2012-10-16,15.9092
2012-10-17,15.9175
2012-10-18,15.9342
2012-10-19,15.9396
2012-10-20,15.9288
2012-10-21,15.9133
2012-10-22,15.9138
2012-10-23,15.9062
2012-10-24,15.8987
2012-10-25,15.9000
2012-10-26,15.9037
2012-10-27,15.9054
2012-10-28,15.8892
2012-10-29,15.8704
2012-10-30,15.8796
2012-10-31,15.9225
2012-11-01,15.9446
2012-11-02,15.9579
2012-11-03,15.9458
2012-11-04,15.9437
2012-11-05,15.9596
2012-11-06,15.9629
2012-11-07,15.9446
2012-11-08,15.9567
2012-11-09,15.9713
2012-11-10,15.9763
2012-11-11,15.9904
2012-11-12,0.0000
2012-11-13,15.9292
2012-11-14,15.9179
2012-11-15,15.9204
2012-11-16,15.9204
2012-11-17,15.9279
2012-11-18,15.9350
2012-11-19,15.9296
2012-11-20,15.9346
2012-11-21,15.9304
2012-11-22,15.9333
2012-11-23,15.9108
2012-11-24,15.9208
2012-11-25,15.9317
2012-11-26,15.9525
2012-11-27,15.9546
2012-11-28,15.9592
2012-11-29,15.9467
2012-11-30,15.9379
2012-12-01,15.9258
2012-12-02,15.9229
2012-12-03,15.9400
2012-12-04,15.9608
2012-12-05,15.9983
2012-12-06,15.9992
2012-12-07,15.9783
2012-12-08,15.9971
2012-12-09,15.9517
2012-12-10,16.0113
2012-12-11,16.0700
2012-12-12,16.0767
2012-12-13,16.1000
2012-12-14,16.1150
2012-12-15,16.1500
2012-12-16,16.1813
2012-12-17,16.1933
2012-12-18,16.2096
2012-12-19,16.2225
2012-12-20,16.2179
2012-12-21,16.2467
2012-12-22,16.2846
2012-12-23,16.3096
2012-12-24,16.4075
2012-12-25,16.4846
2012-12-26,16.5238
2012-12-27,16.5467
2012-12-28,16.5538
2012-12-29,16.5388
2012-12-30,16.5596
2012-12-31,16.5279
2013-01-01,16.5229
2013-01-02,16.5517
2013-01-03,16.5417
2013-01-04,16.5208
2013-01-05,16.5033
2013-01-06,16.4946
2013-01-07,16.4875
2013-01-08,16.4696
2013-01-09,16.4508
2013-01-10,16.6033
2013-01-11,16.7463
2013-01-12,16.7179
2013-01-13,16.6879
2013-01-14,16.6442
2013-01-15,16.6333
2013-01-16,16.6229
2013-01-17,16.5887
2013-01-18,16.5629
2013-01-19,17.3000
2013-01-20,17.3000
2013-01-21,17.3000
2013-01-22,16.5383
2013-01-23,16.5108
2013-01-24,16.4888
2013-01-25,16.4646
2013-01-26,16.4613
2013-01-27,16.4762
2013-01-28,16.5475
2013-01-29,16.5721
2013-01-30,16.6621
2013-01-31,16.7142
2013-02-01,16.7404
2013-02-02,16.8037
2013-02-03,16.8275
2013-02-04,16.8429
2013-02-05,16.8642
2013-02-06,16.8771
2013-02-07,16.8617
2013-02-08,16.8700
2013-02-09,16.8783
2013-02-10,16.8787
2013-02-11,16.8862
2013-02-12,16.8483
2013-02-13,16.7692
2013-02-14,16.7363
2013-02-15,16.7433
2013-02-16,16.7275
2013-02-17,16.7433
2013-02-18,16.7646
2013-02-19,16.7579
2013-02-20,16.7517
2013-02-21,16.7021
2013-02-22,16.6792
2013-02-23,16.6629
2013-02-24,16.6279
2013-02-25,16.6096
2013-02-26,16.6008
2013-02-27,16.6217
2013-02-28,16.6213
2013-03-01,16.6113
2013-03-02,16.5954
2013-03-03,16.5775
2013-03-04,16.5658
2013-03-05,16.5687
2013-03-06,16.5667
2013-03-07,16.5571
2013-03-08,16.5421
2013-03-09,16.5329
2013-03-10,16.6233
2013-03-11,16.6479
2013-03-12,16.6167
2013-03-13,16.6100
2013-03-14,16.5796
2013-03-15,16.5517
2013-03-16,16.5417
2013-03-17,16.5613
2013-03-18,16.5908
2013-03-19,16.5775
2013-03-20,16.5300
2013-03-21,16.5492
2013-03-22,16.5417
2013-03-23,16.5325
2013-03-24,16.5083
2013-03-25,16.4850
2013-03-26,16.4717
2013-03-27,16.4592
2013-03-28,16.4546
2013-03-29,16.4450
2013-03-30,16.4387
2013-03-31,16.4300
2013-04-01,16.4129
2013-04-02,16.4100
2013-04-03,16.3933
2013-04-04,16.3837
2013-04-05,16.3850
2013-04-06,16.3746
2013-04-07,16.3575
2013-04-08,16.3621
2013-04-09,16.3908
2013-04-10,16.4054
2013-04-11,16.3962
2013-04-12,17.7000
2013-04-13,17.7000
2013-04-14,17.7000
2013-04-15,16.3729
2013-04-16,16.3654
2013-04-17,16.3692
2013-04-18,16.4192
2013-04-19,16.3929
2013-04-20,16.3458
2013-04-21,16.3358
2013-04-22,16.3533
2013-04-23,16.3383
2013-04-24,16.3054
2013-04-25,16.2846
2013-04-26,16.2746
2013-04-27,16.3287
2013-04-28,16.2892
2013-04-29,16.2625
2013-04-30,16.2667
2013-05-01,16.2712
2013-05-02,16.2496
2013-05-03,16.2425
2013-05-04,16.2404
2013-05-05,16.2229
2013-05-06,16.2133
2013-05-07,16.2150
2013-05-08,16.2317
2013-05-09,16.2587
2013-05-10,16.2596
2013-05-11,16.2504
2013-05-12,16.2542
2013-05-13,16.2583
2013-05-14,16.2671
2013-05-15,16.2421
2013-05-16,16.2475
2013-05-17,16.2667
2013-05-18,16.3329
2013-05-19,16.3383
2013-05-20,16.2812
2013-05-21,16.2596
2013-05-22,16.2488
2013-05-23,16.2504
2013-05-24,16.2538
2013-05-25,16.2413
2013-05-26,16.2404
2013-05-27,16.2658
2013-05-28,16.2700
2013-05-29,16.2700
2013-05-30,16.2479
2013-05-31,16.2075
2013-06-01,16.1904
2013-06-02,16.1775
2013-06-03,16.1654
2013-06-04,16.1600
2013-06-05,16.1679
2013-06-06,16.1575
2013-06-07,16.1442
2013-06-08,16.1321
2013-06-09,16.1262
2013-06-10,16.1213
2013-06-11,16.1071
2013-06-12,16.0996
2013-06-13,16.0929
2013-06-14,16.0833
2013-06-15,16.0746
2013-06-16,16.0812
2013-06-17,16.0637
2013-06-18,15.9942
2013-06-19,15.9279
2013-06-20,16.0175
2013-06-21,16.0350
2013-06-22,16.0483
2013-06-23,16.0496
2013-06-24,16.0440
2013-07-10,15.8875
2013-07-11,15.8829
2013-07-12,15.8742
2013-07-13,15.8625
2013-07-14,15.8542
2013-07-15,15.8475
2013-07-16,15.8408
2013-07-17,15.8246
2013-07-18,0.0000
2013-07-19,15.5838
2013-07-20,15.7575
2013-07-21,15.7496
2013-07-22,15.7313
2013-07-23,15.7363
2013-07-24,15.7250
2013-07-25,15.7229
2013-07-26,15.7204
2013-07-27,15.7204
2013-07-28,15.7258
2013-07-29,15.7350
2013-07-30,15.7304
2013-07-31,15.7238
2013-08-01,15.7233
2013-08-02,15.7167
2013-08-03,15.7117
2013-08-04,15.6900
2013-08-05,15.6771
2013-08-06,15.6708
2013-08-07,15.6654
2013-08-08,15.6567
2013-08-09,15.6529
2013-08-10,15.6500
2013-08-11,15.6446
2013-08-12,15.6379
2013-08-13,15.6308
2013-08-14,15.6287
2013-08-15,15.6213
2013-08-16,15.6242
2013-08-17,15.6267
2013-08-18,15.6208
2013-08-19,15.6225
2013-08-20,15.6138
2013-08-21,15.6025
2013-08-22,15.5983
2013-08-23,15.5929
2013-08-24,15.5908
2013-08-25,15.5917
2013-08-26,15.5896
2013-08-27,15.5854
2013-08-28,15.5817
2013-08-29,15.5775
2013-08-30,15.5725
2013-08-31,15.5700
2013-09-01,15.5671
2013-09-02,15.5575
2013-09-03,15.5533
2013-09-04,15.5342
2013-09-05,15.5187
2013-09-06,15.5283
2013-09-07,15.5154
2013-09-08,15.4742
2013-09-09,17.8000
2013-09-10,17.8000
2013-09-11,17.8000
2013-09-12,17.8000
2013-09-13,15.7150
2013-09-14,15.7658
2013-09-15,15.8158
2013-09-16,15.8483
2013-09-17,15.8908
2013-09-18,15.9017
2013-09-19,15.9296
2013-09-20,15.9388
2013-09-21,15.9471
2013-09-22,15.9475
2013-09-23,15.9483
2013-09-24,15.9500
2013-09-25,15.9571
2013-09-26,15.9600
2013-09-27,15.9504
2013-09-28,15.9433
2013-09-29,15.9437
2013-09-30,15.9388
2013-10-01,15.9283
2013-10-02,15.9117
2013-10-03,15.9004
2013-10-04,15.8925
2013-10-05,15.8904
2013-10-06,15.8842
2013-10-07,15.8721
2013-10-08,15.8700
2013-10-09,15.8700
2013-10-10,15.8754
2013-10-11,15.8909
2013-10-12,15.8787
2013-10-13,15.9050
2013-10-14,15.9625
2013-10-15,16.0042
2013-10-16,16.0162
2013-10-17,16.0417
2013-10-18,16.0442
2013-10-19,16.0437
2013-10-20,16.0579
2013-10-21,16.0587
2013-10-22,16.0596
2013-10-23,16.0646
2013-10-24,16.0821
2013-10-25,16.0712
2013-10-26,16.0817
2013-10-27,16.0829
2013-10-28,16.0887
2013-10-29,16.0979
2013-10-30,16.0712
2013-10-31,16.0550
2013-11-01,16.0654
2013-11-02,16.0712
2013-11-03,16.1046
2013-11-04,16.1129
2013-11-05,16.1512
2013-11-06,16.1708
2013-11-07,0.0000
2013-11-08,16.2096
2013-11-09,16.2496
2013-11-10,16.2783
2013-11-11,16.2892
2013-11-12,16.2788
2013-11-13,16.2867
2013-11-14,16.2746
2013-11-15,16.2904
2013-11-16,16.2721
2013-11-17,16.2604
2013-11-18,16.2658
2013-11-19,16.2783
2013-11-20,16.2667
2013-11-21,16.2650
2013-11-22,16.2488
2013-11-23,16.2154
2013-11-24,16.1979
2013-11-25,16.1821
2013-11-26,16.1717
2013-11-27,16.1708
2013-11-28,16.1804
2013-11-29,16.1713
2013-11-30,16.1900
2013-12-01,16.1888
2013-12-02,16.1671
2013-12-03,16.1579
2013-12-04,16.1600
2013-12-05,16.1575
2013-12-06,16.1800
2013-12-07,16.2046
2013-12-08,16.2258
2013-12-09,16.2596
2013-12-10,16.2525
2013-12-11,16.2421
2013-12-12,16.2446
2013-12-13,16.2500
2013-12-14,16.2496
2013-12-15,16.2475
2013-12-16,16.2529
2013-12-17,16.2488
2013-12-18,16.2304
2013-12-19,16.2446
2013-12-20,16.2621
2013-12-21,16.2154
2013-12-22,16.2196
2013-12-23,16.2313
2013-12-24,16.2433
2013-12-25,16.2812
2013-12-26,16.3346
2013-12-27,16.3362
2013-12-28,16.3563
2013-12-29,16.4100
2013-12-30,16.4138
2013-12-31,16.4238
2014-01-01,16.4308
2014-01-02,16.4317
2014-01-03,16.4208
2014-01-04,16.4037
2014-01-05,16.4083
2014-01-06,16.3742
2014-01-07,16.3742
2014-01-08,16.3704
2014-01-09,16.3471
2014-01-10,16.3692
2014-01-11,16.3292
2014-01-12,16.3171
2014-01-13,16.3100
2014-01-14,16.3242
2014-01-15,0.0000
2014-01-16,16.3096
2014-01-17,16.3354
2014-01-18,16.3242
2014-01-19,16.3246
2014-01-20,16.3042
2014-01-21,16.2779
2014-01-22,16.2608
2014-01-23,16.2575
2014-01-24,16.2596
2014-01-25,16.2642
2014-01-26,16.2654
2014-01-27,16.3296
2014-01-28,16.3867
2014-01-29,16.3758
2014-01-30,16.3521
2014-01-31,16.3300
2014-02-01,16.3275
2014-02-02,16.3512
2014-02-03,16.3067
2014-02-04,16.3012
2014-02-05,16.3013
2014-02-06,16.3192
2014-02-07,16.2996
2014-02-08,16.3529
2014-02-09,16.3796
2014-02-10,16.3579
2014-02-11,16.3283
2014-02-12,16.3096
2014-02-13,16.3208
2014-02-14,16.3458
2014-02-15,16.3625
2014-02-16,16.4050
2014-02-17,16.3588
2014-02-18,16.3429
2014-02-19,16.3404
2014-02-20,16.3358
2014-02-21,16.3442
2014-02-22,16.3396
2014-02-23,16.3088
2014-02-24,16.2887
2014-02-25,16.2933
2014-02-26,16.2858
2014-02-27,16.2587
2014-02-28,16.2696
2014-03-01,16.2946
2014-03-02,16.2758
2014-03-03,16.2621
2014-03-04,16.2737
2014-03-05,16.2271
2014-03-06,16.1954
2014-03-07,17.3000
2014-03-08,17.3000
2014-03-09,17.3000
2014-03-10,17.3000
2014-03-11,16.1688
2014-03-12,16.1550
2014-03-13,16.1554
2014-03-14,16.1533
2014-03-15,16.1546
2014-03-16,16.1533
2014-03-17,16.1458
2014-03-18,16.1429
2014-03-19,16.1500
2014-03-20,16.1487
2014-03-21,16.1633
2014-03-22,16.1600
2014-03-23,16.1650
2014-03-24,16.1496
2014-03-25,16.1358
2014-03-26,16.1300
2014-03-27,16.1192
2014-03-28,16.1213
2014-03-29,16.1121
2014-03-30,16.1096
2014-03-31,16.1067
2014-04-01,16.1008
2014-04-02,16.1000
2014-04-03,16.1013
2014-04-04,16.1000
2014-04-05,16.0858
2014-04-06,16.0792
2014-04-07,16.0800
2014-04-08,16.0888
2014-04-09,16.0892
2014-04-10,16.0758
2014-04-11,16.0800
2014-04-12,16.0783
2014-04-13,16.0729
2014-04-14,16.0637
2014-04-15,16.0538
2014-04-16,16.0387
2014-04-17,16.0358
2014-04-18,16.0458
2014-04-19,16.0312
2014-04-20,16.0271
2014-04-21,16.0346
2014-04-22,16.0275
2014-04-23,16.0112
2014-04-24,15.9979
2014-04-25,15.9963
2014-04-26,16.0012
2014-04-27,15.9925
2014-04-28,16.0000
2014-04-29,15.9963
2014-04-30,16.0067
2014-05-01,16.0300
2014-05-02,16.0308
2014-05-03,16.0367
2014-05-04,16.0196
2014-05-05,16.0158
2014-05-06,16.0200
2014-05-07,16.0242
2014-05-08,0.0000
2014-05-09,16.0717
2014-05-10,16.1338
2014-05-11,16.2346
2014-05-12,16.2467
2014-05-13,16.2642
2014-05-14,16.3417
2014-05-15,16.3375
2014-05-16,16.3296
2014-05-17,16.3271
2014-05-18,16.3167
2014-05-19,16.3067
2014-05-20,16.2883
2014-05-21,16.2521
2014-05-22,16.2325
2014-05-23,16.2212
2014-05-24,16.2054
2014-05-25,16.1796
2014-05-26,16.1554
2014-05-27,16.1538
2014-05-28,16.1900
2014-05-29,16.2483
2014-05-30,16.2679
2014-05-31,16.2271
2014-06-01,16.1967
2014-06-02,16.1796
2014-06-03,16.1679
2014-06-04,16.1600
2014-06-05,16.1804
2014-06-06,16.2000
2014-06-07,16.1792
2014-06-08,16.1525
2014-06-09,16.1308
2014-06-10,16.1654
2014-06-11,16.1750
2014-06-12,16.1367
2014-06-13,16.1242
2014-06-14,16.1200
2014-06-15,16.1046
2014-06-16,16.0887
2014-06-17,16.0800
2014-06-18,16.0750
2014-06-19,16.0604
2014-06-20,16.0504
2014-06-21,16.0446
2014-06-22,16.0342
2014-06-23,16.0179
2014-06-24,16.0079
2014-06-25,15.9975
2014-06-26,15.9863
2014-06-27,15.9763
2014-06-28,15.9654
2014-06-29,15.9612
2014-06-30,15.9638
2014-07-01,15.9583
2014-07-02,15.9458
2014-07-03,15.9321
2014-07-04,15.9225
2014-07-05,15.9163
2014-07-06,15.9083
2014-07-07,15.9025
2014-07-08,15.8858
2014-07-09,15.9425
2014-07-10,16.0871
2014-07-11,16.1275
2014-07-12,16.1279
2014-07-13,16.1292
2014-07-14,16.1412
2014-07-15,16.1512
2014-07-16,16.1421
2014-07-17,16.1267
2014-07-18,16.1100
2014-07-19,16.0979
2014-07-20,16.0783
2014-07-21,16.0546
2014-07-22,16.0483
2014-07-23,16.0496
2014-07-24,16.0367
2014-07-25,16.0237
2014-07-26,16.0104
2014-07-27,16.0062
2014-07-28,15.9908
2014-07-29,15.9938
2014-07-30,15.9838
2014-07-31,15.9667
2014-08-01,15.9550
2014-08-02,15.9421
2014-08-03,15.9346
2014-08-04,15.9171
2014-08-05,15.8979
2014-08-06,15.8821
2014-08-07,15.8796
2014-08-08,15.8771
2014-08-09,15.8821
2014-08-10,15.9117
2014-08-11,15.9150
2014-08-12,15.9150
2014-08-13,15.9313
2014-08-14,15.9483
2014-08-15,15.9325
2014-08-16,15.9471
2014-08-17,15.9825
2014-08-18,16.0029
2014-08-19,16.0121
2014-08-20,16.0425
2014-08-21,16.0458
2014-08-22,16.0483
2014-08-23,16.0479
2014-08-24,16.0371
2014-08-25,16.0237
2014-08-26,16.0304
2014-08-27,16.0946
2014-08-28,16.1242
2014-08-29,16.1267
2014-08-30,16.1529
2014-08-31,16.1504
2014-09-01,16.1629
2014-09-02,16.1663
2014-09-03,16.1617
2014-09-04,16.1638
2014-09-05,16.1562
2014-09-06,16.1475
2014-09-07,16.1379
2014-09-08,0.0000
2014-09-09,16.1063
2014-09-10,16.0954
2014-09-11,16.0829
2014-09-12,16.0663
2014-09-13,16.0471
2014-09-14,16.0367
2014-09-15,16.0350
2014-09-16,16.0371
2014-09-17,16.0292
2014-09-18,16.0229
2014-09-19,16.0200
2014-09-20,16.0146
2014-09-21,16.0087
2014-09-22,15.9954
2014-09-23,15.9863
2014-09-24,15.9800
2014-09-25,15.9900
2014-09-26,15.9800
2014-09-27,15.9750
2014-09-28,15.9700
2014-09-29,15.9713
2014-09-30,15.9658
2014-10-01,15.9604
2014-10-02,15.9571
2014-10-03,15.9500
2014-10-04,15.9525
2014-10-05,15.9592
2014-10-06,15.9442
2014-10-07,15.9625
2014-10-08,15.9796
2014-10-09,15.9900
2014-10-10,15.9975
2014-10-11,15.9788
2014-10-12,15.9808
2014-10-13,16.0046
2014-10-14,16.0287
2014-10-15,16.0246
2014-10-16,16.0179
2014-10-17,16.0333
2014-10-18,16.0337
2014-10-19,16.0304
2014-10-20,16.0321
2014-10-21,16.0300
2014-10-22,16.0488
2014-10-23,16.0787
2014-10-24,16.0912
2014-10-25,16.0992
2014-10-26,16.1100
2014-10-27,16.1158
2014-10-28,16.1183
2014-10-29,16.1238
2014-10-30,16.1163
2014-10-31,16.1117
2014-11-01,16.1188
2014-11-02,16.1192
2014-11-03,16.1258
2014-11-04,16.1521
2014-11-05,16.1600
2014-11-06,16.1425
2014-11-07,16.1300
2014-11-08,16.1429
2014-11-09,16.1221
2014-11-10,16.1171
2014-11-11,16.1100
2014-11-12,16.1154
2014-11-13,16.1100
2014-11-14,16.0929
2014-11-15,16.1033
2014-11-16,16.1100
2014-11-17,16.1242
2014-11-18,16.1325
2014-11-19,16.1183
2014-11-20,16.0979
2014-11-21,16.0900
2014-11-22,16.1021
2014-11-23,16.1038
2014-11-24,16.1033
2014-11-25,16.0887
2014-11-26,16.0942
2014-11-27,16.1083
2014-11-28,16.1196
2014-11-29,16.1108
2014-11-30,16.0933
2014-12-01,16.0917
2014-12-02,16.0854
2014-12-03,16.0779
2014-12-04,16.0646
2014-12-05,17.6000
2014-12-06,17.6000
2014-12-07,17.6000
2014-12-08,16.0704
2014-12-09,16.0717
2014-12-10,16.0592
2014-12-11,16.0904
2014-12-12,16.1071
2014-12-13,16.1558
2014-12-14,16.1700
2014-12-15,16.1612
2015-01-10,16.5558
2015-01-11,16.6008
2015-01-12,16.6192
2015-01-13,16.6267
2015-01-14,16.6279
2015-01-15,16.6233
2015-01-16,16.6438
2015-01-17,16.5812
2015-01-18,16.5433
2015-01-19,16.5475
2015-01-20,16.5225
2015-01-21,16.5004
2015-01-22,16.4783
2015-01-23,16.4383
2015-01-24,16.4108
2015-01-25,16.4200
2015-01-26,16.4112
2015-01-27,16.4875
2015-01-28,16.4725
2015-01-29,16.5354
2015-01-30,16.5908
2015-01-31,16.5750
2015-02-01,16.5400
2015-02-02,16.4946
2015-02-03,16.4833
2015-02-04,16.4687
2015-02-05,16.4283
2015-02-06,16.4017
2015-02-07,16.3796
2015-02-08,16.3663
2015-02-09,0.0000
2015-02-10,16.3779
2015-02-11,16.3704
2015-02-12,16.3796
2015-02-13,16.3683
2015-02-14,16.3796
2015-02-15,16.3704
2015-02-16,16.3337
2015-02-17,16.3196
2015-02-18,16.2846
2015-02-19,16.2829
2015-02-20,16.3208
2015-02-21,16.3654
2015-02-22,16.4213
2015-02-23,16.3858
2015-02-24,16.4500
2015-02-25,16.4008
2015-02-26,16.3692
2015-02-27,16.4096
2015-02-28,16.4496
2015-03-01,16.4567
2015-03-02,16.4871
2015-03-03,16.4450
2015-03-04,16.4238
2015-03-05,16.3967
2015-03-06,16.3621
2015-03-07,16.3683
2015-03-08,16.3796
2015-03-09,16.3704
2015-03-10,16.3458
2015-03-11,16.3308
2015-03-12,16.3167
2015-03-13,16.3113
2015-03-14,16.3079
2015-03-15,16.2888
2015-03-16,16.2896
2015-03-17,16.2862
2015-03-18,16.2742
2015-03-19,16.2583
2015-03-20,16.2554
2015-03-21,16.2608
2015-03-22,16.2754
2015-03-23,16.2567
2015-03-24,16.2737
2015-03-25,16.2742
2015-03-26,16.2933
2015-03-27,16.2971
2015-03-28,16.2592
2015-03-29,16.2729
2015-03-30,16.3658
2015-03-31,16.3713
2015-04-01,16.4592
2015-04-02,16.4500
2015-04-03,16.4983
2015-04-04,16.4879
2015-04-05,16.4792
2015-04-06,16.4425
2015-04-07,16.4163
2015-04-08,16.3921
2015-04-09,16.3821
2015-04-10,16.3850
2015-04-11,16.3852
2015-04-12,16.3629
2015-04-13,16.3321
2015-04-14,16.3063
2015-04-15,16.3117
2015-04-16,16.3121
2015-04-17,16.2900
2015-04-18,16.2663
2015-04-19,16.2463
2015-04-20,16.2479
2015-04-21,16.2271
2015-04-22,16.2150
2015-04-23,17.5000
2015-04-24,17.5000
2015-04-25,17.5000
2015-04-26,17.5000
2015-04-27,16.2271
2015-04-28,16.2262
2015-04-29,16.1958
2015-04-30,16.1946
2015-05-01,16.1879
2015-05-02,16.1808
2015-05-03,16.1704
2015-05-04,16.1958
2015-05-05,16.1921
2015-05-06,16.2304
2015-05-07,16.1804
2015-05-08,16.1621
2015-05-09,16.1688
2015-05-10,16.1592
2015-05-11,16.1400
2015-05-12,16.1467
2015-05-13,16.1354
2015-05-14,16.1271
2015-05-15,16.1254
2015-05-16,16.1050
2015-05-17,16.1050
2015-05-18,16.1008
2015-05-19,16.1287
2015-05-20,16.1158
2015-05-21,16.0883
2015-05-22,16.0679
2015-05-23,16.0683
2015-05-24,16.0646
2015-05-25,16.0642
2015-05-26,16.0596
2015-05-27,16.0421
2015-05-28,16.0375
2015-05-29,16.0383
2015-05-30,16.0358
2015-05-31,16.0279
2015-06-01,16.0400
2015-06-02,16.0446
2015-06-03,16.0450
2015-06-04,16.0137
2015-06-05,16.0071
2015-06-06,16.0079
2015-06-07,15.9888
2015-06-08,15.9758
2015-06-09,15.9392
2015-06-10,15.9150
2015-06-11,15.9429
2015-06-12,15.9375
2015-06-13,15.9183
2015-06-14,15.8958
2015-06-15,15.8900
2015-06-16,15.8758
2015-06-17,15.8629
2015-06-18,17.5000
2015-06-19,17.5000
2015-06-20,17.5000
2015-06-21,17.5000
2015-06-22,15.8217
2015-06-23,15.8392
2015-06-24,15.8638
2015-06-25,15.8621
2015-06-26,15.8554
2015-06-27,15.8500
2015-06-28,15.8338
2015-06-29,15.8204
2015-06-30,15.8121
2015-07-01,15.8033
2015-07-02,15.7983
2015-07-03,15.7750
2015-07-04,15.7400
2015-07-05,15.6883
2015-07-06,15.6383
2015-07-07,15.6683
2015-07-08,15.6367
2015-07-09,15.5292
2015-07-10,15.6687
2015-07-11,15.6937
2015-07-12,15.6962
2015-07-13,15.5854
2015-07-14,15.6700
2015-07-15,15.6900
2015-07-16,15.6946
2015-07-17,15.6937
2015-07-18,15.6883
2015-07-19,15.6433
2015-07-20,15.6337
2015-07-21,15.6383
2015-07-22,15.6396
2015-07-23,15.6400
2015-07-24,15.6400
2015-07-25,15.6500
2015-07-26,15.6479
2015-07-27,15.6521
2015-07-28,15.6654
2015-07-29,15.6546
2015-07-30,15.6446
2015-07-31,15.6400
2015-08-01,15.6400
2015-08-02,15.6417
2015-08-03,15.6375
2015-08-04,15.6367
2015-08-05,15.6292
2015-08-06,15.6287
2015-08-07,15.6233
2015-08-08,15.6179
2015-08-09,15.6088
2015-08-10,15.5879
2015-08-11,15.5742
2015-08-12,15.5796
2015-08-13,15.5796
2015-08-14,15.5858
2015-08-15,15.5900
2015-08-16,15.5954
2015-08-17,15.6358
2015-08-18,15.7354
2015-08-19,15.7958
2015-08-20,15.8079
2015-08-21,15.8096
2015-08-22,0.0000
2015-08-23,15.8142
2015-08-24,15.8225
2015-08-25,15.8467
2015-08-26,15.8433
2015-08-27,15.8563
2015-08-28,15.8554
2015-08-29,15.8625
2015-08-30,15.8608
2015-08-31,15.9104
2015-09-01,15.9717
2015-09-02,15.9908
2015-09-03,16.0062
2015-09-04,16.0179
2015-09-05,16.0267
2015-09-06,16.0446
2015-09-07,16.0521
2015-09-08,16.0492
2015-09-09,16.0500
2015-09-10,16.0488
2015-09-11,16.0400
2015-09-12,16.0367
2015-09-13,16.0321
2015-09-14,16.0325
2015-09-15,16.0558
2015-09-16,16.0825
2015-09-17,16.0996
2015-09-18,16.1046
2015-09-19,16.1183
2015-09-20,16.1108
2015-09-21,16.1208
2015-09-22,16.1350
2015-09-23,16.1504
2015-09-24,16.1717
2015-09-25,16.1767
2015-09-26,16.1663
2015-09-27,16.1608
2015-09-28,16.1562
2015-09-29,16.1500
2015-09-30,16.1450
2015-10-01,16.1362
2015-10-02,16.1271
2015-10-03,16.1246
2015-10-04,16.1271
2015-10-05,16.1125
2015-10-06,16.1154
2015-10-07,16.1379
2015-10-08,16.1221
2015-10-09,16.1092
2015-10-10,16.1029
2015-10-11,16.1000
2015-10-12,16.0925
2015-10-13,16.0775
2015-10-14,16.0633
2015-10-15,16.0629
2015-10-16,16.0804
2015-10-17,16.1067
2015-10-18,16.1512
2015-10-19,16.1500
2015-10-20,16.1508
2015-10-21,16.1525
2015-10-22,16.1650
2015-10-23,16.1629
2015-10-24,16.1563
2015-10-25,16.1596
2015-10-26,16.1408
2015-10-27,16.1492
2015-10-28,16.1492
2015-10-29,16.1571
2015-10-30,16.1383
2015-10-31,16.1221
2015-11-01,16.1171
2015-11-02,16.1021
2015-11-03,16.1038
2015-11-04,16.0992
2015-11-05,16.0946
2015-11-06,16.0862
2015-11-07,16.0967
2015-11-08,16.0946
2015-11-09,16.0921
2015-11-10,16.0958
2015-11-11,16.0929
2015-11-12,16.0900
2015-11-13,16.0837
2015-11-14,16.0825
2015-11-15,16.0783
2015-11-16,16.1446
2015-11-17,16.1725
2015-11-18,16.2092
2015-11-19,16.2087
2015-11-20,16.2229
2015-11-21,16.2571
2015-11-22,16.2592
2015-11-23,16.2346
2015-11-24,16.2196
2015-11-25,16.2512
2015-11-26,16.2746
2015-11-27,16.2504
2015-11-28,16.2612
2015-11-29,16.2662
2015-11-30,16.2838
2015-12-01,0.0000
2015-12-02,16.4192
2015-12-03,16.4575
2015-12-04,16.4679
2015-12-05,16.4667
2015-12-06,16.4642
2015-12-07,16.4396
2015-12-08,16.4079
2015-12-09,16.4238
2015-12-10,16.3871
2015-12-11,16.3854
2015-12-12,16.4092
2015-12-13,16.4113
2015-12-14,16.4037
2015-12-15,16.3967
2015-12-16,16.3717
2015-12-17,16.3912
2015-12-18,16.4029
2015-12-19,16.3842
2015-12-20,16.3767
2015-12-21,16.3683
2015-12-22,16.3504
2015-12-23,16.3550
2015-12-24,16.3346
2015-12-25,16.3362
2015-12-26,16.3300
2015-12-27,16.3258
2015-12-28,16.3083
2015-12-29,16.2988
2015-12-30,16.2854
2015-12-31,16.2896
2016-01-01,16.2904
2016-01-02,16.2712
2016-01-03,16.3054
2016-01-04,16.3458
2016-01-05,16.4163
2016-01-06,16.4046
2016-01-07,16.3921
2016-01-08,16.4212
2016-01-09,16.4325
2016-01-10,16.4425
2016-01-11,16.4462
2016-01-12,16.4479
2016-01-13,16.4321
2016-01-14,16.4217
2016-01-15,16.4812
2016-01-16,16.4613
2016-01-17,16.4313
2016-01-18,16.4175
2016-01-19,16.4125
2016-01-20,0.0000
2016-01-21,16.3700
2016-01-22,16.3492
2016-01-23,16.3529
2016-01-24,16.3787
2016-01-25,16.4092
2016-01-26,16.4238
2016-01-27,16.4213
2016-01-28,16.4479
2016-01-29,16.4638
2016-01-30,16.4771
2016-01-31,16.5550
2016-02-01,16.6175
2016-02-02,16.6479
2016-02-03,16.6613
2016-02-04,16.6396
2016-02-05,16.6271
2016-02-06,16.6179
2016-02-07,16.6358
2016-02-08,16.6162
2016-02-09,16.6342
2016-02-10,16.6633
2016-02-11,16.7371
2016-02-12,16.7500
2016-02-13,16.7533
2016-02-14,16.7442
2016-02-15,16.7304
2016-02-16,16.7092
2016-02-17,16.6837
2016-02-18,16.7063
2016-02-19,16.6775
2016-02-20,16.6321
2016-02-21,16.6617
2016-02-22,16.6871
2016-02-23,16.7325
2016-02-24,16.7775
2016-02-25,16.7687
2016-02-26,16.7383
2016-02-27,16.7029
2016-02-28,16.6617
2016-02-29,16.5946
2016-03-01,16.5583
2016-03-02,16.5821
2016-03-03,16.6804
2016-03-04,16.6733
2016-03-05,16.7096
2016-03-06,16.7225
2016-03-07,16.6971
2016-03-08,16.6600
2016-03-09,16.6079
2016-03-10,16.6133
2016-03-11,16.5383
2016-03-12,16.5054
2016-03-13,0.0000
2016-03-14,16.4642
2016-03-15,16.4525
2016-03-16,16.4471
2016-03-17,16.4292
2016-03-18,16.4192
2016-03-19,16.4163
2016-03-20,16.4033
2016-03-21,16.3979
2016-03-22,16.3958
2016-03-23,16.3979
2016-03-24,16.3875
2016-03-25,16.3763
2016-03-26,16.4025
2016-03-27,16.3992
2016-03-28,16.4158
2016-03-29,16.4396
2016-03-30,16.4042
2016-03-31,16.3729
2016-04-01,16.3521
2016-04-02,16.3337
2016-04-03,16.3433
2016-04-04,16.3508
2016-04-05,16.3446
2016-04-06,16.3400
2016-04-07,16.3354
2016-04-08,16.3254
2016-04-09,16.3133
2016-04-10,16.3083
2016-04-11,16.2942
2016-04-12,16.2896
2016-04-13,16.2929
2016-04-14,16.3013
2016-04-15,16.2825
2016-04-16,16.3158
2016-04-17,16.3138
2016-04-18,16.2658
2016-04-19,16.2529
2016-04-20,16.2396
2016-04-21,16.2304
2016-04-22,16.2354
2016-04-23,16.2325
2016-04-24,16.2271
2016-04-25,16.2238
2016-04-26,16.2496
2016-04-27,16.2800
2016-04-28,16.2679
2016-04-29,16.2579
2016-04-30,16.2550
2016-05-01,16.2350
2016-05-02,16.2100
2016-05-03,16.2242
2016-05-04,16.2237
2016-05-05,16.2096
2016-05-06,16.2150
2016-05-07,16.2250
2016-05-08,16.2129
2016-05-09,16.2008
2016-05-10,16.1908
2016-05-11,16.1592
2016-05-12,16.1867
2016-05-13,16.1767
2016-05-14,17.3000
2016-05-15,17.3000
2016-05-16,17.3000
2016-05-17,17.3000
2016-05-18,16.1254
2016-05-19,16.1212
2016-05-20,16.1071
2016-05-21,16.1008
2016-05-22,16.1083
2016-05-23,16.1158
2016-05-24,16.1429
2016-05-25,16.1642
2016-05-26,16.1537
2016-05-27,16.1367
2016-05-28,16.1213
2016-05-29,16.1100
2016-05-30,16.1063
2016-05-31,16.2396
2016-06-01,16.4179
2016-06-02,16.4238
2016-06-03,16.4617
2016-06-04,16.5204
2016-06-05,16.5146
2016-06-06,16.4588
2016-06-07,16.4108
2016-06-08,16.3792
2016-06-09,16.3454
2016-06-10,16.3171
2016-06-11,16.3025
2016-06-12,16.2796
2016-06-13,16.2917
2016-06-14,16.3629
2016-06-15,16.3804
2016-06-16,16.3596
2016-06-17,16.3354
2016-06-18,16.3362
2016-06-19,16.3442
2016-06-20,16.3108
2016-06-21,16.3346
2016-06-22,16.3883
2016-06-23,16.3921
2016-06-24,17.7000
2016-06-25,17.7000
2016-06-26,17.7000
2016-06-27,17.7000
2016-06-28,16.7196
2016-06-29,16.6950
2016-06-30,16.7258
2016-07-01,16.6950
2016-07-02,16.6654
2016-07-03,16.7237
2016-07-04,16.6779
2016-07-05,16.6200
2016-07-06,16.5763
2016-07-07,16.5242
2016-07-08,16.4867
2016-07-09,16.4621
2016-07-10,16.4417
2016-07-11,16.4383
2016-07-12,16.4000
2016-07-13,16.3696
2016-07-14,16.3467
2016-07-15,16.3171
2016-07-16,16.2954
2016-07-17,16.2854
2016-07-18,16.2812
2016-07-19,16.2625
2016-07-20,16.2458
2016-07-21,16.2354
2016-07-22,16.2047
2016-07-23,16.2646
2016-07-24,16.3079
2016-07-25,16.2958
2016-07-26,16.2625
2016-07-27,16.2308
2016-07-28,16.2108
2016-07-29,16.1967
2016-07-30,16.1950
2016-07-31,16.1779
2016-08-01,16.1671
2016-08-02,16.1604
2016-08-03,16.1871
2016-08-04,16.2500
2016-08-05,16.3142
2016-08-06,16.2712
2016-08-07,16.2371
2016-08-08,16.2271
2016-08-09,16.2137
2016-08-10,16.1871
2016-08-11,16.1721
2016-08-12,16.1700
2016-08-13,16.1775
2016-08-14,16.1617
2016-08-15,16.1437
2016-08-16,16.1304
2016-08-17,16.1283
2016-08-18,16.1175
2016-08-19,16.1071
2016-08-20,16.0892
2016-08-21,16.0746
2016-08-22,16.0700
2016-08-23,16.0817
2016-08-24,16.0725
2016-08-25,16.0608
2016-08-26,16.0467
2016-08-27,16.0246
2016-08-28,16.0167
2016-08-29,16.0108
2016-08-30,15.9921
2016-08-31,15.9804
2016-09-01,15.9750
2016-09-02,15.9588
2016-09-03,15.9563
2016-09-04,15.9517
2016-09-05,15.9521
2016-09-06,15.9333
2016-09-07,15.9275
2016-09-08,15.9254
2016-09-09,15.9146
2016-09-10,15.8783
2016-09-11,17.2000
2016-09-12,17.2000
2016-09-13,17.2000
2016-09-14,17.2000
2016-09-15,15.8171
2016-09-16,15.8467
2016-09-17,15.8992
2016-09-18,15.9037
2016-09-19,15.9033
2016-09-20,15.9000
2016-09-21,15.8967
2016-09-22,15.8875
2016-09-23,15.8804
2016-09-24,15.8667
2016-09-25,15.8617
2016-09-26,15.8579
2016-09-27,15.8400
2016-09-28,15.8400
2016-09-29,15.8371
2016-09-30,15.8429
2016-10-01,15.8346
2016-10-02,15.8392
2016-10-03,15.8329
2016-10-04,15.8154
2016-10-05,15.8100
2016-10-06,15.8104
2016-10-07,15.8187
2016-10-08,15.8183
2016-10-09,15.8083
2016-10-10,15.8038
2016-10-11,15.8017
2016-10-12,15.8000
2016-10-13,15.8000
2016-10-14,15.8063
2016-10-15,15.8100
2016-10-16,15.8042
2016-10-17,15.8000
2016-10-18,15.7996
2016-10-19,15.8067
2016-10-20,15.8388
2016-10-21,15.8696
2016-10-22,15.8971
2016-10-23,15.9100
2016-10-24,15.9183
2016-10-25,15.9200
2016-10-26,15.9117
2016-10-27,15.9100
2016-10-28,15.9063
2016-10-29,15.9058
2016-10-30,15.9038
2016-10-31,15.9100
2016-11-01,15.9100
2016-11-02,15.9179
2016-11-03,15.9167
2016-11-04,15.9138
2016-11-05,15.9296
2016-11-06,0.0000
2016-11-07,15.9388
2016-11-08,15.9213
2016-11-09,15.9183
2016-11-10,15.9342
2016-11-11,15.9512
2016-11-12,15.9708
2016-11-13,15.9867
2016-11-14,15.9879
2016-11-15,15.9938
2016-11-16,16.0142
2016-11-17,16.0533
2016-11-18,16.1033
2016-11-19,16.1554
2016-11-20,16.1904
2016-11-21,16.2242
2016-11-22,16.2425
2016-11-23,16.2408
2016-11-24,16.2321
2016-11-25,16.2300
2016-11-26,16.2292
2016-11-27,16.2225
2016-11-28,16.2112
2016-11-29,16.1892
2016-11-30,16.1800
2016-12-01,16.1779
2016-12-02,16.1858
2016-12-03,16.1833
2016-12-04,16.1729
2016-12-05,16.1638
2016-12-06,16.1558
2016-12-07,16.1417
2016-12-08,16.1400
2016-12-09,16.1454
2016-12-10,16.1387
2016-12-11,16.1442
2016-12-12,16.1517
2016-12-13,16.1400
2016-12-14,16.1454
2016-12-15,16.1437
2016-12-16,16.1400
2016-12-17,16.1279
2016-12-18,16.1108
2016-12-19,16.1158
2016-12-20,16.1250
2016-12-21,16.1292
2016-12-22,16.1188
2016-12-23,16.1500
2016-12-24,16.1721
2016-12-25,16.1813
2016-12-26,16.1917
2016-12-27,16.1946
2016-12-28,16.1792
2016-12-29,16.1808
2016-12-30,16.1900
2016-12-31,16.1900
2017-01-01,16.1946
2017-01-02,16.2125
2017-01-03,16.1967
2017-01-04,16.2037
2017-01-05,16.2171
2017-01-06,16.1921
2017-01-07,16.1779
2017-01-08,16.1887
2017-01-09,16.1867
2017-01-10,16.2267
2017-01-11,16.2658
2017-01-12,16.2950
2017-01-13,16.3208
2017-01-14,16.3837
2017-01-15,16.4033
2017-01-16,16.4046
2017-01-17,16.3917
2017-01-18,16.3675
2017-01-19,16.3550
2017-01-20,16.3433
2017-01-21,16.3317
2017-01-22,16.3246
2017-01-23,16.3058
2017-01-24,16.2879
2017-01-25,16.2833
2017-01-26,16.2804
2017-01-27,16.2825
2017-01-28,16.2721
2017-01-29,0.0000
2017-01-30,16.2750
2017-01-31,16.3317
2017-02-01,16.3271
2017-02-02,16.3325
2017-02-03,16.3471
2017-02-04,16.3429
2017-02-05,16.3438
2017-02-06,16.3446
2017-02-07,16.2967
2017-02-08,16.3050
2017-02-09,16.3033
2017-02-10,16.2900
2017-02-11,16.2896
2017-02-12,16.2904
2017-02-13,16.3117
2017-02-14,16.3171
2017-02-15,16.3113
2017-02-16,16.2992
2017-02-17,16.3021
2017-02-18,16.3058
2017-02-19,16.2992
2017-02-20,16.3017
2017-02-21,16.3146
2017-02-22,16.3308
2017-02-23,16.3725
2017-02-24,16.5646
2017-02-25,16.6196
2017-02-26,16.6337
2017-02-27,16.6350
2017-02-28,16.6546
2017-03-01,16.6525
2017-03-02,16.6454
2017-03-03,16.6213
2017-03-04,16.6204
2017-03-05,16.6217
2017-03-06,16.6787
2017-03-07,16.6950
2017-03-08,16.6479
2017-03-09,16.6917
2017-03-10,16.7346
2017-03-11,16.7071
2017-03-12,16.6954
2017-03-13,16.6658
2017-03-14,16.5929
2017-03-15,16.5571
2017-03-16,16.5300
2017-03-17,16.5321
2017-03-18,16.5192
2017-03-19,16.5888
2017-03-20,16.6383
2017-03-21,16.6354
2017-03-22,16.5942
2017-03-23,16.5417
2017-03-24,16.5000
2017-03-25,16.4508
2017-03-26,16.4379
2017-03-27,16.4263
2017-03-28,16.4142
2017-03-29,16.3983
2017-03-30,16.3788
2017-03-31,16.3750
2017-04-01,16.3808
2017-04-02,16.3667
2017-04-03,16.3383
2017-04-04,16.3221
2017-04-05,16.3171
2017-04-06,16.2979
2017-04-07,16.2900
2017-04-08,16.2879
2017-04-09,16.2796
2017-04-10,16.2808
2017-04-11,16.2721
2017-04-12,16.2646
2017-04-13,16.2804
2017-04-14,0.0000
2017-04-15,16.2604
2017-04-16,16.2562
2017-04-17,16.2325
2017-04-18,16.2546
2017-04-19,16.2258
2017-04-20,16.2033
2017-04-21,16.1921
2017-04-22,16.1975
2017-04-23,16.1925
2017-04-24,16.1813
2017-04-25,16.2004
2017-04-26,16.1921
2017-04-27,16.1700
2017-04-28,16.1613
2017-04-29,16.1625
2017-04-30,16.1508
2017-05-01,16.1654
2017-05-02,16.1492
2017-05-03,16.1392
2017-05-04,16.1437
2017-05-05,16.1512
2017-05-06,16.1433
2017-05-07,16.1558
2017-05-08,16.1350
2017-05-09,16.1275
2017-05-10,16.1262
2017-05-11,16.1387
2017-05-12,16.1483
2017-05-13,16.1329
2017-05-14,16.1108
2017-05-15,16.0954
2017-05-16,16.0837
2017-05-17,16.0875
2017-05-18,16.1008
2017-05-19,16.0971
2017-05-20,16.0971
2017-05-21,16.0879
2017-05-22,16.0750
2017-05-23,16.0800
2017-05-24,16.0621
2017-05-25,16.0454
2017-05-26,16.0400
2017-05-27,16.0342
2017-05-28,16.0262
2017-05-29,16.0108
2017-05-30,16.0100
2017-05-31,15.9992
2017-06-01,15.9808
2017-06-02,15.9700
2017-06-03,15.9621
2017-06-04,15.9675
2017-06-05,15.9687
2017-06-06,15.9613
2017-06-07,15.9712
2017-06-08,15.9396
2017-06-09,15.9308
2017-06-10,15.9417
2017-06-11,15.9333
2017-06-12,15.9283
2017-06-13,15.9142
2017-06-14,15.9029
2017-06-15,15.8983
2017-06-16,15.8900
2017-06-17,15.8713
2017-06-18,15.8613
2017-06-19,15.8579
2017-06-20,15.8513
2017-06-21,15.8371
2017-06-22,15.8208
2017-06-23,15.8146
2017-06-24,15.7967
2017-06-25,15.7908
2017-06-26,15.7854
2017-06-27,15.7737
2017-06-28,15.7729
2017-06-29,15.7800
2017-06-30,15.7704
2017-07-01,15.7571
2017-07-02,17.4000
2017-07-03,17.4000
2017-07-04,17.4000
2017-07-05,17.4000
2017-07-06,15.7363
2017-07-07,15.7304
2017-07-08,15.7258
2017-07-09,15.7192
2017-07-10,15.7192
2017-07-11,15.7158
2017-07-12,15.7054
2017-07-13,15.7296
2017-07-14,15.7967
2017-07-15,15.8104
2017-07-16,15.8100
2017-07-17,15.8142
2017-07-18,15.8179
2017-07-19,15.8200
2017-07-20,15.8233
2017-07-21,15.8287
2017-07-22,15.8208
2017-07-23,15.8154
2017-07-24,15.8183
2017-07-25,15.8554
2017-07-26,15.8729
2017-07-27,15.8879
2017-07-28,15.8904
2017-07-29,15.8808
2017-07-30,15.8804
2017-07-31,15.8754
2017-08-01,15.8596
2017-08-02,15.8475
2017-08-03,15.8379
2017-08-04,15.8383
2017-08-05,15.8208
2017-08-06,15.8033
2017-08-07,15.7892
2017-08-08,15.7887
2017-08-09,15.7896
2017-08-10,15.7762
2017-08-11,15.7650
2017-08-12,15.7762
2017-08-13,17.7000
2017-08-14,17.7000
2017-08-15,17.7000
2017-08-16,17.7000
2017-08-17,17.7000
2017-08-18,15.7587
2017-08-19,15.7567
2017-08-20,15.7483
2017-08-21,15.7379
2017-08-22,15.7317
2017-08-23,15.7283
2017-08-24,15.7196
2017-08-25,15.7063
2017-08-26,15.6933
2017-08-27,15.6883
2017-08-28,15.6800
2017-08-29,15.6788
2017-08-30,15.6775
2017-08-31,15.6700
2017-09-01,15.6629
2017-09-02,15.6608
2017-09-03,15.6600
2017-09-04,15.6613
2017-09-05,15.6596
2017-09-06,15.6575
2017-09-07,15.6525
2017-09-08,15.6508
2017-09-09,15.6687
2017-09-10,15.6654
2017-09-11,15.6621
2017-09-12,15.6663
2017-09-13,15.6471
2017-09-14,15.6575
2017-09-15,15.6479
2017-09-16,15.6721
2017-09-17,15.6892
2017-09-18,15.6967
2017-09-19,15.7004
2017-09-20,15.7025
2017-09-21,15.7092
2017-09-22,15.7100
2017-09-23,15.7071
2017-09-24,15.7008
2017-09-25,15.7033
2017-09-26,15.7021
2017-09-27,15.6896
2017-09-28,15.6896
2017-09-29,15.6896
2017-09-30,15.6917
2017-10-01,15.7000
2017-10-02,15.7304
2017-10-03,15.7433
2017-10-04,15.7392
2017-10-05,15.7433
2017-10-06,15.7533
2017-10-07,15.7525
2017-10-08,15.7704
2017-10-09,15.7771
2017-10-10,15.7883
2017-10-11,15.7996
2017-10-12,15.8050
2017-10-13,15.8013
2017-10-14,15.8000
2017-10-15,15.8000
2017-10-16,15.8067
2017-10-17,15.8096
2017-10-18,15.8042
2017-10-19,15.8100
2017-10-20,15.8162
2017-10-21,15.8146
2017-10-22,15.8117
2017-10-23,15.8117
2017-10-24,15.8125
2017-10-25,15.8200
2017-10-26,15.8204
2017-10-27,15.8200
2017-10-28,15.8138
2017-10-29,15.8283
2017-10-30,15.8296
2017-10-31,15.8275
2017-11-01,15.8358
2017-11-02,0.0000
2017-11-03,15.8446
2017-11-04,15.8454
2017-11-05,15.8542
2017-11-06,15.8450
2017-11-07,15.8371
2017-11-08,15.8438
2017-11-09,15.8450
2017-11-10,15.8438
2017-11-11,15.8538
2017-11-12,15.8579
2017-11-13,15.8583
2017-11-14,15.8392
2017-11-15,15.8400
2017-11-16,15.8404
2017-11-17,15.8492
2017-11-18,15.8421
2017-11-19,15.8567
2017-11-20,15.8550
2017-11-21,15.8646
2017-11-22,15.8792
2017-11-23,15.9075
2017-11-24,15.9142
2017-11-25,15.9175
2017-11-26,15.9350
2017-11-27,15.9396
2017-11-28,15.9567
2017-11-29,15.9833
2017-11-30,15.9904
2017-12-01,15.9987
2017-12-02,15.9896
2017-12-03,15.9867
2017-12-04,16.0000
2017-12-05,15.9971
2017-12-06,16.0004
2017-12-07,16.0117
2017-12-08,16.0296
2017-12-09,16.0354
2017-12-10,16.0600
2017-12-11,16.1088
2017-12-12,16.1392
2017-12-13,16.1613
2017-12-14,16.2300
2017-12-15,16.3062
2017-12-16,16.3171
2017-12-17,16.3013
2017-12-18,16.2967
2017-12-19,16.3150
2017-12-20,16.3075
2017-12-21,16.3033
2017-12-22,16.2992
2017-12-23,17.8000
2017-12-24,17.8000
2017-12-25,17.8000
2017-12-26,17.8000
2017-12-27,16.3133
2017-12-28,16.3179
2017-12-29,16.2729
2017-12-30,16.2842
2017-12-31,16.3038
2018-01-01,16.3542
2018-01-02,16.4004
2018-01-03,16.4379
2018-01-04,16.5179
2018-01-05,16.5563
2018-01-06,16.5500
2018-01-07,16.5033
2018-01-08,16.4429
2018-01-09,16.4346
2018-01-10,16.4367
2018-01-11,16.4163
2018-01-12,16.3907
