date,0
1971-06-02,0.3766227888769469
1971-07-01,0.3729729632734301
1971-07-31,0.12299460344636115
1971-08-16,0.07016470985556178
1971-08-31,0.019438480038932227
1971-09-14,-0.02941044728591402
1971-09-30,-0.12864828940757078
1971-10-15,-0.12206173379137342
1971-10-28,-0.13373221364791588
1971-11-14,-0.15380450229091014
1971-11-30,-0.01280001605022485
1971-12-15,-0.08190042694381416
1971-12-29,0.008972978733003734
1972-01-13,-0.02332904579633932
1972-01-28,0.033016255734497735
1972-02-16,0.08976463074971175
1972-02-28,0.06819318063806556
1972-03-16,-0.02660325899230398
1972-03-29,-0.05070455252771788
1972-04-14,0.031005871710456434
1972-05-03,-0.019550184394988124
1972-05-15,0.017761512414519398
1972-05-30,-0.05478714490628844
1972-06-14,-0.027866048288004652
1972-07-03,-0.019503446976500527
1972-07-14,-0.017887602085089327
1972-08-01,-0.020566952703926944
1972-08-15,0.008989803559747989
1972-08-29,-0.053837559898732845
1972-09-15,-0.10084725593819077
1972-09-29,-0.12758397421029744
1972-10-17,-0.1977989820420628
1972-11-02,-0.18626998286858
1972-11-15,-0.05199490198032719
1972-11-28,-0.008411945503254525
1972-12-13,-0.03291920374894608
1972-12-28,-0.06592342042574262
1973-01-17,-0.20007810757751454
1973-01-29,-0.172505098889563
1973-02-15,-0.19257966714948094
1973-03-02,0.048215662681731164
1973-03-15,0.002494691758655909
1973-03-29,-0.08433816145393491
1973-04-18,-0.0425779265524755
1973-05-04,-0.07814495095412854
1973-05-14,0.019600489973280677
1973-05-28,0.11682532834155301
1973-06-12,0.030875757670792536
1973-06-28,-0.11717028884994685
1973-08-02,-0.2656573565255843
1973-08-15,-0.23262837213492504
1973-08-27,-0.3693069030756355
1973-09-18,-0.38143103023647584
1973-10-01,-0.22829383715830065
1973-10-18,-0.22479633688699763
1973-10-31,-0.049186011974452715
1973-11-16,-0.006180079424604079
1973-11-29,0.01780138360257566
1973-12-13,0.1925377907778436
1974-01-18,0.2894975385323486
1974-02-01,0.2992021046192448
1974-02-18,0.2579369189534062
1974-03-04,0.16522021232012118
1974-03-19,0.1994651396592868
1974-04-02,0.2525898578074415
1974-04-17,0.09938782132548885
1974-05-02,0.02528780328210556
1974-05-20,-0.0015880172628002232
1974-06-04,-0.05709007077565653
1974-06-18,-0.030816906532342925
1974-07-03,-0.1361307982987343
1974-07-19,-0.16776807247902203
1974-08-02,-0.16739065636774275
1974-08-20,-0.11938489738536773
1974-09-02,-0.23354310400266454
1974-09-18,-0.1056296808608892
1974-10-03,-0.03518636592442492
1974-10-16,0.01698372169220974
1974-10-31,0.2899211997282176
1974-11-20,0.37065288665097285
1974-12-03,0.4682043240065694
1974-12-19,0.5270576936541556
1975-01-03,0.574916339276401
1975-01-15,0.49035541905614477
1975-01-29,0.6262628231721818
1975-02-16,0.4508267866968021
1975-03-06,0.4468811940179689
1975-03-20,0.38760865160659463
1975-04-04,0.5180015287633057
1975-04-17,0.5448511728287606
1975-05-09,0.17982238967464315
1975-05-21,0.3955911955345033
1975-06-02,0.3512778792978608
1975-06-17,0.505435614538065
1975-07-01,0.20017886713871502
1975-07-16,0.15305529640888715
1975-07-30,0.1257275704951364
1975-08-15,0.008853271631289461
1975-08-29,-0.031705719811696564
1975-09-16,0.06792510625529324
1975-10-01,0.028822060847098374
1975-10-15,-0.021911822173492634
1975-10-29,-0.02198808604725322
1975-11-17,0.15328314532899268
1975-12-01,0.1906176067687767
1975-12-16,0.22977227691975155
1975-12-30,0.21676834418604574
1976-01-29,0.4908554206316921
1976-02-16,0.4695906609467727
1976-03-02,0.36913212540588114
1976-03-16,0.3078117588669317
1976-03-30,0.27664318664350995
1976-04-15,0.17769235018370466
1976-04-29,0.14125337700502372
1976-05-17,0.07163766647326719
1976-06-03,0.0411602040326684
1976-06-15,-0.037277513828971376
1976-06-30,-0.09113316703316188
1976-07-19,-0.29201322405130214
1976-08-02,-0.2710908794920698
1976-08-18,-0.4406477801585298
1976-09-01,-0.5023914887427028
1976-09-15,-0.4363601044309585
1976-09-29,-0.4261711254870916
1976-10-18,-0.5437340844153034
1976-11-03,-0.6048272855595156
1976-11-19,-0.5613635475540688
1976-12-02,-0.46532418762439753
1976-12-17,-0.36361612211497807
1976-12-31,-0.3409986293710654
1977-01-19,-0.30570642040987184
1977-02-02,-0.23647022652545835
1977-02-17,-0.1956152792279202
1977-03-03,-0.0815527432925991
1977-03-17,-0.15144810924826801
1977-03-31,-0.19030699177024268
1977-04-18,-0.15125062868618033
1977-05-05,-0.19139113400424201
1977-05-18,-0.13830733193746791
1977-06-01,-0.24468132596911163
1977-06-16,-0.30029026621569477
1977-07-01,-0.36480226234750424
1977-07-19,-0.4111969357580636
1977-08-03,-0.4007591554912753
1977-08-18,-0.4285602663463318
1977-09-01,-0.2976160018449696
1977-09-15,-0.3478095708750555
1977-09-30,-0.43604009646410213
1977-10-18,-0.3534457611575029
1977-11-01,-0.35739858505975397
1977-11-16,-0.11223383269911613
1977-11-30,0.1111898239086162
1977-12-16,0.11040921692728856
1977-12-30,0.1652767461734168
1978-01-19,0.20230304550293
1978-02-01,0.16743089777698472
1978-02-17,0.08788658783836834
1978-03-03,0.14467710296339864
1978-03-17,0.15869296237008879
1978-04-03,0.2934084398173844
1978-04-17,0.2389524399768872
1978-05-03,0.16379291636901328
1978-05-18,0.088361150995381
1978-06-01,0.02216250806725295
1978-06-17,-0.07938446558626011
1978-07-03,-0.03231409534077612
1978-07-18,0.06182324231567837
1978-08-02,-0.14349395159789802
1978-08-17,-0.20532675224041486
1978-08-31,-0.21665556894526306
1978-09-19,-0.24259312041616998
1978-10-04,-0.1752270159036452
1978-10-19,-0.2555929646642294
1978-11-02,-0.26544094214799974
1978-11-17,-0.22225328810862355
1978-12-01,-0.21891982287541
1978-12-19,0.09535226946916997
1979-01-17,0.17897135674477482
1979-02-05,0.36089540603937387
1979-03-05,0.4707394780076346
1979-03-19,0.5818721387997987
1979-04-02,0.5028753666969634
1979-04-19,0.42080884548970077
1979-05-01,0.4356728295528961
1979-05-17,0.48043668462117006
1979-05-31,0.4340645428727705
1979-06-19,0.563169599065309
1979-07-04,0.33992751269560584
1979-07-18,0.19909135699054947
1979-08-02,0.2870454167120198
1979-08-14,0.1802189146287163
1979-08-30,0.19200443649064525
1979-09-19,0.06906974499711227
1979-10-03,0.018719213347147434
1979-10-18,0.040704162520845744
1979-11-01,0.002863701839074473
1979-11-17,0.14546306937755826
1979-12-03,0.0786383580263359
1979-12-19,0.3873814985866957
1980-01-03,0.4862128128997065
1980-01-17,0.46766255194148776
1980-01-31,0.4190510961405246
1980-02-20,0.5360019226144129
1980-03-04,0.46685260784588534
1980-03-19,0.5602905757113217
1980-04-02,0.6519886377452093
1980-04-17,0.5383666551045804
1980-05-01,0.48315517425376975
1980-05-21,0.38682993204127636
1980-06-02,0.34578978828115614
1980-06-20,0.2467392687540515
1980-07-03,0.39096041206876686
1980-07-18,0.5643979080747313
1980-07-31,0.4290495098233371
1980-08-19,0.27497195004917563
1980-09-02,0.2845002518383003
1980-09-18,0.2508878586111627
1980-10-02,0.1492720589070784
1980-10-17,0.1255839403747766
1980-10-31,0.23236481610299797
1980-11-20,0.2990099592201362
1980-12-03,0.3935201852160657
1980-12-18,0.504587734542093
1981-01-05,0.5786055626093932
1981-01-19,0.7810447327264027
1981-02-02,0.6826824546566331
1981-02-19,0.5268027507760724
1981-03-04,0.477582939766261
1981-03-19,0.8416228517718635
1981-04-01,0.7057903207242788
1981-04-16,0.5240002883522201
1981-05-04,0.46032336052697764
1981-05-15,0.4084390556078821
1981-06-03,0.4156268256501875
1981-06-19,0.34568086047101954
1981-07-03,0.3304094938838855
1981-07-17,0.2834958427403462
1981-07-30,0.2894645904998585
1981-08-19,0.11011639132294948
1981-09-02,0.041176776271795834
1981-09-17,-0.0013921840457906676
1981-10-01,-0.030321635765104604
1981-10-19,0.16775539577037102
1981-11-05,0.3196214451945796
1981-11-19,0.16501401063050714
1981-12-03,0.32126245226887584
1981-12-31,0.22686946983324985
1982-01-19,0.2611211298521794
1982-02-02,0.30701741542505356
1982-02-18,0.22894857398017088
1982-03-04,0.2611909047115204
1982-03-18,0.32254314467204637
1982-04-01,0.19385445540722746
1982-04-16,0.15529453362022694
1982-05-03,0.0936676894470787
1982-05-13,0.0332208427506695
1982-05-27,-0.011617564315979934
1982-06-18,-0.0786485648217421
1982-07-01,-0.04498053844098937
1982-07-19,-0.16155695854042773
1982-08-02,-0.21181753692622696
1982-08-19,-0.2209165165040341
1982-08-31,-0.21077576446723123
1982-09-16,-0.24308792850073302
1982-09-30,-0.3707488589333485
1982-10-19,-0.13484997543692323
1982-11-02,-0.2843108090217483
1982-11-18,-0.24877901623888476
1982-12-02,-0.19267956971549483
1982-12-16,-0.03574314467479489
1982-12-30,0.04215746018751765
1983-01-20,0.14637615555384764
1983-02-03,0.3011708303695453
1983-02-17,0.1638215034008763
1983-03-03,0.07535935596230003
1983-03-17,-0.015449579058813168
1983-03-31,0.28287623187458033
1983-04-19,0.16353151222132545
1983-05-03,0.3625534870623932
1983-05-19,0.27412220222691963
1983-06-02,0.3650365806753977
1983-06-16,0.12673634694438296
1983-06-30,-0.022526882715799168
1983-07-19,-0.1663403752302144
1983-08-04,-0.21785426250640727
1983-08-18,-0.2881066753392789
1983-09-01,-0.3576811430610205
1983-09-19,-0.16858594930028326
1983-10-05,-0.32478969293329096
1983-10-19,-0.2962376610588553
1983-11-03,-0.24750136231786501
1983-11-17,-0.3827378655401692
1983-12-19,-0.02801720002746988
1984-01-02,0.20423823342592895
1984-01-19,0.3296878939473826
1984-02-01,0.4588352790442667
1984-02-16,0.45596741625212545
1984-03-01,0.23943616110048072
1984-03-15,0.2041374130398228
1984-04-02,0.28547571131120963
1984-04-19,0.16458778897686743
1984-05-02,0.11349165569010622
1984-05-15,0.06352703540083149
1984-05-30,0.2135878493372465
1984-06-19,0.11936024033887249
1984-07-02,0.025707574173398973
1984-07-19,0.09548400207504071
1984-08-02,-0.013369927892625588
1984-08-16,-0.09592641703905591
1984-08-31,-0.1493626273475268
1984-09-19,-0.051020549539563476
1984-10-03,0.18002691991839792
1984-10-18,0.1303837977747324
1984-10-29,0.23069891649881424
1984-11-15,0.0735657314008753
1984-11-28,0.28644184137459994
1984-12-19,0.15059535112780553
1985-01-29,0.2627985894405509
1985-02-15,0.14372809026129318
1985-03-01,0.12684250966000454
1985-03-15,0.12976428200363288
1985-03-29,0.1325788405404149
1985-04-15,0.3568702288276351
1985-05-02,0.09137793648236014
1985-05-14,0.055358681757104566
1985-05-29,0.0002524257220528625
1985-07-02,0.08132560922465659
1985-07-18,-0.04670547864316288
1985-08-01,0.07567428677047472
1985-08-15,0.04465238084711176
1985-08-30,0.014670696816897255
1985-09-17,-0.0038490273923270646
1985-09-30,-0.0625254264044921
1985-10-16,-0.17157242072753176
1985-10-29,-0.22094341694532438
1985-11-15,-0.06021589284889162
1985-11-28,-0.15965908864749445
1985-12-18,-0.02804961029755293
1986-01-13,0.2622076755757383
1986-01-28,0.3646911967408235
1986-02-14,0.09449085895002218
1986-03-05,-0.04975554078368338
1986-03-19,-0.04413219460798845
1986-04-04,0.07853820649651011
1986-04-17,-0.014214804344067966
1986-05-02,-0.029695344153962022
1986-05-20,-0.05633914860745959
1986-05-27,-0.09671018045485202
1986-06-19,-0.1882210016613204
1986-07-02,-0.2322531460648467
1986-07-17,-0.3337575997929747
1986-07-30,-0.3307262754452669
1986-08-14,-0.4683407054939024
1986-08-28,-0.36551955527126956
1986-09-15,-0.45879844619339316
1986-10-01,-0.5464151489026441
1986-10-17,-0.6062644821520282
1986-10-30,-0.2004690715653361
1986-11-17,-0.37563552361284214
1986-12-01,-0.2062285379187252
1986-12-16,-0.24588054436451756
1987-01-28,-0.20691207998631955
1987-02-16,-0.19506558874561142
1987-03-02,-0.10711547511640429
1987-03-17,-0.16590876136193589
1987-04-01,-0.01326656040037344
1987-04-15,0.0029295593692573174
1987-04-29,-0.1430832887351252
1987-05-15,-0.1536743660252713
1987-06-02,-0.121719775361125
1987-06-16,-0.09237111905988749
1987-07-01,-0.18158369854048795
1987-07-17,-0.1183952775468815
1987-07-30,0.1621117558723686
1987-09-28,0.005558262943841097
1987-10-19,0.11943972332550423
1987-10-29,0.07979849069533174
1987-11-12,-0.021468933905587573
1987-12-01,0.23563392941180128
1987-12-18,0.037451927503941995
1987-12-29,0.1877626981345002
1988-01-15,0.3502711670164227
1988-01-28,0.5544560200537669
1988-02-16,0.6486965828228841
1988-03-01,0.432487151320641
1988-03-18,0.4995943229587183
1988-03-31,0.6004720820771994
1988-04-15,0.41353290297409884
1988-04-29,0.32381173158299315
1988-05-17,0.2876945145320424
1988-05-30,0.21086832928070787
1988-06-16,0.1771242060798539
1988-06-29,0.11278916239070957
1988-07-18,0.2438267204197655
1988-08-01,0.1726003344647855
1988-08-18,-0.02054210991286376
1988-09-01,-0.05415135684879169
1988-09-15,-0.07367477834609248
1988-09-29,-0.03833301247316401
1988-10-14,0.07418071637584656
1988-10-31,-0.10041169240123926
1988-11-17,-0.1581122538492934
1988-12-01,-0.24477676926610226
1988-12-20,-0.03286228846771477
1988-12-30,0.023812029307390237
1989-01-17,0.024842390357216138
1989-01-31,-0.08698694752570191
1989-02-16,-0.10257133867018853
1989-03-02,0.030533027925850886
1989-03-16,0.14112881682563883
1989-04-03,0.20500881375873314
1989-04-17,0.25322191539983185
1989-05-01,0.12073325596588114
1989-05-17,-0.006678277676994471
1989-05-30,-0.12345586417495147
1989-06-16,-0.10448900587312382
1989-06-30,-0.16072004985057986
1989-07-18,-0.19301194901943797
1989-08-01,-0.2327218940539093
1989-08-17,-0.2817829588687766
1989-08-31,-0.24931221905756895
1989-09-19,-0.1269097364995848
1989-10-02,-0.22760783132581186
1989-10-17,-0.2108303067730506
1989-10-31,-0.17520606017212526
1989-11-16,-0.18305819105637333
1989-11-30,-0.25175853941876203
1989-12-19,-0.04183838727489997
1990-01-02,-0.02449988450708518
1990-01-18,-0.13325143142614948
1990-02-01,-0.001403738544366373
1990-02-15,0.12667867323990167
1990-03-01,0.24579795122483494
1990-03-16,0.037015350365096955
1990-03-30,-0.06148728151070104
1990-04-18,-0.09710528140978103
1990-05-03,-0.18276182560464505
1990-05-17,-0.17637722750084728
1990-05-31,-0.23967503395934808
1990-06-18,-0.2744280524987348
1990-07-02,-0.31810232125041993
1990-07-19,-0.38829906455248375
1990-08-02,-0.44239048950823
1990-08-16,-0.48730741402723354
1990-09-03,-0.416990989227338
1990-09-20,-0.49836821429219125
1990-10-04,-0.43531955613972984
1990-10-18,-0.49934659733561015
1990-11-01,-0.39277760990438293
1990-11-16,-0.3940205414286799
1990-11-30,-0.2756926685908292
1990-12-19,-0.3289098592906099
1991-01-02,-0.12493042984349656
1991-01-17,-0.07460506017524682
1991-01-31,-0.22486055953042872
1991-02-19,-0.3199329675500082
1991-03-03,-0.26916936264907854
1991-03-18,-0.32488701008918897
1991-04-02,-0.3384478346398436
1991-04-17,-0.37262111125156006
1991-05-02,-0.356184416586073
1991-05-16,-0.38310476031595875
1991-05-30,-0.38081366629134705
1991-06-19,-0.3047865580879112
1991-07-03,-0.016833140299742144
1991-07-18,-0.15687283596417467
1991-08-01,-0.22923919095946732
1991-08-16,-0.30663932234459645
1991-08-29,-0.35507823540669015
1991-09-18,-0.3271994701761325
1991-10-02,-0.3251771708410778
1991-10-18,-0.3916788275871821
1991-11-01,-0.4567976418422075
1991-11-18,-0.16322521855129013
1991-12-02,-0.20885214600216773
1991-12-17,-0.26800571080136715
1992-01-17,-0.10396569414331402
1992-01-30,-0.16393639798142523
1992-02-17,-0.19528107121925964
1992-03-02,-0.22002205273454645
1992-03-18,-0.06253297581260431
1992-03-31,-0.08671319950304368
1992-04-16,-0.1285816921554339
1992-04-28,-0.1215067704332482
1992-05-15,-0.15544952247419452
1992-06-18,-0.25536261557544315
1992-07-02,-0.3496849904886854
1992-07-16,-0.27557217567769854
1992-07-30,-0.341051097505215
1992-08-18,-0.20259884671558215
1992-08-27,-0.16084160759075683
1992-09-17,-0.20349220785847533
1992-10-01,-0.2777684289938984
1992-10-15,-0.31258152646800963
1992-11-02,-0.056345025362392276
1992-11-17,0.02840569638969126
1992-12-02,0.12309095597226904
1992-12-17,0.1311333469577567
1993-02-02,0.08542350423463385
1993-02-18,-0.006273379322129458
1993-03-04,-0.04915773157814396
1993-03-18,-0.04136129312595527
1993-04-01,-0.023914083340548453
1993-05-03,-0.12210548435074431
1993-05-18,-0.17090965801214297
1993-06-01,-0.20038153977352913
1993-06-29,-0.2666122548989345
1993-07-15,-0.20009565314169242
1993-07-29,-0.02011052095079613
1993-08-18,-0.09090052715967012
1993-09-01,-0.15770996896338163
1993-09-16,-0.05054226213150037
1993-10-01,0.03579560582577246
1993-10-18,0.05133521541804509
1993-11-03,-0.03549474909190886
1993-11-18,0.10004167346290926
1993-12-02,0.05399651794734095
1993-12-16,0.2773900047350586
1993-12-30,0.4095842073461675
1994-01-18,0.5151153496418246
1994-02-01,0.5819597537324532
1994-02-18,0.4192387688356336
1994-03-03,0.401141868547918
1994-03-17,0.4423570880980119
1994-03-31,0.552593370989872
1994-04-19,0.5260099349894463
1994-05-02,0.4063277808521326
1994-05-19,0.3702386469555399
1994-05-31,0.3953465661095745
1994-06-16,0.43140716831799364
1994-06-30,0.31808318324615703
1994-07-19,0.16074916897217184
1994-08-01,0.15368919786527613
1994-08-19,0.18076146023414053
1994-09-02,0.09590414260329738
1994-09-19,0.19115206774989169
1994-10-03,0.2893386516502039
1994-10-19,0.2301865448939011
1994-11-02,0.5316861807001216
1994-11-17,0.43657333331382864
1994-12-02,0.3219502395043963
1994-12-15,0.34828081269888456
1994-12-29,0.6951480571356243
1995-01-18,0.4911425141539041
1995-02-01,0.6842502592907198
1995-02-17,0.5987559833256524
1995-03-02,0.5026029874357398
1995-03-16,0.4920301230942665
1995-03-30,0.47175234467921645
1995-04-20,0.4364329639339519
1995-05-03,0.35791333792503965
1995-05-18,0.3017995314183959
1995-06-01,0.4053860391081172
1995-06-15,0.4371176331447193
1995-06-29,0.2884304558556674
1995-07-13,0.20823622762697713
1995-07-31,0.13017543561811817
1995-08-16,0.06763770663163826
1995-08-28,0.07020515205415712
1995-09-15,0.02783774459791033
1995-09-29,0.1325779071460753
1995-10-17,0.04433563249450678
1995-10-30,-0.0468310425243208
1995-11-16,-0.08961386550241746
1995-11-29,-0.025103895775073548
1995-12-14,-0.09291852838788794
1996-01-18,-0.1764176595494007
1996-01-31,-0.5631100814378167
1996-02-14,-0.20218231638891604
1996-02-28,-0.14339889342685064
1996-03-15,-0.23821769451766905
1996-03-29,-0.29801391466957705
1996-04-17,-0.2583960995044865
1996-05-02,-0.2754504704653944
1996-05-13,-0.3427831064865756
1996-05-28,-0.3626516406128828
1996-06-14,-0.40641495820628126
1996-06-28,-0.4584517483328818
1996-07-17,-0.4208816268268796
1996-07-31,-0.478577241775169
1996-08-16,-0.5069731435927756
1996-08-29,-0.3644115118949871
1996-09-14,-0.3525647951989068
1996-10-02,-0.38167405312325564
1996-10-16,-0.35287723517138203
1996-10-30,-0.3077070603040286
1996-11-15,-0.03567149825330129
1996-11-29,0.03397338970953734
1996-12-16,-0.042697626251820164
1997-01-15,-0.11678554030640176
1997-01-29,-0.13399807410933717
1997-02-14,0.12807899517470478
1997-02-28,0.13933158888266006
1997-03-13,0.0880809809965688
1997-03-28,0.055796598032961775
1997-04-17,-0.024875498357588288
1997-05-01,-0.014353457464062247
1997-05-15,0.06213531059222377
1997-05-29,0.06967501517957642
1997-06-16,-0.07610865179777448
1997-06-30,-0.11121233725051027
1997-07-30,-0.12251637811741611
1997-08-14,-0.22882409339361098
1997-08-28,-0.11685337812813312
1997-09-01,-0.12191526482802884
1997-09-18,-0.2800880632116991
1997-10-01,-0.3645480595219375
1997-10-15,-0.11520513131034349
1997-10-29,-0.24496673811543124
1997-11-17,-0.30586443525288365
1997-11-27,-0.27957877853254076
1997-12-18,-0.13067444975572928
1998-01-15,0.14378968081782983
1998-01-29,0.08377192763157804
1998-02-18,-0.031960683500655396
1998-03-04,0.017358622452262384
1998-03-18,0.30496613912629056
1998-04-01,0.17190453124196137
1998-06-17,0.3773206636548647
1998-07-01,0.20179511549859863
1998-07-15,0.09525364506339207
1998-07-30,-0.013333894269797142
1998-08-19,-0.07898810262124445
1998-09-01,-0.01948733010146597
1998-09-16,0.29714655785164634
1998-09-30,0.1354402678230715
1998-10-19,0.2244763447932785
1998-10-29,0.4903708505722373
1998-11-18,0.578934412195613
1998-12-03,0.43435589175483824
1998-12-17,0.5284786608929444
1999-01-18,0.5525342672985807
1999-02-02,0.4614447938792763
1999-02-17,0.49577103515270005
1999-03-04,0.7290740690564566
1999-03-18,0.49090955534341973
1999-03-31,0.4222842878765025
1999-04-15,0.4996360097395274
1999-04-29,0.37624765424997975
1999-05-19,0.2951404156849773
1999-06-01,0.21503912718251428
1999-06-17,0.18986744382940457
1999-07-01,0.1548688950049606
1999-07-15,0.0377205212313918
1999-07-28,0.000624430523737507
1999-08-31,-0.10315027009991495
1999-09-16,-0.0628131219985264
1999-09-29,-0.12036050187269187
1999-10-20,-0.025037019437209596
1999-11-02,-0.07642505604582817
1999-11-18,-0.024257403640914887
1999-12-02,0.0177897462290888
1999-12-15,0.27296120180023387
2000-01-18,0.24421822209201927
2000-02-01,0.2127493683313162
2000-02-17,0.29093400683693993
2000-03-01,0.44722826637969604
2000-03-16,0.4042506898006264
2000-03-30,0.3204472143800161
2000-04-19,0.18446456791446875
2000-05-03,0.14568322024034552
2000-05-15,0.1027340671631285
2000-05-29,0.13871396629427535
2000-06-28,-0.0182235071863468
2000-07-14,-0.012845713613768739
2000-08-01,-0.7854526165549094
2000-08-14,-0.09603293661043844
2000-08-28,-0.17843561564838128
2000-09-14,-0.09141473419059909
2000-09-28,-0.13878485263618368
2000-10-16,-0.0838398189146401
2000-10-28,-0.020249444081314794
2000-11-14,0.17415408473811445
2000-11-28,0.24743567253949594
2000-12-14,0.29239986965008513
2001-01-15,0.31446925374830514
2001-01-28,0.31005939841414776
2001-02-14,0.4745683793593949
2001-02-28,0.35910557308764934
2001-03-15,0.31978112309212037
2001-06-15,0.06427559354745438
2001-06-28,0.014100047492961343
2001-07-16,-0.013904200904567121
2001-08-03,-0.023923531078412053
2001-08-15,0.05275903790796099
2001-08-29,-0.07480961722529655
2001-09-14,0.041396516722216115
2001-09-28,0.2662582931415378
2001-10-31,-0.022862801051254822
2001-11-15,-0.01476627786804885
2001-11-28,0.024147942927844834
2001-12-13,0.11694936093366648
2002-01-17,0.7935166322812235
2002-01-29,0.42189504265042
2002-02-19,0.4012946925464298
2002-03-06,0.45502248089370756
2002-03-19,0.28519343991005863
2002-03-29,0.2325881066238049
2002-05-05,0.12218433514796367
2002-05-17,0.10011848561410819
2002-05-31,0.06715279891976822
2002-06-20,0.037782690568226585
2002-06-28,0.03373920839794442
2002-07-18,0.013074652899545125
2002-08-15,0.05505447734556057
2002-08-30,-0.05648995162635018
2002-09-23,-0.140239308961156
2002-09-30,-0.18031851263845544
=======
1971-06-02,1.2979392941952337
1971-07-01,1.3074243509551573
1971-07-31,1.082012055200423
1971-08-16,1.042113246691899
1971-08-31,1.002401694283607
1971-09-14,0.9626975931651429
1971-09-30,0.8729188164920486
1971-10-15,0.884852239035797
1971-10-28,0.8760367787310763
1971-11-14,0.8574073389462662
1971-11-30,0.9982049415796072
1971-12-15,0.92844500118402
1971-12-29,1.018513322336664
1972-01-13,0.9871925731702078
1972-01-28,1.0460265824690453
1972-02-16,1.105918327263127
1972-02-28,1.0860371748529947
1972-03-16,0.9950040425386575
1972-03-29,0.9744057854200923
1972-04-14,1.0626555785279879
1972-05-03,1.021422222675443
1972-05-15,1.062631930390835
1972-05-30,0.9936597521319311
1972-06-14,1.0119150513133992
1972-07-03,0.9989235929845502
1972-07-14,0.9887617500291443
1972-08-01,0.9681204566824816
1972-08-15,0.9925815656569844
1972-08-29,0.9289185257337799
1972-09-15,0.8857486798353373
1972-09-29,0.8643357128040284
1972-10-17,0.796830329369208
1972-11-02,0.8083915406615799
1972-11-15,0.9460798280252589
1972-11-28,0.9944446790023352
1972-12-13,0.9747094529647398
1972-12-28,0.9453394618390425
1973-01-17,0.8154555881781392
1973-01-29,0.8454458293436946
1973-02-15,0.8267257599689825
1973-03-02,1.0674640680167486
1973-03-15,1.0250431078977245
1973-03-29,0.943297405680881
1973-04-18,0.9927355392824774
1973-05-04,0.962804977164704
1973-05-14,1.0632636785230032
1973-05-28,1.1637039877168922
1973-06-12,1.0825714976693623
1973-06-28,0.9412423609250411
1973-08-02,0.8026059872228718
1973-08-15,0.8408928583873183
1973-08-27,0.7097938419613983
1973-09-18,0.7087122785489519
1973-10-01,0.8684144713183991
1973-10-18,0.8789873517420761
1973-10-31,1.0592930914992456
1973-11-16,1.1026335066520134
1973-11-29,1.124483190099033
1973-12-13,1.2956217283744362
1974-01-18,1.3845554861239355
1974-02-01,1.3936394601706625
1974-02-18,1.3466664620662898
1974-03-04,1.2479495723054916
1974-03-19,1.2772320707418445
1974-04-02,1.326676854484077
1974-04-17,1.1739095927754521
1974-05-02,1.1022676484206828
1974-05-20,1.0806866796727113
1974-06-04,1.030198825978436
1974-06-18,1.0604818341918882
1974-07-03,0.9600354710825436
1974-07-19,0.9434427448146354
1974-08-02,0.9602490269519474
1974-08-20,1.029475153512122
1974-09-02,0.9295772546846138
1974-09-18,1.0652303335435893
1974-10-03,1.1383653912881229
1974-10-16,1.190130658831739
1974-10-31,1.4611455853374031
1974-11-20,1.5340913255943263
1974-12-03,1.625105770398391
1974-12-19,1.6756260369795646
1975-01-03,1.7157863997197427
1975-01-15,1.6255790152404395
1975-01-29,1.7554014610146518
1975-02-16,1.5682921364006932
1975-03-06,1.5501665553187696
1975-03-20,1.4803173291625311
1975-04-04,1.6002024770275194
1975-04-17,1.6195136012767202
1975-05-09,1.2465878417222078
1975-05-21,1.4634166728740148
1975-06-02,1.4217433651130593
1975-06-17,1.5746317034888342
1975-07-01,1.266424225892596
1975-07-16,1.2104595802854217
1975-07-30,1.1727251766624966
1975-08-15,1.0495296691369873
1975-08-29,1.0070435050692734
1975-09-16,1.0999425054603398
1975-10-01,1.0521687377291273
1975-10-15,0.9868901468520488
1975-10-29,0.969847370620318
1975-11-17,1.121362647613221
1975-12-01,1.1417024285045674
1975-12-16,1.1625223230390946
1975-12-30,1.1329627597299037
1976-01-29,1.4010617915620642
1976-02-16,1.3871641040387632
1976-03-02,1.29550309370802
1976-03-16,1.2440784102659799
1976-03-30,1.2233443073824954
1976-04-15,1.1343923516482246
1976-04-29,1.1051807195752046
1976-05-17,1.044807253818613
1976-06-03,1.0238273784813017
1976-06-15,0.9586609566343869
1976-06-30,0.9246279262444598
1976-07-19,0.7642339982577753
1976-08-02,0.8198460830620736
1976-08-18,0.6948875863735577
1976-09-01,0.6727053695372102
1976-09-15,0.7679047990641742
1976-09-29,0.801596110251643
1976-10-18,0.7061966082463559
1976-11-03,0.6583104988192713
1976-11-19,0.7104534931672615
1976-12-02,0.8114043305559479
1976-12-17,0.9141147683190911
1976-12-31,0.9355586472340542
1977-01-19,0.9855910748380308
1977-02-02,1.0712394557319855
1977-02-17,1.1240535842457564
1977-03-03,1.2461990214498848
1977-03-17,1.179393793855022
1977-03-31,1.141228569223012
1977-04-18,1.1812521611823443
1977-05-05,1.1413991329005537
1977-05-18,1.192677468440146
1977-06-01,1.0834764501098617
1977-06-16,1.0180169838436235
1977-07-01,0.9407867499413787
1977-07-19,0.8804812361645132
1977-08-03,0.880242729372291
1977-08-18,0.8411536209837974
1977-09-01,0.961634358565174
1977-09-15,0.8956884237977042
1977-09-30,0.7884716556964955
1977-10-18,0.8489598564570686
1977-11-01,0.8289379196083992
1977-11-16,1.0525766020675864
1977-11-30,1.2547244812583327
1977-12-16,1.2274034900953865
1977-12-30,1.2587640835016005
1978-01-19,1.2672644695558697
1978-02-01,1.2164634511336891
1978-02-17,1.1172947079947864
1978-03-03,1.1577163151399215
1978-03-17,1.157141401717355
1978-04-03,1.2764692378607527
1978-04-17,1.2139958135848
1978-05-03,1.1324268310766619
1978-05-18,1.052098852002696
1978-06-01,0.9820122365254335
1978-06-17,0.886005621682073
1978-07-03,0.9427706002401387
1978-07-18,1.0439262392022486
1978-08-02,0.8446410609763326
1978-08-17,0.7921364391600909
1978-08-31,0.7907127662139039
1978-09-19,0.7731057965733403
1978-10-04,0.8444598847991626
1978-10-19,0.7657767757502077
1978-11-02,0.7564856666663083
1978-11-17,0.7980721245470063
1978-12-01,0.7988944077411205
1978-12-19,1.1031319291575215
1979-01-17,1.171854877938569
1979-02-05,1.3500436817181232
1979-03-05,1.45185407957091
1979-03-19,1.5545767849694418
1979-04-02,1.4660498740060042
1979-04-19,1.375074413807191
1979-05-01,1.384572828190081
1979-05-17,1.4238033429814534
1979-05-31,1.3734245018424767
1979-06-19,1.5011852393893867
1979-07-04,1.2795626097915105
1979-07-18,1.145746079824302
1979-08-02,1.2435456249100474
1979-08-14,1.1438435167755991
1979-08-30,1.164312633906707
1979-09-19,1.0469918005980725
1979-10-03,0.9982607547809013
1979-10-18,1.019746446561672
1979-11-01,0.9804628424372347
1979-11-17,1.1209083326747484
1979-12-03,1.0513196717119342
1979-12-19,1.353699719958137
1980-01-03,1.44507340306078
1980-01-17,1.4171235876693944
1980-01-31,1.3582775133518727
1980-02-20,1.459544203125617
1980-03-04,1.3800422562594552
1980-03-19,1.460929633941985
1980-04-02,1.5412658569054096
1980-04-17,1.419279579433347
1980-05-01,1.3581314651184024
1980-05-21,1.269350253791151
1980-06-02,1.236586978419113
1980-06-20,1.1474712732067671
1980-07-03,1.298029401735157
1980-07-18,1.4782367947807726
1980-07-31,1.3483489571516747
1980-08-19,1.2057988510175346
1980-09-02,1.2247555295451895
1980-09-18,1.1973025832035582
1980-10-02,1.0988119899104418
1980-10-17,1.0725895293993817
1980-10-31,1.1746254801746407
1980-11-20,1.2347673107245503
1980-12-03,1.3249077213131433
1980-12-18,1.4274408422611113
1981-01-05,1.489270618421111
1981-01-19,1.6806734880029512
1981-02-02,1.5712786607954965
1981-02-19,1.408072779425571
1981-03-04,1.3560863213328875
1981-03-19,1.7223459572889317
1981-04-01,1.5905639849601392
1981-04-16,1.4115787982199148
1981-05-04,1.3515211709406365
1981-05-15,1.307379774010586
1981-06-03,1.3327724463442574
1981-06-19,1.2868003777860593
1981-07-03,1.2943704399233844
1981-07-17,1.2662129885211284
1981-07-30,1.2874664722702998
1981-08-19,1.1409044572286693
1981-09-02,1.0979826477788697
1981-09-17,1.0792928463274203
1981-10-01,1.0702222030522408
1981-10-19,1.2846560461747367
1981-11-05,1.447020069173417
1981-11-19,1.2983235212415216
1981-12-03,1.4589858590023927
1981-12-31,1.3699111318204866
1982-01-19,1.4087018940014833
1982-02-02,1.4582404223049565
1982-02-18,1.3805055822753873
1982-03-04,1.4116072159504613
1982-03-18,1.471731056654577
1982-04-01,1.3417427862417721
1982-04-16,1.3078188844113372
1982-05-03,1.25488974210234
1982-05-13,1.202427423664583
1982-05-27,1.1702465976161924
1982-06-18,1.1270133579023756
1982-07-01,1.175887151746179
1982-07-19,1.083163127108181
1982-08-02,1.0519696672383962
1982-08-19,1.0690771562467927
1982-08-31,1.0979519153492667
1982-09-16,1.0883179731684924
1982-09-30,0.9787044297461749
1982-10-19,1.225634793736795
1982-11-02,1.0787634001475457
1982-11-18,1.11203747320235
1982-12-02,1.1636875514598137
1982-12-16,1.3088695493867422
1982-12-30,1.3719524968391223
1983-01-20,1.4530976782571001
1983-02-03,1.5931859248501496
1983-02-17,1.4426943600984483
1983-03-03,1.3422822402198467
1983-03-17,1.2414367719732908
1983-03-31,1.5309597589525537
1983-04-19,1.4070276243381885
1983-05-03,1.6054520768447205
1983-05-19,1.5158255148320903
1983-06-02,1.6059412807480984
1983-06-16,1.3723221624914188
1983-06-30,1.2300631710237242
1983-07-19,1.1043643813524504
1983-08-04,1.0716233035303688
1983-08-18,1.019638880947179
1983-09-01,0.9686410146735498
1983-09-19,1.1729875933439065
1983-10-05,1.0255798265953726
1983-10-19,1.0578165248660027
1983-11-03,1.1088419283031965
1983-11-17,0.977489793908404
1983-12-19,1.3385462643107213
1984-01-02,1.569980459439976
1984-01-19,1.6733435616624424
1984-02-01,1.7791650462233803
1984-02-16,1.7501188419154994
1984-03-01,1.5100888316037304
1984-03-15,1.4630025898193046
1984-04-02,1.537366435955657
1984-04-19,1.414905412516715
1984-05-02,1.3641171825785108
1984-05-15,1.3143051506418648
1984-05-30,1.4645630700463483
1984-06-19,1.373129290520322
1984-07-02,1.2824029832454773
1984-07-19,1.3598030560699546
1984-08-02,1.2585657502496437
1984-08-16,1.186335407619705
1984-08-31,1.1449843132735973
1984-09-19,1.249725212961195
1984-10-03,1.4819051222788833
1984-10-18,1.4325138562204713
1984-10-29,1.532684529349094
1984-11-15,1.3737451454705363
1984-11-28,1.5843543683899028
1984-12-19,1.4384305223890332
1985-01-29,1.5421371173571072
1985-02-15,1.423408704272113
1985-03-01,1.4048198494355755
1985-03-15,1.4054062470773014
1985-03-29,1.4056775167653974
1985-04-15,1.626292898942748
1985-05-02,1.3566818289487932
1985-05-14,1.317179050247061
1985-05-29,1.2575652584815311
1985-07-02,1.3350333907289849
1985-07-18,1.211688976538386
1985-08-01,1.340042029390554
1985-08-15,1.3118123771369243
1985-08-30,1.2832219058781265
1985-09-17,1.264363124517142
1985-09-30,1.204804420779259
1985-10-16,1.0947820423445642
1985-10-29,1.0447004784332399
1985-11-15,1.2046776261006658
1985-11-28,1.1046850211385622
1985-12-18,1.2350217990252712
1986-01-13,1.518517363155745
1986-01-28,1.6114123790663428
1986-02-14,1.3312504592670535
1986-03-05,1.179460767146459
1986-03-19,1.1857868629987431
1986-04-04,1.3129138823021054
1986-04-17,1.229014034740394
1986-05-02,1.2263835865655826
1986-05-20,1.2216759897784137
1986-05-27,1.1905975476693822
1986-06-19,1.1355961297724124
1986-07-02,1.1139677537938735
1986-07-17,1.0350579468152885
1986-07-30,1.0557837513361317
1986-08-14,0.942340494495974
1986-08-28,1.0696573641324734
1986-09-15,1.0080100064738107
1986-10-01,0.9473864040547249
1986-10-17,0.909350500115094
1986-10-30,1.330421884086844
1986-11-17,1.160022643313285
1986-12-01,1.325032318062903
1986-12-16,1.277399944851778
1987-01-28,1.3160932635820795
1987-02-16,1.336595590966447
1987-03-02,1.4281270598331472
1987-03-17,1.3640435169244718
1987-04-01,1.5074751934426023
1987-04-15,1.5228238016308817
1987-04-29,1.3794155292053332
1987-05-15,1.3701644076496402
1987-06-02,1.4014929906453373
1987-06-16,1.4250761305891075
1987-07-01,1.3273969865404058
1987-07-17,1.3793052134862434
1987-07-30,1.6500890658969338
1987-09-28,1.4365310521640775
1987-10-19,1.527051778741248
1987-10-29,1.4770357944390626
1987-11-12,1.359132211769182
1987-12-01,1.5915591821515986
1987-12-18,1.3658754142687628
1987-12-29,1.4975489543465437
1988-01-15,1.6298898145459686
1988-01-28,1.8109676845679117
1988-02-16,1.8721056002189425
1988-03-01,1.6325584597049432
1988-03-18,1.6791152739302253
1988-03-31,1.7674819518012197
1988-04-15,1.573249145157172
1988-04-29,1.4806697605830863
1988-05-17,1.440914636641805
1988-05-30,1.3613701156115732
1988-06-16,1.334705410461247
1988-06-29,1.280880183804556
1988-07-18,1.4414206202403717
1988-08-01,1.397281147159907
1988-08-18,1.248642271009119
1988-09-01,1.2548027919714948
1988-09-15,1.2619631167641114
1988-09-29,1.3171094293905077
1988-10-14,1.4422210293859878
1988-10-31,1.2755684217871177
1988-11-17,1.2190979698762134
1988-12-01,1.1306581334988208
1988-12-20,1.3340775104888354
1988-12-30,1.3850730399868454
1989-01-17,1.3757711839122433
1989-01-31,1.2559409625199267
1989-02-16,1.2342397885135747
1989-03-02,1.3633400976250305
1989-03-16,1.4659770521285957
1989-04-03,1.517922313874747
1989-04-17,1.5577580839201253
1989-05-01,1.4175738024317182
1989-05-17,1.2976708681413034
1989-05-30,1.192604830923133
1989-06-16,1.2236918118570677
1989-06-30,1.1751273268821807
1989-07-18,1.154087131627839
1989-08-01,1.1235033926517273
1989-08-17,1.0777355969188025
1989-08-31,1.1100262773259082
1989-09-19,1.224573124357441
1989-10-02,1.1162471074199287
1989-10-17,1.125674066222219
1989-10-31,1.1551820023547317
1989-11-16,1.1373753460430862
1989-11-30,1.058730287086922
1989-12-19,1.2639602873281166
1990-01-02,1.2816450965962787
1990-01-18,1.1783629462534557
1990-02-01,1.3168270298168394
1990-02-15,1.4485749242938855
1990-03-01,1.569912502692369
1990-03-16,1.3613976767097937
1990-03-30,1.262162379290204
1990-04-18,1.2296625440303601
1990-05-03,1.1483382012896597
1990-05-17,1.1583430607686398
1990-05-31,1.0984269289601958
1990-06-18,1.0742721660437982
1990-07-02,1.0418849763359905
1990-07-19,1.0012701638583434
1990-08-02,0.9764470698316103
1990-08-16,0.9632498940903956
1990-09-03,1.0726555660912234
1990-09-20,1.0052734266359096
1990-10-04,1.0711794828504198
1990-10-18,1.0047254175762006
1990-11-01,1.1064556233749885
1990-11-16,1.0980368172741681
1990-11-30,1.2087530348017452
1990-12-19,1.1475373170786596
1991-01-02,1.346878930302129
1991-01-17,1.395119089962693
1991-01-31,1.2441700019831154
1991-02-19,1.1581957988386857
1991-03-03,1.216615075044675
1991-03-18,1.1619593023128707
1991-04-02,1.1453338271904325
1991-04-17,1.1005373910444551
1991-05-02,1.1033665693882966
1991-05-16,1.0638988813075116
1991-05-30,1.0539829412489878
1991-06-19,1.1075814696578257
1991-07-03,1.378770552090928
1991-07-18,1.2258965560932598
1991-08-01,1.1442559129629117
1991-08-16,1.067688426612196
1991-08-29,1.0240998681225175
1991-09-18,1.0621427279250657
1991-10-02,1.0718016450899333
1991-10-18,1.0126038631972245
1991-11-01,0.9530791158125179
1991-11-18,1.2469792318862887
1991-12-02,1.1989430426413397
1991-12-17,1.1323255584331013
1992-01-17,1.2754670261301175
1992-01-30,1.2059806588494209
1992-02-17,1.16443886707287
1992-03-02,1.1335591256199582
1992-03-18,1.283880339940045
1992-03-31,1.254093317792307
1992-04-16,1.2108738491157662
1992-04-28,1.2191378207264036
1992-05-15,1.1881800376553413
1992-06-18,1.102934258321359
1992-07-02,1.0205273147316671
1992-07-16,1.1086032428405177
1992-07-30,1.0575848308726719
1992-08-18,1.2039412902433781
1992-08-27,1.24626460374551
1992-09-17,1.1996971052727423
1992-10-01,1.1207706619942266
1992-10-15,1.081068010123499
1992-11-02,1.3311245882308287
1992-11-17,1.4111910206105442
1992-12-02,1.5012919624074907
1992-12-17,1.5027959545352203
1993-02-02,1.4343563828208141
1993-02-18,1.3347984107651458
1993-03-04,1.2850886595384654
1993-03-18,1.285656381611024
1993-04-01,1.2959746652895208
1993-05-03,1.1850382621459117
1993-05-18,1.1335975017060533
1993-06-01,1.1028325416560947
1993-06-29,1.0471087611705825
1993-07-15,1.1124893868767052
1993-07-29,1.2863976649451336
1993-08-18,1.1945513841246769
1993-09-01,1.1080191412811067
1993-09-16,1.1909583447188385
1993-10-01,1.2524075765614853
1993-10-18,1.2481582796230497
1993-11-03,1.146374778134666
1993-11-18,1.261429604270581
1993-12-02,1.1942855673437847
1993-12-16,1.3958790626670148
1993-12-30,1.506677055484659
1994-01-18,1.586265311751474
1994-02-01,1.6359196415958615
1994-02-18,1.4551424563149458
1994-03-03,1.4247822092532805
1994-03-17,1.4543429217531658
1994-03-31,1.5541083025066322
1994-04-19,1.5205071549761984
1994-05-02,1.3989186392111146
1994-05-19,1.365700290308861
1994-05-31,1.394462846750627
1994-06-16,1.4407127394673214
1994-06-30,1.3386694907172385
1994-07-19,1.2100578573357645
1994-08-01,1.2266099628956595
1994-08-19,1.2793352126731308
1994-09-02,1.2110293155074123
1994-09-19,1.3164880537789787
1994-10-03,1.4190630833305755
1994-10-19,1.361315982992752
1994-11-02,1.6622881694942555
1994-11-17,1.5639619317344529
1994-12-02,1.4448822913023058
1994-12-15,1.465940678275653
1994-12-29,1.8066087771020292
1995-01-18,1.5956926262081215
1995-02-01,1.7851478729538959
1995-02-17,1.6953734080923835
1995-03-02,1.5956323379276298
1995-03-16,1.5780170272537986
1995-03-30,1.549494721627475
1995-04-20,1.5070047082233813
1995-05-03,1.4260132667735748
1995-05-18,1.3664834637773626
1995-06-01,1.4667948747884565
1995-06-15,1.4962699810876576
1995-06-29,1.3459078260709212
1995-07-13,1.2710466081559662
1995-07-31,1.2063077007681766
1995-08-16,1.1618652031360226
1995-08-28,1.1798400383699357
1995-09-15,1.1596660092513376
1995-09-29,1.2800733636294688
1995-10-17,1.2165206645991318
1995-10-30,1.1446592928378962
1995-11-16,1.1249369477186277
1995-11-29,1.2053528745173117
1995-12-14,1.1491061363074422
1996-01-18,1.0814677764084824
1996-01-31,0.7008856050442215
1996-02-14,1.0755233956214616
1996-02-28,1.1516211371112397
1996-03-15,1.072956134541025
1996-03-29,1.0244511355327979
1996-04-17,1.0759315265983747
1996-05-02,1.0664953607136376
1996-05-13,1.005603147026586
1996-05-28,0.9946979216714364
1996-06-14,0.9628046161827123
1996-06-28,0.9216008898612992
1996-07-17,0.9720006066188429
1996-07-31,0.9224048280797829
1996-08-16,0.884321192188699
1996-08-29,1.011018858536564
1996-09-14,0.9906186833973698
1996-10-02,0.91693646623917
1996-10-16,0.9212385119391593
1996-10-30,0.9472591875505265
1996-11-15,1.1977961085204232
1996-11-29,1.2487554686359112
1996-12-16,1.149687147920614
1997-01-15,1.0458671460995461
1997-01-29,1.0229151674132972
1997-02-14,1.2813181909192088
1997-02-28,1.290717293476448
1997-03-13,1.239578130158961
1997-03-28,1.2086802838670925
1997-04-17,1.135395227269378
1997-05-01,1.153743579267162
1997-05-15,1.2353057965168404
1997-05-29,1.2465067430804273
1997-06-16,1.1059457844726825
1997-06-30,1.0754268825412165
1997-07-30,1.0747137970817555
1997-08-14,0.9800425839791701
1997-08-28,1.1066303287899675
1997-09-01,1.1060126281205542
1997-09-18,0.9593217025298815
1997-10-01,0.8810661074829382
1997-10-15,1.1333903818712552
1997-10-29,1.004767675867236
1997-11-17,0.9388581625819601
1997-11-27,0.9603999764080802
1997-12-18,1.0940056311825699
1998-01-15,1.3451826019514523
1998-01-29,1.2748883947064036
1998-02-18,1.1451744072662882
1998-03-04,1.1852476853661844
1998-03-18,1.4647953151216813
1998-04-01,1.32452992596096
1998-06-17,1.5204559383235485
1998-07-01,1.342289385680812
1998-07-15,1.2387386105391733
1998-07-30,1.1361054254307221
1998-08-19,1.0830482237283867
1998-09-01,1.151970160757589
1998-09-16,1.474654241451956
1998-09-30,1.3163967244532637
1998-10-19,1.401694842777124
1998-10-29,1.663414666351968
1998-11-18,1.743913131228628
1998-12-03,1.5937162415401716
1998-12-17,1.6832436436426519
1999-01-18,1.6950607495779957
1999-02-02,1.596112689141919
1999-02-17,1.62492076133731
1999-03-04,1.8540592612351068
1999-03-18,1.613259956222172
1999-03-31,1.5428472514470706
1999-04-15,1.6209994757140023
1999-04-29,1.4998401923418947
1999-05-19,1.4205796920003058
1999-06-01,1.3410113876728182
1999-06-17,1.319240412696186
1999-07-01,1.288257818198232
1999-07-15,1.1828973400026197
1999-07-28,1.15961118270265
1999-08-31,1.0824601824305422
1999-09-16,1.1325471770798308
1999-09-29,1.0824694680895341
1999-10-20,1.1847667014164212
1999-11-02,1.135685256097638
1999-11-18,1.1876283742750173
1999-12-02,1.2284185466862103
1999-12-15,1.4859586299394203
2000-01-18,1.459015426220126
2000-02-01,1.4216266686410983
2000-02-17,1.4924163360861815
2000-03-01,1.6426348602091738
2000-03-16,1.5927853078158247
2000-03-30,1.5028236243281288
2000-04-19,1.3612174136620014
2000-05-03,1.3202984828800342
2000-05-15,1.2782937123662086
2000-05-29,1.3168493871272533
2000-06-28,1.173155921367589
2000-07-14,1.184351359837668
2000-08-01,0.41573437117528217
2000-08-14,1.1125639692456846
2000-08-28,1.0401151768143078
2000-09-14,1.1334394821751361
2000-09-28,1.0864338735823926
2000-10-16,1.1385172428025288
2000-10-28,1.1992126648682813
2000-11-14,1.3894963250373167
2000-11-28,1.4594886326044423
2000-12-14,1.500057799297834
2001-01-15,1.511389829165216
2001-01-28,1.5018655683548348
2001-02-14,1.6552340976799802
2001-02-28,1.527610849348756
2001-03-15,1.4770807700692705
2001-06-15,1.2414354412397282
2001-06-28,1.201068788299158
2001-07-16,1.189068113335639
2001-08-03,1.1971521464833004
2001-08-15,1.2921018792790329
2001-08-29,1.1884003764910045
2001-09-14,1.323075833573756
2001-09-28,1.5572670191898241
2001-10-31,1.2803719318114712
2001-11-15,1.291227766966726
2001-11-28,1.3316495657714973
2001-12-13,1.4233955965028744
2002-01-17,2.0878757769326595
2002-01-29,1.7091318643286488
2002-02-19,1.6719795918554754
2002-03-06,1.7128820705281644
2002-03-19,1.5327990450491022
2002-03-29,1.4727190811333417
2002-05-05,1.348157852615447
2002-05-17,1.3261267939347798
2002-05-31,1.2947661791102298
2002-06-20,1.2721291289652559
2002-06-28,1.2715090087713423
2002-07-18,1.2604279102073108
2002-08-15,1.3184067063315261
2002-08-30,1.2172847490847734
2002-09-23,1.1414437121081198
2002-09-30,1.1022619730627012
