Date,Head_314740
1967-11-01 07:01:00,330.13
1967-11-02 07:01:00,330.14
1967-11-06 07:01:00,330.18
1967-11-09 07:01:00,330.29
1967-11-13 07:01:00,330.27
1967-11-16 07:01:00,330.22
1967-11-20 07:01:00,330.21
1967-11-23 07:01:00,330.16
1967-11-27 07:01:00,330.14
1967-11-30 07:01:00,330.14
1967-12-04 07:01:00,330.09
1967-12-07 07:01:00,330.12
1967-12-11 07:01:00,330.0
1967-12-14 07:01:00,330.0
1967-12-18 07:01:00,329.99
1967-12-21 07:01:00,329.99
1967-12-25 07:01:00,330.06
1967-12-28 07:01:00,330.05
1968-01-01 07:01:00,329.97
1968-01-04 07:01:00,329.95
1968-01-08 07:01:00,329.94
1968-01-11 07:01:00,329.92
1968-01-15 07:01:00,329.83
1968-01-18 07:01:00,330.12
1968-01-22 07:01:00,330.0
1968-01-25 07:01:00,330.0
1968-01-29 07:01:00,329.95
1968-02-01 07:01:00,329.96
1968-02-05 07:01:00,329.95
1968-02-08 07:01:00,329.96
1968-02-12 07:01:00,329.96
1968-02-15 07:01:00,329.97
1968-02-19 07:01:00,329.93
1968-02-22 07:01:00,329.94
1968-02-26 07:01:00,330.1
1968-02-29 07:01:00,330.03
1968-03-04 07:01:00,329.98
1968-03-07 07:01:00,329.97
1968-03-11 07:01:00,329.94
1968-03-14 07:01:00,329.92
1968-03-18 07:01:00,329.93
1968-03-21 07:01:00,329.97
1968-03-25 07:01:00,329.98
1968-03-28 07:01:00,330.07
1968-04-01 07:01:00,330.81
1968-04-04 07:01:00,330.68
1968-04-08 07:01:00,330.75
1968-04-11 07:01:00,330.55
1968-04-15 07:01:00,330.41
1968-04-18 07:01:00,330.43
1968-04-22 07:01:00,330.69
1968-04-25 07:01:00,330.86
1968-04-29 07:01:00,330.67
1968-05-02 07:01:00,330.61
1968-05-06 07:01:00,330.57
1968-05-09 07:01:00,330.53
1968-05-13 07:01:00,330.56
1968-05-16 07:01:00,330.46
1968-05-20 07:01:00,330.39
1968-05-23 07:01:00,330.34
1968-05-27 07:01:00,330.4
1968-05-30 07:01:00,330.5
1968-06-03 07:01:00,330.58
1968-06-06 07:01:00,330.61
1968-06-10 07:01:00,330.71
1968-06-13 07:01:00,330.72
1968-06-16 07:01:00,330.97
1968-06-17 07:01:00,330.84
1968-06-20 07:01:00,330.61
1968-06-24 07:01:00,330.64
1968-06-27 07:01:00,330.61
1968-07-01 07:01:00,330.56
1968-07-04 07:01:00,330.46
1968-07-08 07:01:00,330.28
1968-07-11 07:01:00,330.36
1968-07-15 07:01:00,330.34
1968-07-18 07:01:00,330.65
1968-07-22 07:01:00,330.73
1968-07-25 07:01:00,330.6
1968-07-29 07:01:00,330.43
1968-08-01 07:01:00,330.34
1968-08-05 07:01:00,330.56
1968-08-08 07:01:00,330.77
1968-08-12 07:01:00,330.81
1968-08-15 07:01:00,330.7
1968-08-19 07:01:00,330.63
1968-08-22 07:01:00,330.68
1968-08-26 07:01:00,330.53
1968-08-29 07:01:00,330.5
1968-09-02 07:01:00,330.56
1968-09-05 07:01:00,330.48
1968-09-09 07:01:00,330.5
1968-09-12 07:01:00,330.37
1968-09-16 07:01:00,330.36
1968-09-19 07:01:00,330.39
1968-09-23 07:01:00,330.4
1968-09-26 07:01:00,330.41
1968-09-30 07:01:00,330.34
1968-10-03 07:01:00,330.42
1968-10-07 07:01:00,330.45
1968-10-10 07:01:00,330.43
1968-10-14 07:01:00,330.33
1968-10-17 07:01:00,330.32
1968-10-21 07:01:00,330.27
1968-10-24 07:01:00,330.24
1968-10-28 07:01:00,330.2
1968-10-31 07:01:00,330.17
1968-11-04 07:01:00,330.13
1968-11-07 07:01:00,330.24
1968-11-11 07:01:00,330.12
1968-11-14 07:01:00,330.14
1968-11-18 07:01:00,330.19
1968-11-21 07:01:00,330.23
1968-11-25 07:01:00,330.18
1968-11-28 07:01:00,330.2
1968-12-02 07:01:00,330.15
1968-12-05 07:01:00,330.12
1968-12-09 07:01:00,330.07
1968-12-12 07:01:00,330.03
1968-12-16 07:01:00,329.99
1968-12-19 07:01:00,330.03
1968-12-23 07:01:00,329.99
1968-12-26 07:01:00,329.98
1968-12-30 07:01:00,329.93
1969-01-02 07:01:00,329.84
1969-01-06 07:01:00,329.93
1969-01-09 07:01:00,329.9
1969-01-13 07:01:00,329.9
1969-01-16 07:01:00,329.97
1969-01-20 07:01:00,329.96
1969-01-23 07:01:00,329.91
1969-01-27 07:01:00,329.93
1969-01-30 07:01:00,329.9
1969-02-03 07:01:00,329.89
1969-02-06 07:01:00,329.9
1969-02-10 07:01:00,329.88
1969-02-13 07:01:00,329.87
1969-02-17 07:01:00,329.87
1969-02-20 07:01:00,329.87
1969-02-24 07:01:00,329.96
1969-02-27 07:01:00,330.0
1969-03-03 07:01:00,329.99
1969-03-06 07:01:00,329.99
1969-03-10 07:01:00,330.05
1969-03-13 07:01:00,330.12
1969-03-17 07:01:00,330.56
1969-03-20 07:01:00,330.53
1969-03-24 07:01:00,330.36
1969-03-27 07:01:00,330.34
1969-03-31 07:01:00,330.28
1969-04-03 07:01:00,330.31
1969-04-07 07:01:00,330.26
1969-04-10 07:01:00,330.33
1969-04-14 07:01:00,330.36
1969-04-17 07:01:00,330.41
1969-04-21 07:01:00,330.31
1969-04-24 07:01:00,330.35
1969-04-28 07:01:00,330.69
1969-05-01 07:01:00,330.99
1969-05-05 07:01:00,330.96
1969-05-08 07:01:00,331.01
1969-05-12 07:01:00,330.8
1969-05-15 07:01:00,330.76
1969-05-19 07:01:00,330.71
1969-05-22 07:01:00,330.61
1969-05-26 07:01:00,330.54
1969-05-29 07:01:00,330.52
1969-06-02 07:01:00,330.49
1969-06-05 07:01:00,330.48
1969-06-09 07:01:00,330.48
1969-06-12 07:01:00,331.07
1969-06-16 07:01:00,330.87
1969-06-19 07:01:00,330.71
1969-06-23 07:01:00,330.58
1969-06-26 07:01:00,330.51
1969-06-30 07:01:00,330.4
1969-07-03 07:01:00,330.36
1969-07-07 07:01:00,330.37
1969-07-10 07:01:00,330.83
1969-07-14 07:01:00,330.77
1969-07-17 07:01:00,330.71
1969-07-21 07:01:00,330.51
1969-07-24 07:01:00,330.42
1969-07-28 07:01:00,330.3
1969-07-31 07:01:00,330.38
1969-08-04 07:01:00,330.31
1969-08-07 07:01:00,330.25
1969-08-11 07:01:00,330.27
1969-08-14 07:01:00,330.25
1969-08-18 07:01:00,330.36
1969-08-21 07:01:00,330.4
1969-08-25 07:01:00,330.53
1969-08-28 07:01:00,330.68
1969-09-01 07:01:00,330.56
1969-09-04 07:01:00,330.56
1969-09-08 07:01:00,330.52
1969-09-11 07:01:00,330.43
1969-09-15 07:01:00,330.37
1969-09-16 07:01:00,330.48
1969-09-18 07:01:00,330.63
1969-09-22 07:01:00,330.63
1969-09-25 07:01:00,330.51
1969-09-29 07:01:00,330.4
1969-10-02 07:01:00,330.39
1969-10-06 07:01:00,330.29
1969-10-09 07:01:00,330.24
1969-10-13 07:01:00,330.19
1969-10-16 07:01:00,330.16
1969-10-20 07:01:00,330.14
1969-10-23 07:01:00,330.11
1969-10-27 07:01:00,330.1
1969-10-30 07:01:00,330.06
1969-11-03 07:01:00,330.04
1969-11-06 07:01:00,330.03
1969-11-10 07:01:00,330.01
1969-11-13 07:01:00,330.0
1969-11-17 07:01:00,330.04
1969-11-20 07:01:00,330.15
1969-11-24 07:01:00,330.1
1969-11-27 07:01:00,330.22
1969-12-01 07:01:00,330.12
1969-12-04 07:01:00,330.05
1969-12-08 07:01:00,330.04
1969-12-11 07:01:00,330.03
1969-12-15 07:01:00,330.03
1969-12-18 07:01:00,330.02
1969-12-22 07:01:00,330.0
1969-12-25 07:01:00,330.0
1969-12-29 07:01:00,329.98
1970-01-01 07:01:00,330.0
1970-01-05 07:01:00,329.97
1970-01-08 07:01:00,330.02
1970-01-12 07:01:00,329.98
1970-01-15 07:01:00,330.01
1970-01-19 07:01:00,330.03
1970-01-22 07:01:00,329.98
1970-01-26 07:01:00,329.95
1970-01-29 07:01:00,329.96
1970-02-02 07:01:00,329.93
1970-02-05 07:01:00,329.94
1970-02-09 07:01:00,329.96
1970-02-12 07:01:00,329.96
1970-02-16 07:01:00,329.96
1970-02-19 07:01:00,329.93
1970-02-23 07:01:00,329.98
1970-02-26 07:01:00,330.03
1970-03-02 07:01:00,329.97
1970-03-05 07:01:00,329.99
1970-03-09 07:01:00,329.93
1970-03-12 07:01:00,329.93
1970-03-16 07:01:00,329.94
1970-03-19 07:01:00,329.99
1970-03-23 07:01:00,330.15
1970-03-26 07:01:00,330.46
1970-03-30 07:01:00,330.45
1970-04-02 07:01:00,330.47
1970-04-06 07:01:00,330.35
1970-04-09 07:01:00,330.36
1970-04-13 07:01:00,330.44
1970-04-16 07:01:00,330.47
1970-04-20 07:01:00,331.06
1970-04-23 07:01:00,331.13
1970-04-27 07:01:00,331.52
1970-04-30 07:01:00,331.25
1970-05-04 07:01:00,330.95
1970-05-07 07:01:00,330.92
1970-05-11 07:01:00,331.34
1970-05-14 07:01:00,331.41
1970-05-18 07:01:00,331.69
1970-05-21 07:01:00,331.46
1970-05-25 07:01:00,331.23
1970-05-28 07:01:00,331.12
1970-06-01 07:01:00,331.06
1970-06-04 07:01:00,331.2
1970-06-08 07:01:00,331.1
1970-06-11 07:01:00,331.31
1970-06-15 07:01:00,331.22
1970-06-18 07:01:00,331.22
1970-06-22 07:01:00,331.08
1970-06-25 07:01:00,331.04
1970-06-29 07:01:00,330.92
1970-07-02 07:01:00,331.08
1970-07-06 07:01:00,331.01
1970-07-09 07:01:00,330.82
1970-07-13 07:01:00,330.81
1970-07-16 07:01:00,331.38
1970-07-20 07:01:00,331.33
1970-07-23 07:01:00,331.25
1970-07-27 07:01:00,331.33
1970-07-30 07:01:00,331.06
1970-08-03 07:01:00,330.89
1970-08-06 07:01:00,331.06
1970-08-10 07:01:00,331.71
1970-08-13 07:01:00,331.66
1970-08-17 07:01:00,331.2
1970-08-20 07:01:00,331.13
1970-08-24 07:01:00,331.36
1970-08-27 07:01:00,331.34
1970-08-31 07:01:00,331.14
1970-09-03 07:01:00,330.98
1970-09-07 07:01:00,331.01
1970-09-10 07:01:00,331.05
1970-09-14 07:01:00,330.88
1970-09-17 07:01:00,330.77
1970-09-21 07:01:00,330.69
1970-09-24 07:01:00,330.61
1970-09-28 07:01:00,330.55
1970-10-01 07:01:00,330.48
1970-10-05 07:01:00,330.62
1970-10-08 07:01:00,330.65
1970-10-12 07:01:00,330.53
1970-10-15 07:01:00,330.47
1970-10-19 07:01:00,330.4
1970-10-22 07:01:00,330.42
1970-10-26 07:01:00,330.36
1970-10-29 07:01:00,330.36
1970-11-02 07:01:00,330.35
1970-11-05 07:01:00,330.32
1970-11-09 07:01:00,330.29
1970-11-12 07:01:00,330.26
1970-11-16 07:01:00,330.32
1970-11-19 07:01:00,330.25
1970-11-23 07:01:00,330.46
1970-11-26 07:01:00,330.38
1970-11-30 07:01:00,330.33
1970-12-03 07:01:00,330.32
1970-12-07 07:01:00,330.27
1970-12-10 07:01:00,330.23
1970-12-14 07:01:00,330.17
1970-12-17 07:01:00,330.14
1970-12-21 07:01:00,330.06
1970-12-24 07:01:00,330.03
1970-12-28 07:01:00,329.99
1970-12-31 07:01:00,330.02
1971-01-04 07:01:00,329.99
1971-01-07 07:01:00,329.98
1971-01-11 07:01:00,329.94
1971-01-14 07:01:00,329.94
1971-01-18 07:01:00,329.95
1971-01-21 07:01:00,329.94
1971-01-25 07:01:00,329.97
1971-01-28 07:01:00,329.94
1971-02-01 07:01:00,329.92
1971-02-04 07:01:00,329.92
1971-02-08 07:01:00,329.89
1971-02-11 07:01:00,329.89
1971-02-15 07:01:00,329.91
1971-02-18 07:01:00,329.88
1971-02-22 07:01:00,329.9
1971-02-25 07:01:00,329.87
1971-03-01 07:01:00,329.81
1971-03-04 07:01:00,329.8
1971-03-08 07:01:00,329.77
1971-03-11 07:01:00,329.79
1971-03-15 07:01:00,329.82
1971-03-18 07:01:00,329.88
1971-03-22 07:01:00,330.07
1971-03-25 07:01:00,330.1
1971-03-29 07:01:00,330.03
1971-04-01 07:01:00,329.99
1971-04-05 07:01:00,330.1
1971-04-08 07:01:00,330.21
1971-04-12 07:01:00,330.37
1971-04-15 07:01:00,330.3
1971-04-19 07:01:00,330.38
1971-04-22 07:01:00,330.46
1971-04-26 07:01:00,330.59
1971-04-29 07:01:00,330.42
1971-05-03 07:01:00,330.35
1971-05-06 07:01:00,330.44
1971-05-10 07:01:00,330.46
1971-05-13 07:01:00,330.58
1971-05-17 07:01:00,330.56
1971-05-20 07:01:00,330.58
1971-05-24 07:01:00,330.5
1971-05-27 07:01:00,330.37
1971-05-31 07:01:00,330.34
1971-06-03 07:01:00,330.33
1971-06-06 07:01:00,330.38
1971-06-10 07:01:00,330.33
1971-06-14 07:01:00,330.23
1971-06-17 07:01:00,330.21
1971-06-21 07:01:00,330.29
1971-06-24 07:01:00,330.26
1971-06-28 07:01:00,330.29
1971-07-01 07:01:00,330.27
1971-07-05 07:01:00,330.18
1971-07-08 07:01:00,330.15
1971-07-12 07:01:00,330.06
1971-07-15 07:01:00,330.19
1971-07-19 07:01:00,330.58
1971-07-22 07:01:00,330.36
1971-07-26 07:01:00,330.2
1971-07-29 07:01:00,330.11
1971-08-02 07:01:00,330.12
1971-08-05 07:01:00,330.14
1971-08-09 07:01:00,330.22
1971-08-12 07:01:00,330.13
1971-08-16 07:01:00,330.13
1971-08-19 07:01:00,330.14
1971-08-23 07:01:00,330.08
1971-08-26 07:01:00,330.03
1971-08-30 07:01:00,330.12
1971-09-02 07:01:00,330.37
1971-09-06 07:01:00,330.17
1971-09-09 07:01:00,330.09
1971-09-13 07:01:00,330.09
1971-09-16 07:01:00,330.05
1971-09-20 07:01:00,330.0
1971-09-23 07:01:00,329.96
1971-09-27 07:01:00,330.09
1971-09-30 07:01:00,330.09
1971-10-04 07:01:00,330.02
1971-10-07 07:01:00,329.98
1971-10-11 07:01:00,329.94
1971-10-14 07:01:00,329.91
1971-10-18 07:01:00,329.99
1971-10-21 07:01:00,329.94
1971-10-25 07:01:00,329.84
1971-10-26 07:01:00,329.87
1971-11-01 07:01:00,329.85
1971-11-04 07:01:00,329.84
1971-11-08 07:01:00,329.81
1971-11-11 07:01:00,329.82
1971-11-15 07:01:00,329.91
1971-11-18 07:01:00,329.83
1971-11-22 07:01:00,329.81
1971-11-25 07:01:00,329.82
1971-11-29 07:01:00,329.81
1971-12-02 07:01:00,329.77
1971-12-06 07:01:00,329.76
1971-12-09 07:01:00,329.74
1971-12-13 07:01:00,329.72
1971-12-16 07:01:00,329.74
1971-12-20 07:01:00,329.73
1971-12-23 07:01:00,329.99
1971-12-27 07:01:00,330.01
1971-12-30 07:01:00,329.92
1972-01-03 07:01:00,329.89
1972-01-06 07:01:00,329.86
1972-01-10 07:01:00,329.79
1972-01-13 07:01:00,329.8
1972-01-17 07:01:00,329.7
1972-01-20 07:01:00,329.72
1972-01-24 07:01:00,329.75
1972-01-27 07:01:00,329.74
1972-01-31 07:01:00,329.73
1972-02-03 07:01:00,329.73
1972-02-07 07:01:00,329.72
1972-02-10 07:01:00,329.74
1972-02-14 07:01:00,329.86
1972-02-16 07:01:00,329.84
1972-02-17 07:01:00,329.82
1972-02-21 07:01:00,329.9
1972-02-24 07:01:00,329.93
1972-02-28 07:01:00,329.98
1972-03-02 07:01:00,330.14
1972-03-06 07:01:00,330.13
1972-03-09 07:01:00,330.12
1972-03-13 07:01:00,330.2
1972-03-16 07:01:00,330.13
1972-03-20 07:01:00,330.14
1972-03-23 07:01:00,330.16
1972-03-27 07:01:00,330.15
1972-03-30 07:01:00,330.16
1972-04-03 07:01:00,330.29
1972-04-06 07:01:00,330.45
1972-04-10 07:01:00,330.42
1972-04-13 07:01:00,330.34
1972-04-17 07:01:00,330.45
1972-04-20 07:01:00,330.49
1972-04-24 07:01:00,331.37
1972-04-27 07:01:00,331.11
1972-05-01 07:01:00,330.77
1972-05-04 07:01:00,330.69
1972-05-08 07:01:00,330.68
1972-05-11 07:01:00,330.87
1972-05-15 07:01:00,330.94
1972-05-18 07:01:00,331.62
1972-05-22 07:01:00,331.47
1972-05-25 07:01:00,331.4
1972-05-29 07:01:00,331.79
1972-06-01 07:01:00,331.86
1972-06-05 07:01:00,331.94
1972-06-08 07:01:00,331.7
1972-06-09 07:01:00,331.63
1972-06-12 07:01:00,331.35
1972-06-15 07:01:00,331.33
1972-06-19 07:01:00,331.6
1972-06-22 07:01:00,331.36
1972-06-26 07:01:00,331.35
1972-06-29 07:01:00,331.15
1972-07-03 07:01:00,330.99
1972-07-06 07:01:00,330.84
1972-07-10 07:01:00,330.77
1972-07-13 07:01:00,331.37
1972-07-17 07:01:00,332.56
1972-07-20 07:01:00,331.86
1972-07-24 07:01:00,331.39
1972-07-27 07:01:00,331.29
1972-07-31 07:01:00,331.16
1972-08-03 07:01:00,331.29
1972-08-07 07:01:00,331.11
1972-08-10 07:01:00,330.85
1972-08-14 07:01:00,330.69
1972-08-17 07:01:00,330.65
1972-08-18 07:01:00,330.64
1972-08-21 07:01:00,330.67
1972-08-24 07:01:00,330.59
1972-08-28 07:01:00,330.46
1972-08-31 07:01:00,330.5
1972-09-04 07:01:00,330.45
1972-09-07 07:01:00,330.37
1972-09-11 07:01:00,330.73
1972-09-14 07:01:00,330.56
1972-09-18 07:01:00,330.49
1972-09-21 07:01:00,330.41
1972-09-25 07:01:00,330.34
1972-09-28 07:01:00,330.31
1972-10-02 07:01:00,330.27
1972-10-05 07:01:00,330.22
1972-10-09 07:01:00,330.2
1972-10-12 07:01:00,330.24
1972-10-16 07:01:00,330.19
1972-10-18 07:01:00,330.15
1972-10-19 07:01:00,330.13
1972-10-23 07:01:00,330.11
1972-10-26 07:01:00,330.13
1972-10-30 07:01:00,330.18
1972-11-02 07:01:00,330.15
1972-11-06 07:01:00,330.1
1972-11-09 07:01:00,330.08
1972-11-13 07:01:00,330.08
1972-11-16 07:01:00,330.08
1972-11-20 07:01:00,330.09
1972-11-23 07:01:00,330.07
1972-11-27 07:01:00,330.07
1972-11-30 07:01:00,329.98
1972-12-04 07:01:00,330.04
1972-12-07 07:01:00,330.02
1972-12-11 07:01:00,329.98
1972-12-13 07:01:00,329.97
1972-12-14 07:01:00,329.94
1972-12-18 07:01:00,329.88
1972-12-21 07:01:00,329.9
1972-12-25 07:01:00,329.84
1972-12-28 07:01:00,329.8
1973-01-01 07:01:00,329.75
1973-01-06 07:01:00,329.79
1973-01-08 07:01:00,329.8
1973-01-11 07:01:00,329.76
1973-01-15 07:01:00,329.74
1973-01-18 07:01:00,329.79
1973-01-22 07:01:00,329.74
1973-01-25 07:01:00,329.71
1973-01-29 07:01:00,329.71
1973-02-01 07:01:00,329.74
1973-02-05 07:01:00,329.74
1973-02-08 07:01:00,329.72
1973-02-09 07:01:00,329.73
1973-02-12 07:01:00,329.7
1973-02-15 07:01:00,329.73
1973-02-19 07:01:00,329.7
1973-02-22 07:01:00,329.7
1973-02-26 07:01:00,329.72
1973-03-01 07:01:00,329.68
1973-03-05 07:01:00,329.7
1973-03-08 07:01:00,329.76
1973-03-12 07:01:00,329.7
1973-03-15 07:01:00,329.7
1973-03-19 07:01:00,329.7
1973-03-22 07:01:00,329.73
1973-03-26 07:01:00,329.9
1973-03-29 07:01:00,330.04
1973-04-02 07:01:00,330.06
1973-04-05 07:01:00,330.01
1973-04-09 07:01:00,329.98
1973-04-11 07:01:00,330.2
1973-04-12 07:01:00,330.2
1973-04-16 07:01:00,330.02
1973-04-19 07:01:00,329.95
1973-04-23 07:01:00,329.91
1973-04-26 07:01:00,329.95
1973-04-30 07:01:00,330.11
1973-05-03 07:01:00,330.51
1973-05-07 07:01:00,331.04
1973-05-10 07:01:00,331.27
1973-05-14 07:01:00,330.92
1973-05-17 07:01:00,330.6
1973-05-21 07:01:00,330.52
1973-05-24 07:01:00,330.53
1973-05-28 07:01:00,330.47
1973-05-31 07:01:00,330.39
1973-06-04 07:01:00,330.41
1973-06-06 07:01:00,330.46
1973-06-07 07:01:00,330.76
1973-06-11 07:01:00,330.93
1973-06-14 07:01:00,330.73
1973-06-18 07:01:00,330.58
1973-06-21 07:01:00,330.61
1973-06-25 07:01:00,331.61
1973-06-28 07:01:00,331.29
1973-07-02 07:01:00,330.95
1973-07-05 07:01:00,330.73
1973-07-09 07:01:00,330.61
1973-07-12 07:01:00,330.53
1973-07-16 07:01:00,330.4
1973-07-19 07:01:00,330.32
1973-07-23 07:01:00,330.36
1973-07-26 07:01:00,330.35
1973-07-27 07:01:00,330.31
1973-07-30 07:01:00,330.24
1973-08-02 07:01:00,330.2
1973-08-06 07:01:00,330.16
1973-08-09 07:01:00,330.13
1973-08-13 07:01:00,330.04
1973-08-16 07:01:00,330.02
1973-08-20 07:01:00,329.95
1973-08-23 07:01:00,329.96
1973-08-27 07:01:00,329.94
1973-08-30 07:01:00,330.02
1973-09-03 07:01:00,329.92
1973-09-06 07:01:00,329.89
1973-09-10 07:01:00,329.83
1973-09-13 07:01:00,329.83
1973-09-17 07:01:00,329.83
1973-09-20 07:01:00,329.82
1973-09-24 07:01:00,329.95
1973-09-27 07:01:00,331.04
1973-10-01 07:01:00,330.7
1973-10-04 07:01:00,330.82
1973-10-08 07:01:00,330.55
1973-10-09 07:01:00,330.5
1973-10-11 07:01:00,330.42
1973-10-15 07:01:00,330.29
1973-10-18 07:01:00,330.28
1973-10-22 07:01:00,330.23
1973-10-25 07:01:00,330.2
1973-10-29 07:01:00,330.11
1973-11-01 07:01:00,330.1
1973-11-05 07:01:00,330.05
1973-11-08 07:01:00,329.96
1973-11-12 07:01:00,330.01
1973-11-15 07:01:00,330.0
1973-11-19 07:01:00,330.03
1973-11-22 07:01:00,330.01
1973-11-26 07:01:00,329.99
1973-11-29 07:01:00,329.93
1973-12-03 07:01:00,329.85
1973-12-06 07:01:00,329.91
1973-12-10 07:01:00,329.9
1973-12-13 07:01:00,329.8
1973-12-17 07:01:00,329.85
1973-12-20 07:01:00,329.83
1973-12-24 07:01:00,329.86
1973-12-27 07:01:00,329.88
1973-12-31 07:01:00,329.82
1974-01-03 07:01:00,329.82
1974-01-07 07:01:00,329.79
1974-01-10 07:01:00,329.78
1974-01-14 07:01:00,329.77
1974-01-17 07:01:00,329.9
1974-01-21 07:01:00,330.22
1974-01-24 07:01:00,330.06
1974-01-28 07:01:00,329.98
1974-01-31 07:01:00,329.93
1974-02-04 07:01:00,329.9
1974-02-07 07:01:00,329.93
1974-02-11 07:01:00,329.89
1974-02-14 07:01:00,329.89
1974-02-18 07:01:00,329.91
1974-02-19 07:01:00,329.92
1974-02-21 07:01:00,330.0
1974-02-25 07:01:00,329.96
1974-02-28 07:01:00,329.93
1974-03-04 07:01:00,329.91
1974-03-07 07:01:00,330.08
1974-03-11 07:01:00,330.04
1974-03-14 07:01:00,330.02
1974-03-18 07:01:00,330.06
1974-03-21 07:01:00,330.36
1974-03-25 07:01:00,330.77
1974-03-28 07:01:00,330.9
1974-04-01 07:01:00,330.89
1974-04-04 07:01:00,330.73
1974-04-08 07:01:00,330.62
1974-04-11 07:01:00,330.55
1974-04-15 07:01:00,330.55
1974-04-18 07:01:00,330.46
1974-04-22 07:01:00,330.33
1974-04-23 07:01:00,330.28
1974-04-25 07:01:00,330.27
1974-04-29 07:01:00,330.25
1974-05-02 07:01:00,330.48
1974-05-06 07:01:00,330.49
1974-05-09 07:01:00,330.43
1974-05-13 07:01:00,330.4
1974-05-16 07:01:00,330.53
1974-05-20 07:01:00,330.48
1974-05-23 07:01:00,330.67
1974-05-27 07:01:00,330.53
1974-05-30 07:01:00,330.62
1974-06-03 07:01:00,330.73
1974-06-06 07:01:00,330.71
1974-06-10 07:01:00,330.62
1974-06-13 07:01:00,330.73
1974-06-17 07:01:00,330.51
1974-06-20 07:01:00,330.49
1974-06-24 07:01:00,330.45
1974-06-27 07:01:00,330.53
1974-07-01 07:01:00,330.69
1974-07-04 07:01:00,330.63
1974-07-08 07:01:00,330.55
1974-07-11 07:01:00,330.49
1974-07-15 07:01:00,330.38
1974-07-18 07:01:00,330.38
1974-07-22 07:01:00,330.48
1974-07-25 07:01:00,330.49
1974-07-29 07:01:00,330.37
1974-08-01 07:01:00,330.36
1974-08-05 07:01:00,330.44
1974-08-08 07:01:00,330.32
1974-08-12 07:01:00,330.45
1974-08-15 07:01:00,330.3
1974-08-19 07:01:00,330.18
1974-08-22 07:01:00,330.14
1974-08-26 07:01:00,330.11
1974-08-29 07:01:00,330.33
1974-09-02 07:01:00,330.47
1974-09-05 07:01:00,330.17
1974-09-09 07:01:00,330.13
1974-09-12 07:01:00,330.07
1974-09-16 07:01:00,329.99
1974-09-19 07:01:00,329.96
1974-09-23 07:01:00,329.99
1974-09-24 07:01:00,330.11
1974-09-26 07:01:00,330.22
1974-09-30 07:01:00,330.12
1974-10-03 07:01:00,330.06
1974-10-07 07:01:00,330.05
1974-10-10 07:01:00,330.06
1974-10-14 07:01:00,330.04
1974-10-17 07:01:00,330.02
1974-10-20 07:01:00,330.02
1974-10-21 07:01:00,330.03
1974-10-24 07:01:00,329.99
1974-10-28 07:01:00,329.97
1974-10-31 07:01:00,329.95
1974-11-04 07:01:00,329.91
1974-11-07 07:01:00,329.9
1974-11-11 07:01:00,329.88
1974-11-14 07:01:00,329.85
1974-11-18 07:01:00,329.83
1974-11-21 07:01:00,329.9
1974-11-25 07:01:00,329.86
1974-11-28 07:01:00,329.83
1974-12-01 07:01:00,329.82
1974-12-05 07:01:00,329.97
1974-12-09 07:01:00,330.15
1974-12-12 07:01:00,330.23
1974-12-16 07:01:00,330.02
1974-12-19 07:01:00,329.99
1974-12-23 07:01:00,329.93
1974-12-26 07:01:00,329.87
1974-12-30 07:01:00,330.15
1975-01-01 07:01:00,330.16
1975-01-06 07:01:00,330.05
1975-01-09 07:01:00,330.12
1975-01-13 07:01:00,329.99
1975-01-16 07:01:00,329.96
1975-01-20 07:01:00,329.96
1975-01-21 07:01:00,329.96
1975-01-23 07:01:00,329.95
1975-01-27 07:01:00,329.91
1975-01-30 07:01:00,329.89
1975-02-03 07:01:00,329.9
1975-02-06 07:01:00,329.88
1975-02-10 07:01:00,329.82
1975-02-13 07:01:00,329.82
1975-02-17 07:01:00,329.81
1975-02-20 07:01:00,329.8
1975-02-24 07:01:00,329.74
1975-02-27 07:01:00,329.74
1975-03-01 07:01:00,329.72
1975-03-03 07:01:00,329.74
1975-03-06 07:01:00,329.79
1975-03-10 07:01:00,329.89
1975-03-13 07:01:00,329.95
1975-03-17 07:01:00,330.0
1975-03-20 07:01:00,330.26
1975-03-24 07:01:00,330.54
1975-03-27 07:01:00,330.35
1975-03-31 07:01:00,330.28
1975-04-03 07:01:00,330.22
1975-04-07 07:01:00,330.35
1975-04-10 07:01:00,330.66
1975-04-14 07:01:00,330.48
1975-04-17 07:01:00,330.68
1975-04-21 07:01:00,330.68
1975-04-22 07:01:00,330.75
1975-04-24 07:01:00,330.9
1975-04-28 07:01:00,330.84
1975-05-01 07:01:00,330.81
1975-05-05 07:01:00,330.97
1975-05-08 07:01:00,331.28
1975-05-12 07:01:00,331.68
1975-05-15 07:01:00,331.44
1975-05-19 07:01:00,331.68
1975-05-21 07:01:00,331.72
1975-05-22 07:01:00,331.77
1975-05-26 07:01:00,331.56
1975-05-29 07:01:00,331.46
1975-06-02 07:01:00,331.34
1975-06-05 07:01:00,331.15
1975-06-09 07:01:00,330.87
1975-06-12 07:01:00,330.81
1975-06-16 07:01:00,330.97
1975-06-17 07:01:00,331.04
1975-06-19 07:01:00,331.08
1975-06-23 07:01:00,331.03
1975-06-26 07:01:00,331.21
1975-06-30 07:01:00,331.57
1975-07-03 07:01:00,332.21
1975-07-07 07:01:00,331.66
1975-07-10 07:01:00,331.51
1975-07-14 07:01:00,331.37
1975-07-17 07:01:00,331.48
1975-07-21 07:01:00,331.25
1975-07-22 07:01:00,331.19
1975-07-24 07:01:00,331.01
1975-07-28 07:01:00,330.99
1975-07-31 07:01:00,330.94
1975-08-04 07:01:00,330.65
1975-08-07 07:01:00,330.57
1975-08-11 07:01:00,330.47
1975-08-14 07:01:00,330.52
1975-08-18 07:01:00,330.45
1975-08-21 07:01:00,330.4
1975-08-25 07:01:00,330.57
1975-08-27 07:01:00,330.69
1975-08-28 07:01:00,330.7
1975-09-01 07:01:00,330.52
1975-09-04 07:01:00,330.5
1975-09-08 07:01:00,330.43
1975-09-11 07:01:00,330.36
1975-09-15 07:01:00,330.29
1975-09-18 07:01:00,330.24
1975-09-22 07:01:00,330.17
1975-09-25 07:01:00,330.12
1975-09-29 07:01:00,330.08
1975-10-02 07:01:00,330.04
1975-10-06 07:01:00,330.01
1975-10-09 07:01:00,329.98
1975-10-13 07:01:00,329.97
1975-10-16 07:01:00,329.97
1975-10-20 07:01:00,330.03
1975-10-23 07:01:00,329.97
1975-10-27 07:01:00,329.93
1975-10-30 07:01:00,329.9
1975-11-03 07:01:00,329.87
1975-11-06 07:01:00,329.87
1975-11-10 07:01:00,329.84
1975-11-13 07:01:00,329.83
1975-11-17 07:01:00,329.83
1975-11-19 07:01:00,329.96
1975-11-20 07:01:00,329.97
1975-11-24 07:01:00,329.86
1975-11-27 07:01:00,329.75
1975-12-01 07:01:00,329.81
1975-12-04 07:01:00,329.89
1975-12-08 07:01:00,329.83
1975-12-11 07:01:00,329.79
1975-12-15 07:01:00,329.76
1975-12-18 07:01:00,329.78
1975-12-22 07:01:00,329.67
1975-12-25 07:01:00,329.68
1975-12-29 07:01:00,329.71
1976-01-01 07:01:00,329.66
1976-01-05 07:01:00,329.74
1976-01-08 07:01:00,329.81
1976-01-12 07:01:00,329.91
1976-01-15 07:01:00,330.08
1976-01-19 07:01:00,329.94
1976-01-22 07:01:00,329.9
1976-01-26 07:01:00,329.88
1976-01-27 07:01:00,329.8
1976-01-29 07:01:00,329.74
1976-02-02 07:01:00,329.72
1976-02-05 07:01:00,329.74
1976-02-09 07:01:00,329.71
1976-02-12 07:01:00,329.72
1976-02-16 07:01:00,329.71
1976-02-19 07:01:00,329.7
1976-02-23 07:01:00,329.68
1976-02-26 07:01:00,329.69
1976-03-01 07:01:00,329.85
1976-03-04 07:01:00,329.94
1976-03-08 07:01:00,329.84
1976-03-11 07:01:00,329.78
1976-03-15 07:01:00,329.75
1976-03-18 07:01:00,329.78
1976-03-22 07:01:00,329.75
1976-03-25 07:01:00,329.73
1976-03-29 07:01:00,329.76
1976-04-01 07:01:00,329.87
1976-04-05 07:01:00,330.16
1976-04-08 07:01:00,330.33
1976-04-12 07:01:00,330.05
1976-04-13 07:01:00,330.1
1976-04-15 07:01:00,330.16
1976-04-19 07:01:00,330.06
1976-04-22 07:01:00,330.16
1976-04-26 07:01:00,330.44
1976-04-29 07:01:00,330.39
1976-05-03 07:01:00,330.23
1976-05-06 07:01:00,330.29
1976-05-10 07:01:00,330.66
1976-05-13 07:01:00,330.67
1976-05-17 07:01:00,330.56
1976-05-20 07:01:00,330.53
1976-05-24 07:01:00,330.47
1976-05-27 07:01:00,330.38
1976-05-31 07:01:00,330.41
1976-06-03 07:01:00,330.54
1976-06-07 07:01:00,330.43
1976-06-10 07:01:00,330.38
1976-06-14 07:01:00,330.4
1976-06-17 07:01:00,330.39
1976-06-21 07:01:00,330.22
1976-06-24 07:01:00,330.18
1976-06-28 07:01:00,330.08
1976-07-01 07:01:00,330.0
1976-07-05 07:01:00,329.94
1976-07-08 07:01:00,329.91
1976-07-12 07:01:00,329.89
1976-07-15 07:01:00,329.83
1976-07-19 07:01:00,329.77
1976-07-22 07:01:00,329.87
1976-07-26 07:01:00,329.91
1976-07-29 07:01:00,330.36
1976-08-02 07:01:00,330.35
1976-08-05 07:01:00,330.19
1976-08-09 07:01:00,330.11
1976-08-10 07:01:00,330.09
1976-08-12 07:01:00,330.05
1976-08-16 07:01:00,330.02
1976-08-19 07:01:00,329.97
1976-08-23 07:01:00,330.0
1976-08-26 07:01:00,329.95
1976-08-30 07:01:00,329.91
1976-09-02 07:01:00,329.97
1976-09-06 07:01:00,330.13
1976-09-08 07:01:00,330.06
1976-09-09 07:01:00,330.04
1976-09-13 07:01:00,330.21
1976-09-16 07:01:00,330.11
1976-09-20 07:01:00,330.12
1976-09-23 07:01:00,330.07
1976-09-27 07:01:00,330.01
1976-09-30 07:01:00,329.94
1976-10-04 07:01:00,329.94
1976-10-07 07:01:00,329.88
1976-10-11 07:01:00,329.82
1976-10-14 07:01:00,329.82
1976-10-18 07:01:00,330.19
1976-10-21 07:01:00,330.03
1976-10-25 07:01:00,329.94
1976-10-28 07:01:00,329.88
1976-11-01 07:01:00,330.1
1976-11-04 07:01:00,329.98
1976-11-08 07:01:00,329.98
1976-11-11 07:01:00,330.0
1976-11-15 07:01:00,329.99
1976-11-18 07:01:00,329.98
1976-11-22 07:01:00,329.96
1976-11-25 07:01:00,329.9
1976-11-29 07:01:00,329.85
1976-12-02 07:01:00,329.95
1976-12-06 07:01:00,330.02
1976-12-09 07:01:00,329.98
1976-12-13 07:01:00,329.91
1976-12-16 07:01:00,329.85
1976-12-20 07:01:00,329.94
1976-12-23 07:01:00,329.93
1976-12-27 07:01:00,329.84
1976-12-30 07:01:00,329.76
1977-01-03 07:01:00,329.76
1977-01-05 07:01:00,329.78
1977-01-06 07:01:00,329.78
1977-01-10 07:01:00,329.76
1977-01-13 07:01:00,329.78
1977-01-17 07:01:00,329.73
1977-01-20 07:01:00,329.68
1977-01-24 07:01:00,329.68
1977-01-27 07:01:00,329.71
1977-01-31 07:01:00,329.8
1977-02-03 07:01:00,329.8
1977-02-07 07:01:00,329.87
1977-02-10 07:01:00,329.9
1977-02-14 07:01:00,330.07
1977-02-17 07:01:00,330.03
1977-02-21 07:01:00,329.98
1977-02-24 07:01:00,330.09
1977-02-28 07:01:00,330.22
1977-03-03 07:01:00,330.11
1977-03-07 07:01:00,330.62
1977-03-10 07:01:00,330.57
1977-03-14 07:01:00,330.57
1977-03-17 07:01:00,330.38
1977-03-21 07:01:00,330.39
1977-03-24 07:01:00,330.4
1977-03-28 07:01:00,330.42
1977-03-31 07:01:00,330.49
1977-04-04 07:01:00,330.39
1977-04-07 07:01:00,330.32
1977-04-11 07:01:00,330.35
1977-04-14 07:01:00,330.28
1977-04-18 07:01:00,330.28
1977-04-21 07:01:00,330.28
1977-04-25 07:01:00,330.33
1977-04-28 07:01:00,330.4
1977-05-02 07:01:00,330.9
1977-05-05 07:01:00,331.02
1977-05-09 07:01:00,330.78
1977-05-12 07:01:00,330.61
1977-05-16 07:01:00,330.75
1977-05-18 07:01:00,330.74
1977-05-19 07:01:00,330.71
1977-05-23 07:01:00,330.89
1977-05-26 07:01:00,330.74
1977-05-30 07:01:00,330.62
1977-06-02 07:01:00,330.52
1977-06-06 07:01:00,330.37
1977-06-09 07:01:00,330.33
1977-06-13 07:01:00,330.46
1977-06-14 07:01:00,330.49
1977-06-16 07:01:00,330.5
1977-06-20 07:01:00,330.39
1977-06-23 07:01:00,330.51
1977-06-27 07:01:00,330.31
1977-06-30 07:01:00,330.24
1977-07-04 07:01:00,330.15
1977-07-07 07:01:00,330.12
1977-07-11 07:01:00,330.07
1977-07-14 07:01:00,330.02
1977-07-18 07:01:00,330.07
1977-07-21 07:01:00,330.13
1977-07-25 07:01:00,330.16
1977-07-28 07:01:00,330.31
1977-08-01 07:01:00,330.17
1977-08-04 07:01:00,330.5
1977-08-08 07:01:00,330.27
1977-08-09 07:01:00,330.32
1977-08-11 07:01:00,330.33
1977-08-15 07:01:00,330.3
1977-08-18 07:01:00,330.22
1977-08-22 07:01:00,330.26
1977-08-25 07:01:00,330.21
1977-08-29 07:01:00,330.1
1977-09-01 07:01:00,330.07
1977-09-05 07:01:00,330.01
1977-09-08 07:01:00,329.99
1977-09-12 07:01:00,329.97
1977-09-15 07:01:00,329.92
1977-09-19 07:01:00,329.89
1977-09-22 07:01:00,329.87
1977-09-26 07:01:00,329.82
1977-09-29 07:01:00,329.8
1977-10-03 07:01:00,329.76
1977-10-06 07:01:00,329.77
1977-10-10 07:01:00,329.72
1977-10-13 07:01:00,329.73
1977-10-17 07:01:00,329.71
1977-10-20 07:01:00,329.69
1977-10-24 07:01:00,329.67
1977-10-27 07:01:00,329.64
1977-10-31 07:01:00,329.63
1977-11-03 07:01:00,329.62
1977-11-07 07:01:00,329.6
1977-11-10 07:01:00,329.6
1977-11-14 07:01:00,329.6
1977-11-17 07:01:00,329.61
1977-11-21 07:01:00,329.55
1977-11-24 07:01:00,329.55
1977-11-28 07:01:00,329.55
1977-12-01 07:01:00,329.53
1977-12-05 07:01:00,329.51
1977-12-08 07:01:00,329.49
1977-12-12 07:01:00,329.51
1977-12-15 07:01:00,329.5
1977-12-19 07:01:00,329.45
1977-12-22 07:01:00,329.44
1977-12-26 07:01:00,329.53
1977-12-29 07:01:00,329.55
1978-01-02 07:01:00,329.51
1978-01-05 07:01:00,329.47
1978-01-09 07:01:00,329.44
1978-01-12 07:01:00,329.46
1978-01-16 07:01:00,329.52
1978-01-19 07:01:00,329.5
1978-01-23 07:01:00,329.47
1978-01-26 07:01:00,329.48
1978-01-30 07:01:00,329.52
1978-02-02 07:01:00,329.47
1978-02-06 07:01:00,329.46
1978-02-09 07:01:00,329.43
1978-02-13 07:01:00,329.44
1978-02-16 07:01:00,329.42
1978-02-20 07:01:00,329.41
1978-02-23 07:01:00,329.42
1978-02-27 07:01:00,329.53
1978-03-02 07:01:00,329.68
1978-03-06 07:01:00,329.8
1978-03-09 07:01:00,329.78
1978-03-13 07:01:00,329.76
1978-03-16 07:01:00,329.76
1978-03-20 07:01:00,329.73
1978-03-23 07:01:00,329.7
1978-03-27 07:01:00,329.64
1978-03-30 07:01:00,329.65
1978-04-03 07:01:00,329.89
1978-04-06 07:01:00,329.93
1978-04-10 07:01:00,329.84
1978-04-13 07:01:00,329.93
1978-04-17 07:01:00,329.88
1978-04-20 07:01:00,329.86
1978-04-24 07:01:00,329.95
1978-04-25 07:01:00,329.98
1978-04-27 07:01:00,330.06
1978-05-01 07:01:00,330.27
1978-05-04 07:01:00,330.38
1978-05-08 07:01:00,330.59
1978-05-11 07:01:00,330.54
1978-05-15 07:01:00,330.34
1978-05-18 07:01:00,330.27
1978-05-22 07:01:00,330.53
1978-05-25 07:01:00,331.03
1978-05-29 07:01:00,330.71
1978-06-01 07:01:00,330.77
1978-06-05 07:01:00,330.78
1978-06-08 07:01:00,330.78
1978-06-12 07:01:00,330.9
1978-06-15 07:01:00,330.66
1978-06-19 07:01:00,330.47
1978-06-22 07:01:00,330.43
1978-06-26 07:01:00,330.7
1978-06-29 07:01:00,330.55
1978-07-03 07:01:00,330.48
1978-07-06 07:01:00,330.95
1978-07-10 07:01:00,330.66
1978-07-13 07:01:00,330.64
1978-07-17 07:01:00,330.51
1978-07-20 07:01:00,331.0
1978-07-24 07:01:00,330.71
1978-07-27 07:01:00,330.55
1978-07-31 07:01:00,330.42
1978-08-03 07:01:00,330.38
1978-08-07 07:01:00,330.35
1978-08-10 07:01:00,330.26
1978-08-14 07:01:00,330.16
1978-08-17 07:01:00,330.1
1978-08-21 07:01:00,330.08
1978-08-24 07:01:00,330.01
1978-08-28 07:01:00,329.96
1978-08-31 07:01:00,329.94
1978-09-04 07:01:00,329.91
1978-09-07 07:01:00,329.88
1978-09-11 07:01:00,330.17
1978-09-14 07:01:00,330.11
1978-09-18 07:01:00,329.99
1978-09-21 07:01:00,329.93
1978-09-25 07:01:00,329.93
1978-09-28 07:01:00,329.96
1978-10-02 07:01:00,330.11
1978-10-05 07:01:00,330.36
1978-10-09 07:01:00,330.17
1978-10-12 07:01:00,330.07
1978-10-16 07:01:00,329.99
1978-10-19 07:01:00,329.94
1978-10-23 07:01:00,329.89
1978-10-26 07:01:00,329.88
1978-10-30 07:01:00,329.88
1978-11-02 07:01:00,329.87
1978-11-06 07:01:00,329.81
1978-11-09 07:01:00,329.79
1978-11-13 07:01:00,329.75
1978-11-16 07:01:00,329.74
1978-11-20 07:01:00,329.69
1978-11-23 07:01:00,329.68
1978-11-27 07:01:00,329.66
1978-11-30 07:01:00,329.64
1978-12-04 07:01:00,329.59
1978-12-07 07:01:00,329.55
1978-12-11 07:01:00,329.64
1978-12-14 07:01:00,329.68
1978-12-18 07:01:00,329.63
1978-12-21 07:01:00,329.59
1978-12-25 07:01:00,329.57
1978-12-28 07:01:00,329.56
1979-01-01 07:01:00,329.61
1979-01-04 07:01:00,329.49
1979-01-08 07:01:00,329.47
1979-01-11 07:01:00,329.49
1979-01-15 07:01:00,329.48
1979-01-18 07:01:00,329.48
1979-01-22 07:01:00,329.43
1979-01-25 07:01:00,329.49
1979-01-29 07:01:00,329.54
1979-02-01 07:01:00,329.58
1979-02-05 07:01:00,329.49
1979-02-08 07:01:00,329.53
1979-02-12 07:01:00,329.52
1979-02-15 07:01:00,329.58
1979-02-19 07:01:00,329.73
1979-02-22 07:01:00,329.64
1979-02-26 07:01:00,329.6
1979-03-01 07:01:00,329.57
1979-03-05 07:01:00,329.56
1979-03-08 07:01:00,329.72
1979-03-12 07:01:00,329.7
1979-03-15 07:01:00,330.05
1979-03-19 07:01:00,330.29
1979-03-22 07:01:00,330.17
1979-03-26 07:01:00,330.05
1979-03-29 07:01:00,330.12
1979-04-02 07:01:00,330.14
1979-04-05 07:01:00,330.11
1979-04-09 07:01:00,330.15
1979-04-12 07:01:00,330.16
1979-04-16 07:01:00,330.4
1979-04-19 07:01:00,330.54
1979-04-23 07:01:00,330.33
1979-04-26 07:01:00,330.4
1979-04-30 07:01:00,330.42
1979-05-03 07:01:00,330.42
1979-05-07 07:01:00,330.47
1979-05-10 07:01:00,330.49
1979-05-14 07:01:00,330.71
1979-05-17 07:01:00,330.87
1979-05-21 07:01:00,331.39
1979-05-24 07:01:00,331.39
1979-05-28 07:01:00,331.15
1979-05-31 07:01:00,331.06
1979-06-04 07:01:00,330.88
1979-06-07 07:01:00,330.8
1979-06-11 07:01:00,330.7
1979-06-14 07:01:00,330.76
1979-06-18 07:01:00,331.08
1979-06-21 07:01:00,331.14
1979-06-25 07:01:00,330.91
1979-06-28 07:01:00,330.91
1979-07-02 07:01:00,330.69
1979-07-05 07:01:00,331.14
1979-07-09 07:01:00,330.8
1979-07-12 07:01:00,330.78
1979-07-16 07:01:00,330.83
1979-07-19 07:01:00,330.68
1979-07-23 07:01:00,331.11
1979-07-26 07:01:00,330.7
1979-07-30 07:01:00,330.7
1979-08-02 07:01:00,330.68
1979-08-06 07:01:00,330.67
1979-08-09 07:01:00,330.58
1979-08-13 07:01:00,330.6
1979-08-16 07:01:00,330.47
1979-08-20 07:01:00,330.29
1979-08-23 07:01:00,330.27
1979-08-27 07:01:00,330.33
1979-08-30 07:01:00,330.23
1979-09-03 07:01:00,330.14
1979-09-06 07:01:00,330.15
1979-09-10 07:01:00,330.07
1979-09-13 07:01:00,330.04
1979-09-17 07:01:00,330.02
1979-09-20 07:01:00,329.97
1979-09-24 07:01:00,330.19
1979-09-27 07:01:00,330.37
1979-10-01 07:01:00,330.19
1979-10-04 07:01:00,330.12
1979-10-08 07:01:00,330.08
1979-10-11 07:01:00,330.03
1979-10-15 07:01:00,330.0
1979-10-18 07:01:00,330.02
1979-10-22 07:01:00,330.02
1979-10-25 07:01:00,329.98
1979-10-29 07:01:00,329.95
1979-11-01 07:01:00,329.94
1979-11-05 07:01:00,329.92
1979-11-08 07:01:00,329.93
1979-11-12 07:01:00,330.14
1979-11-15 07:01:00,330.07
1979-11-19 07:01:00,330.17
1979-11-22 07:01:00,330.46
1979-11-26 07:01:00,330.29
1979-11-29 07:01:00,330.33
1979-12-03 07:01:00,330.44
1979-12-06 07:01:00,330.36
1979-12-10 07:01:00,330.37
1979-12-13 07:01:00,330.33
1979-12-17 07:01:00,330.2
1979-12-20 07:01:00,330.15
1979-12-24 07:01:00,330.15
1979-12-27 07:01:00,330.09
1979-12-31 07:01:00,330.03
1980-01-03 07:01:00,330.02
1980-01-07 07:01:00,329.98
1980-01-10 07:01:00,329.94
1980-01-14 07:01:00,329.88
1980-01-17 07:01:00,329.88
1980-01-21 07:01:00,329.89
1980-01-24 07:01:00,329.9
1980-01-28 07:01:00,329.86
1980-01-31 07:01:00,329.83
1980-02-04 07:01:00,329.85
1980-02-07 07:01:00,329.88
1980-02-11 07:01:00,329.87
1980-02-14 07:01:00,329.87
1980-02-18 07:01:00,329.84
1980-02-21 07:01:00,329.85
1980-02-25 07:01:00,329.81
1980-02-28 07:01:00,329.8
1980-03-03 07:01:00,329.8
1980-03-06 07:01:00,329.8
1980-03-10 07:01:00,329.81
1980-03-13 07:01:00,329.8
1980-03-17 07:01:00,329.81
1980-03-20 07:01:00,329.84
1980-03-24 07:01:00,329.85
1980-03-27 07:01:00,329.87
1980-03-31 07:01:00,330.11
1980-04-03 07:01:00,330.22
1980-04-07 07:01:00,330.08
1980-04-10 07:01:00,330.01
1980-04-14 07:01:00,329.95
1980-04-17 07:01:00,330.07
1980-04-21 07:01:00,330.29
1980-04-24 07:01:00,330.15
1980-04-28 07:01:00,330.08
1980-05-01 07:01:00,330.07
1980-05-05 07:01:00,330.28
1980-05-08 07:01:00,330.44
1980-05-12 07:01:00,330.57
1980-05-15 07:01:00,330.65
1980-05-19 07:01:00,330.48
1980-05-22 07:01:00,330.45
1980-05-26 07:01:00,330.49
1980-05-29 07:01:00,330.64
1980-06-02 07:01:00,330.67
1980-06-05 07:01:00,330.53
1980-06-09 07:01:00,330.83
1980-06-12 07:01:00,330.82
1980-06-16 07:01:00,330.93
1980-06-19 07:01:00,330.76
1980-06-23 07:01:00,330.62
1980-06-26 07:01:00,330.83
1980-06-30 07:01:00,330.78
1980-07-03 07:01:00,330.8
1980-07-07 07:01:00,330.65
1980-07-10 07:01:00,330.69
1980-07-14 07:01:00,330.75
1980-07-17 07:01:00,330.6
1980-07-21 07:01:00,330.51
1980-07-24 07:01:00,330.54
1980-07-28 07:01:00,330.4
1980-07-31 07:01:00,330.39
1980-08-04 07:01:00,330.23
1980-08-07 07:01:00,330.31
1980-08-11 07:01:00,330.2
1980-08-14 07:01:00,330.22
1980-08-18 07:01:00,330.2
1980-08-21 07:01:00,330.07
1980-08-25 07:01:00,330.02
1980-08-28 07:01:00,329.97
1980-09-01 07:01:00,330.33
1980-09-04 07:01:00,330.25
1980-09-08 07:01:00,330.07
1980-09-11 07:01:00,330.24
1980-09-15 07:01:00,330.09
1980-09-18 07:01:00,330.02
1980-09-22 07:01:00,329.95
1980-09-25 07:01:00,330.0
1980-09-29 07:01:00,329.9
1980-10-02 07:01:00,329.87
1980-10-06 07:01:00,329.83
1980-10-09 07:01:00,330.23
1980-10-13 07:01:00,330.61
1980-10-16 07:01:00,330.68
1980-10-20 07:01:00,330.84
1980-10-23 07:01:00,330.58
1980-10-27 07:01:00,330.54
1980-10-30 07:01:00,330.55
1980-11-03 07:01:00,330.3
1980-11-06 07:01:00,330.25
1980-11-10 07:01:00,330.24
1980-11-13 07:01:00,330.19
1980-11-17 07:01:00,330.18
1980-11-20 07:01:00,330.2
1980-11-24 07:01:00,330.16
1980-11-27 07:01:00,330.16
1980-12-01 07:01:00,330.12
1980-12-04 07:01:00,330.06
1980-12-08 07:01:00,330.02
1980-12-11 07:01:00,329.95
1980-12-15 07:01:00,329.98
1980-12-16 07:01:00,330.0
1980-12-18 07:01:00,330.0
1980-12-22 07:01:00,329.98
1980-12-25 07:01:00,330.01
1980-12-29 07:01:00,329.97
1981-01-01 07:01:00,329.91
1981-01-05 07:01:00,329.99
1981-01-08 07:01:00,329.94
1981-01-12 07:01:00,329.85
1981-01-15 07:01:00,329.83
1981-01-19 07:01:00,329.82
1981-01-22 07:01:00,329.82
1981-01-26 07:01:00,329.78
1981-01-29 07:01:00,329.79
1981-02-02 07:01:00,329.76
1981-02-05 07:01:00,329.78
1981-02-09 07:01:00,329.77
1981-02-12 07:01:00,329.84
1981-02-16 07:01:00,329.76
1981-02-19 07:01:00,329.71
1981-02-23 07:01:00,329.73
1981-02-26 07:01:00,329.74
1981-03-02 07:01:00,329.69
1981-03-05 07:01:00,329.72
1981-03-09 07:01:00,329.8
1981-03-12 07:01:00,330.12
1981-03-16 07:01:00,330.34
1981-03-19 07:01:00,330.24
1981-03-23 07:01:00,330.14
1981-03-26 07:01:00,330.31
1981-03-30 07:01:00,330.52
1981-04-02 07:01:00,330.7
1981-04-06 07:01:00,330.66
1981-04-09 07:01:00,330.59
1981-04-13 07:01:00,330.57
1981-04-16 07:01:00,330.54
1981-04-20 07:01:00,330.41
1981-04-23 07:01:00,330.28
1981-04-27 07:01:00,330.2
1981-04-30 07:01:00,330.19
1981-05-04 07:01:00,330.15
1981-05-07 07:01:00,330.17
1981-05-11 07:01:00,330.21
1981-05-14 07:01:00,330.48
1981-05-18 07:01:00,330.46
1981-05-21 07:01:00,330.4
1981-05-25 07:01:00,330.75
1981-05-28 07:01:00,330.86
1981-06-01 07:01:00,330.57
1981-06-04 07:01:00,330.52
1981-06-08 07:01:00,330.38
1981-06-11 07:01:00,330.39
1981-06-15 07:01:00,330.31
1981-06-18 07:01:00,330.35
1981-06-22 07:01:00,330.38
1981-06-25 07:01:00,330.43
1981-06-29 07:01:00,330.33
1981-07-02 07:01:00,330.26
1981-07-06 07:01:00,330.19
1981-07-09 07:01:00,330.12
1981-07-13 07:01:00,330.09
1981-07-16 07:01:00,330.09
1981-07-20 07:01:00,331.08
1981-07-23 07:01:00,330.89
1981-07-27 07:01:00,330.88
1981-07-30 07:01:00,330.71
1981-08-03 07:01:00,330.48
1981-08-06 07:01:00,330.52
1981-08-10 07:01:00,330.39
1981-08-13 07:01:00,330.35
1981-08-17 07:01:00,330.24
1981-08-20 07:01:00,330.2
1981-08-24 07:01:00,330.28
1981-08-27 07:01:00,330.24
1981-08-31 07:01:00,330.28
1981-09-03 07:01:00,330.22
1981-09-07 07:01:00,330.15
1981-09-10 07:01:00,330.1
1981-09-14 07:01:00,330.19
1981-09-17 07:01:00,330.2
1981-09-21 07:01:00,330.11
1981-09-24 07:01:00,330.09
1981-09-28 07:01:00,330.14
1981-10-01 07:01:00,330.32
1981-10-05 07:01:00,330.26
1981-10-08 07:01:00,330.19
1981-10-12 07:01:00,330.15
1981-10-15 07:01:00,330.12
1981-10-19 07:01:00,330.06
1981-10-22 07:01:00,330.02
1981-10-26 07:01:00,330.18
1981-10-29 07:01:00,330.29
1981-11-02 07:01:00,330.24
1981-11-05 07:01:00,330.25
1981-11-09 07:01:00,330.17
1981-11-12 07:01:00,330.12
1981-11-16 07:01:00,330.09
1981-11-19 07:01:00,330.04
1981-11-23 07:01:00,330.14
1981-11-26 07:01:00,330.11
1981-11-30 07:01:00,330.05
1981-12-03 07:01:00,330.01
1981-12-07 07:01:00,329.97
1981-12-10 07:01:00,329.96
1981-12-14 07:01:00,329.91
1981-12-17 07:01:00,329.89
1981-12-21 07:01:00,329.83
1981-12-24 07:01:00,329.85
1981-12-28 07:01:00,329.8
1981-12-31 07:01:00,329.82
1982-01-04 07:01:00,329.92
1982-01-11 07:01:00,329.85
1982-01-18 07:01:00,329.77
1982-01-21 07:01:00,329.77
1982-01-25 07:01:00,329.77
1982-02-01 07:01:00,329.76
1982-02-08 07:01:00,329.79
1982-02-15 07:01:00,329.78
1982-02-22 07:01:00,329.73
1982-03-01 07:01:00,329.7
1982-03-08 07:01:00,329.74
1982-03-15 07:01:00,329.73
1982-03-16 07:01:00,329.72
1982-03-22 07:01:00,329.85
1982-03-29 07:01:00,329.97
1982-04-05 07:01:00,330.22
1982-04-12 07:01:00,330.41
1982-04-19 07:01:00,330.18
1982-04-26 07:01:00,330.03
1982-05-03 07:01:00,330.0
1982-05-10 07:01:00,330.4
1982-05-13 07:01:00,330.67
1982-05-17 07:01:00,330.85
1982-05-24 07:01:00,331.13
1982-05-31 07:01:00,331.18
1982-06-07 07:01:00,330.81
1982-06-14 07:01:00,330.69
1982-06-21 07:01:00,330.42
1982-06-28 07:01:00,331.02
1982-07-05 07:01:00,330.54
1982-07-12 07:01:00,330.27
1982-07-19 07:01:00,330.28
1982-07-26 07:01:00,330.41
1982-08-02 07:01:00,330.29
1982-08-09 07:01:00,330.48
1982-08-16 07:01:00,330.3
1982-08-23 07:01:00,330.35
1982-08-30 07:01:00,330.38
1982-09-06 07:01:00,330.16
1982-09-13 07:01:00,330.24
1982-09-20 07:01:00,330.05
1982-09-27 07:01:00,330.16
1982-09-29 07:01:00,330.09
1982-10-04 07:01:00,330.41
1982-10-11 07:01:00,330.89
1982-10-18 07:01:00,330.7
1982-10-25 07:01:00,330.53
1982-11-01 07:01:00,330.42
1982-11-08 07:01:00,330.27
1982-11-15 07:01:00,330.34
1982-11-22 07:01:00,330.16
1982-11-29 07:01:00,330.08
1982-12-06 07:01:00,330.11
1982-12-13 07:01:00,330.12
1982-12-20 07:01:00,330.17
1982-12-27 07:01:00,330.15
1983-01-03 07:01:00,330.1
1983-01-10 07:01:00,330.3
1983-01-13 07:01:00,330.22
1983-01-17 07:01:00,330.22
1983-01-24 07:01:00,330.22
1983-01-31 07:01:00,330.47
1983-02-07 07:01:00,330.27
1983-02-14 07:01:00,330.15
1983-02-21 07:01:00,330.04
1983-02-28 07:01:00,329.99
1983-03-07 07:01:00,329.98
1983-03-08 07:01:00,329.97
1983-03-14 07:01:00,330.12
1983-03-21 07:01:00,330.2
1983-03-28 07:01:00,330.19
1983-04-04 07:01:00,330.16
1983-04-11 07:01:00,330.23
1983-04-18 07:01:00,330.28
1983-04-25 07:01:00,330.71
1983-05-02 07:01:00,330.76
1983-05-09 07:01:00,330.63
1983-05-16 07:01:00,330.66
1983-05-23 07:01:00,330.59
1983-05-30 07:01:00,330.68
1983-06-06 07:01:00,330.69
1983-06-13 07:01:00,330.56
1983-06-16 07:01:00,330.52
1983-06-20 07:01:00,330.38
1983-06-27 07:01:00,330.4
1983-07-04 07:01:00,330.37
1983-07-11 07:01:00,330.27
1983-07-18 07:01:00,330.16
1983-07-25 07:01:00,330.06
1983-08-01 07:01:00,329.96
1983-08-08 07:01:00,330.05
1983-08-15 07:01:00,329.96
1983-08-22 07:01:00,329.89
1983-08-29 07:01:00,329.85
1983-09-05 07:01:00,330.08
1983-09-12 07:01:00,330.16
1983-09-19 07:01:00,330.33
1983-09-26 07:01:00,330.14
1983-10-03 07:01:00,329.97
1983-10-10 07:01:00,329.88
1983-10-17 07:01:00,329.99
1983-10-24 07:01:00,329.99
1983-10-31 07:01:00,329.91
1983-11-07 07:01:00,329.84
1983-11-14 07:01:00,329.78
1983-11-21 07:01:00,329.69
1983-11-28 07:01:00,329.73
1983-12-05 07:01:00,329.66
1983-12-12 07:01:00,329.63
1983-12-19 07:01:00,329.62
1983-12-20 07:01:00,329.65
1983-12-26 07:01:00,329.87
1984-01-02 07:01:00,329.78
1984-01-09 07:01:00,329.68
1984-01-16 07:01:00,329.64
1984-01-23 07:01:00,329.59
1984-01-30 07:01:00,329.52
1984-02-06 07:01:00,329.58
1984-02-13 07:01:00,329.54
1984-02-20 07:01:00,329.53
1984-02-23 07:01:00,329.54
1984-02-27 07:01:00,329.56
1984-03-05 07:01:00,329.56
1984-03-12 07:01:00,329.61
1984-03-19 07:01:00,329.6
1984-03-26 07:01:00,329.7
1984-04-02 07:01:00,330.09
1984-04-09 07:01:00,330.09
1984-04-16 07:01:00,330.15
1984-04-23 07:01:00,330.12
1984-04-30 07:01:00,330.24
1984-05-07 07:01:00,330.47
1984-05-14 07:01:00,330.66
1984-05-17 07:01:00,330.67
1984-05-21 07:01:00,330.67
1984-05-28 07:01:00,331.02
1984-06-04 07:01:00,330.8
1984-06-11 07:01:00,330.6
1984-06-18 07:01:00,330.46
1984-06-25 07:01:00,330.44
1984-07-02 07:01:00,330.36
1984-07-09 07:01:00,330.21
1984-07-16 07:01:00,330.26
1984-07-23 07:01:00,330.07
1984-07-30 07:01:00,330.12
1984-08-06 07:01:00,330.01
1984-08-13 07:01:00,330.28
1984-08-20 07:01:00,330.12
1984-08-27 07:01:00,330.02
1984-09-03 07:01:00,329.91
1984-09-10 07:01:00,329.97
1984-09-17 07:01:00,330.1
1984-09-24 07:01:00,330.1
1984-10-01 07:01:00,330.23
1984-10-08 07:01:00,330.68
1984-10-15 07:01:00,330.32
1984-10-22 07:01:00,330.1
1984-10-29 07:01:00,330.02
1984-11-05 07:01:00,329.94
1984-11-12 07:01:00,329.85
1984-11-19 07:01:00,329.82
1984-11-20 07:01:00,329.81
1984-11-26 07:01:00,329.8
1984-12-03 07:01:00,329.72
1984-12-10 07:01:00,329.69
1984-12-17 07:01:00,329.67
1984-12-24 07:01:00,329.64
1984-12-31 07:01:00,329.62
1985-01-07 07:01:00,329.47
1985-01-14 07:01:00,329.46
1985-01-21 07:01:00,329.51
1985-01-28 07:01:00,329.54
1985-02-04 07:01:00,329.87
1985-02-06 07:01:00,329.7
1985-02-11 07:01:00,329.64
1985-02-18 07:01:00,329.5
1985-02-25 07:01:00,329.49
1985-03-04 07:01:00,329.61
1985-03-11 07:01:00,329.61
1985-03-18 07:01:00,329.56
1985-03-25 07:01:00,329.99
1985-04-01 07:01:00,330.03
1985-04-08 07:01:00,330.35
1985-04-15 07:01:00,330.2
1985-04-22 07:01:00,330.04
1985-04-29 07:01:00,330.16
1985-05-06 07:01:00,330.23
1985-05-07 07:01:00,330.28
1985-05-13 07:01:00,330.89
1985-05-20 07:01:00,331.28
1985-05-27 07:01:00,331.02
1985-06-03 07:01:00,330.88
1985-06-10 07:01:00,331.33
1985-06-17 07:01:00,330.91
1985-06-24 07:01:00,330.75
1985-07-01 07:01:00,330.56
1985-07-08 07:01:00,330.42
1985-07-15 07:01:00,330.27
1985-07-22 07:01:00,330.65
1985-07-29 07:01:00,330.33
1985-08-05 07:01:00,330.38
1985-08-12 07:01:00,330.74
1985-08-19 07:01:00,331.01
1985-08-26 07:01:00,330.5
1985-09-02 07:01:00,330.59
1985-09-09 07:01:00,330.46
1985-09-16 07:01:00,330.3
1985-09-23 07:01:00,330.17
1985-09-30 07:01:00,330.04
1985-10-07 07:01:00,329.99
1985-10-14 07:01:00,329.95
1985-10-21 07:01:00,329.89
1985-10-28 07:01:00,329.84
1985-11-04 07:01:00,329.87
1985-11-11 07:01:00,329.83
1985-11-18 07:01:00,329.8
1985-11-25 07:01:00,329.81
1985-12-02 07:01:00,329.77
1985-12-09 07:01:00,329.85
1985-12-16 07:01:00,329.81
1985-12-23 07:01:00,329.9
1985-12-30 07:01:00,329.83
1986-01-06 07:01:00,329.83
1986-01-13 07:01:00,329.75
1986-01-14 07:01:00,329.75
1986-01-20 07:01:00,329.78
1986-01-27 07:01:00,329.77
1986-02-03 07:01:00,329.75
1986-02-10 07:01:00,329.65
1986-02-17 07:01:00,329.7
1986-02-24 07:01:00,329.67
1986-03-03 07:01:00,329.64
1986-03-10 07:01:00,329.7
1986-03-17 07:01:00,329.88
1986-03-24 07:01:00,330.04
1986-03-31 07:01:00,330.3
1986-04-07 07:01:00,330.68
1986-04-14 07:01:00,330.76
1986-04-21 07:01:00,330.61
1986-04-28 07:01:00,331.19
1986-05-05 07:01:00,331.55
1986-05-12 07:01:00,331.12
1986-05-19 07:01:00,331.11
1986-05-26 07:01:00,330.96
1986-06-02 07:01:00,331.06
1986-06-09 07:01:00,330.69
1986-06-16 07:01:00,331.1
1986-06-23 07:01:00,330.89
1986-06-30 07:01:00,330.66
1986-07-07 07:01:00,330.34
1986-07-14 07:01:00,330.24
1986-07-21 07:01:00,330.12
1986-07-28 07:01:00,330.09
1986-08-04 07:01:00,330.0
1986-08-11 07:01:00,329.99
1986-08-18 07:01:00,329.95
1986-08-25 07:01:00,330.19
1986-09-01 07:01:00,330.29
1986-09-08 07:01:00,330.08
1986-09-15 07:01:00,330.31
1986-09-22 07:01:00,330.14
1986-09-29 07:01:00,329.99
1986-10-06 07:01:00,329.93
1986-10-09 07:01:00,329.91
1986-10-13 07:01:00,329.86
1986-10-20 07:01:00,329.83
1986-10-27 07:01:00,329.85
1986-11-03 07:01:00,329.81
1986-11-10 07:01:00,329.76
1986-11-17 07:01:00,329.72
1986-11-24 07:01:00,329.69
1986-12-01 07:01:00,329.68
1986-12-08 07:01:00,329.65
1986-12-15 07:01:00,329.58
1986-12-22 07:01:00,329.56
1986-12-29 07:01:00,329.57
1987-01-05 07:01:00,329.69
1987-01-12 07:01:00,329.53
1987-01-19 07:01:00,329.57
1987-01-26 07:01:00,329.54
1987-02-02 07:01:00,329.48
1987-02-09 07:01:00,329.55
1987-02-16 07:01:00,330.01
1987-02-23 07:01:00,330.03
1987-03-02 07:01:00,329.97
1987-03-05 07:01:00,329.9
1987-03-09 07:01:00,329.8
1987-03-16 07:01:00,329.76
1987-03-23 07:01:00,329.71
1987-03-30 07:01:00,330.31
1987-04-06 07:01:00,330.35
1987-04-13 07:01:00,330.58
1987-04-20 07:01:00,330.68
1987-04-27 07:01:00,330.79
1987-05-04 07:01:00,331.2
1987-05-11 07:01:00,331.05
1987-05-18 07:01:00,330.98
1987-05-25 07:01:00,330.76
1987-06-01 07:01:00,330.86
1987-06-08 07:01:00,331.08
1987-06-15 07:01:00,331.07
1987-06-22 07:01:00,330.73
1987-06-29 07:01:00,330.64
1987-07-06 07:01:00,330.68
1987-07-13 07:01:00,330.49
1987-07-20 07:01:00,330.43
1987-07-27 07:01:00,330.71
1987-08-03 07:01:00,330.36
1987-08-10 07:01:00,330.44
1987-08-17 07:01:00,330.33
1987-08-24 07:01:00,330.23
1987-08-31 07:01:00,330.2
1987-09-07 07:01:00,330.25
1987-09-14 07:01:00,330.05
1987-09-21 07:01:00,330.01
1987-09-28 07:01:00,330.02
1987-10-05 07:01:00,329.91
1987-10-12 07:01:00,329.86
1987-10-19 07:01:00,329.9
1987-10-22 07:01:00,329.9
1987-10-26 07:01:00,329.91
1987-11-02 07:01:00,329.88
1987-11-09 07:01:00,329.84
1987-11-16 07:01:00,329.86
1987-11-23 07:01:00,329.78
1987-11-30 07:01:00,329.9
1987-12-07 07:01:00,329.91
1987-12-14 07:01:00,329.81
1987-12-21 07:01:00,330.21
1987-12-28 07:01:00,330.06
1988-01-04 07:01:00,329.95
1988-01-11 07:01:00,329.84
1988-01-18 07:01:00,329.8
1988-01-25 07:01:00,329.76
1988-02-01 07:01:00,329.81
1988-02-02 07:01:00,329.81
1988-02-08 07:01:00,329.8
1988-02-15 07:01:00,329.75
1988-02-22 07:01:00,329.73
1988-02-29 07:01:00,329.83
1988-03-07 07:01:00,329.68
1988-03-14 07:01:00,329.69
1988-03-21 07:01:00,329.75
1988-03-28 07:01:00,329.95
1988-04-04 07:01:00,329.97
1988-04-11 07:01:00,330.39
1988-04-18 07:01:00,330.37
1988-04-25 07:01:00,330.65
1988-05-02 07:01:00,330.59
1988-05-09 07:01:00,330.87
1988-05-16 07:01:00,330.71
1988-05-19 07:01:00,330.75
1988-05-23 07:01:00,330.76
1988-05-30 07:01:00,330.56
1988-06-06 07:01:00,330.71
1988-06-13 07:01:00,330.88
1988-06-20 07:01:00,330.57
1988-06-27 07:01:00,330.33
1988-07-04 07:01:00,330.31
1988-07-11 07:01:00,330.15
1988-07-18 07:01:00,330.38
1988-07-25 07:01:00,330.13
1988-08-01 07:01:00,330.14
1988-08-08 07:01:00,330.06
1988-08-15 07:01:00,330.0
1988-08-22 07:01:00,330.42
1988-08-29 07:01:00,330.19
1988-09-05 07:01:00,330.3
1988-09-12 07:01:00,330.15
1988-09-19 07:01:00,330.66
1988-09-26 07:01:00,330.42
1988-10-03 07:01:00,330.2
1988-10-10 07:01:00,330.13
1988-10-17 07:01:00,330.04
1988-10-24 07:01:00,330.03
1988-10-31 07:01:00,329.98
1988-11-07 07:01:00,329.91
1988-11-14 07:01:00,329.87
1988-11-21 07:01:00,329.88
1988-11-28 07:01:00,329.83
1988-12-05 07:01:00,329.88
1988-12-12 07:01:00,329.94
1988-12-19 07:01:00,329.8
1988-12-20 07:01:00,329.82
1988-12-26 07:01:00,330.0
1989-01-02 07:01:00,329.91
1989-01-09 07:01:00,329.88
1989-01-16 07:01:00,329.81
1989-01-23 07:01:00,329.77
1989-01-30 07:01:00,329.71
1989-02-06 07:01:00,329.73
1989-02-13 07:01:00,329.74
1989-02-20 07:01:00,329.75
1989-02-27 07:01:00,330.09
1989-03-06 07:01:00,329.91
1989-03-13 07:01:00,329.9
1989-03-20 07:01:00,330.02
1989-03-27 07:01:00,330.03
1989-04-03 07:01:00,330.37
1989-04-10 07:01:00,330.33
1989-04-17 07:01:00,330.55
1989-04-20 07:01:00,330.44
1989-04-24 07:01:00,330.35
1989-05-01 07:01:00,330.31
1989-05-08 07:01:00,330.48
1989-05-15 07:01:00,330.64
1989-05-22 07:01:00,330.75
1989-05-29 07:01:00,330.58
1989-06-05 07:01:00,330.77
1989-06-12 07:01:00,330.53
1989-06-19 07:01:00,330.8
1989-06-26 07:01:00,330.78
1989-07-03 07:01:00,330.8
1989-07-10 07:01:00,331.37
1989-07-17 07:01:00,331.01
1989-07-24 07:01:00,330.57
1989-07-31 07:01:00,330.51
1989-08-07 07:01:00,330.53
1989-08-14 07:01:00,330.6
1989-08-21 07:01:00,331.09
1989-08-22 07:01:00,330.94
1989-08-28 07:01:00,330.67
1989-09-04 07:01:00,330.73
1989-09-11 07:01:00,330.43
1989-09-18 07:01:00,330.35
1989-09-25 07:01:00,330.18
1989-10-02 07:01:00,330.7
1989-10-09 07:01:00,330.46
1989-10-16 07:01:00,330.27
1989-10-23 07:01:00,330.14
1989-10-30 07:01:00,330.04
1989-11-06 07:01:00,330.05
1989-11-13 07:01:00,330.09
1989-11-20 07:01:00,329.97
1989-11-27 07:01:00,329.87
1989-12-04 07:01:00,329.81
1989-12-11 07:01:00,329.77
1989-12-18 07:01:00,329.81
1989-12-25 07:01:00,329.79
1990-01-01 07:01:00,329.67
1990-01-08 07:01:00,329.59
1990-01-15 07:01:00,329.58
1990-01-16 07:01:00,329.57
1990-01-22 07:01:00,329.6
1990-01-29 07:01:00,329.6
1990-02-05 07:01:00,329.61
1990-02-12 07:01:00,329.57
1990-02-19 07:01:00,329.62
1990-02-26 07:01:00,329.81
1990-03-05 07:01:00,329.75
1990-03-12 07:01:00,330.27
1990-03-19 07:01:00,330.11
1990-03-26 07:01:00,330.16
1990-04-02 07:01:00,330.09
1990-04-09 07:01:00,330.24
1990-04-16 07:01:00,330.03
1990-04-19 07:01:00,329.97
1990-04-23 07:01:00,330.11
1990-04-30 07:01:00,330.12
1990-05-07 07:01:00,330.38
1990-05-14 07:01:00,330.48
1990-05-21 07:01:00,330.47
1990-05-28 07:01:00,330.43
1990-06-04 07:01:00,330.28
1990-06-11 07:01:00,330.6
1990-06-18 07:01:00,330.51
1990-06-25 07:01:00,330.48
1990-07-02 07:01:00,330.44
1990-07-09 07:01:00,330.62
1990-07-16 07:01:00,330.78
1990-07-23 07:01:00,330.39
1990-07-30 07:01:00,330.16
1990-08-06 07:01:00,330.02
1990-08-12 07:01:00,330.01
1990-08-20 07:01:00,330.02
1990-08-27 07:01:00,329.91
1990-09-03 07:01:00,329.85
1990-09-10 07:01:00,329.86
1990-09-17 07:01:00,329.8
1990-09-24 07:01:00,329.87
1990-09-27 07:01:00,330.02
1990-10-01 07:01:00,329.88
1990-10-08 07:01:00,329.87
1990-10-15 07:01:00,329.81
1990-10-22 07:01:00,329.86
1990-10-29 07:01:00,329.92
1990-11-05 07:01:00,330.12
1990-11-12 07:01:00,329.95
1990-11-19 07:01:00,329.91
1990-11-26 07:01:00,330.09
1990-12-03 07:01:00,330.06
1990-12-10 07:01:00,329.95
1990-12-17 07:01:00,329.91
1990-12-24 07:01:00,329.84
1990-12-31 07:01:00,329.77
1991-01-07 07:01:00,329.76
1991-01-14 07:01:00,329.71
1991-01-21 07:01:00,329.59
1991-01-28 07:01:00,329.58
1991-02-04 07:01:00,329.51
1991-02-05 07:01:00,329.52
1991-02-11 07:01:00,329.54
1991-02-18 07:01:00,329.52
1991-02-25 07:01:00,329.61
1991-03-04 07:01:00,329.65
1991-03-11 07:01:00,329.91
1991-03-18 07:01:00,329.84
1991-03-25 07:01:00,329.91
1991-04-01 07:01:00,330.02
1991-04-08 07:01:00,329.98
1991-04-15 07:01:00,329.91
1991-04-22 07:01:00,329.9
1991-04-29 07:01:00,329.86
1991-05-06 07:01:00,330.23
1991-05-13 07:01:00,331.08
1991-05-20 07:01:00,330.51
1991-05-27 07:01:00,330.57
1991-06-03 07:01:00,330.52
1991-06-10 07:01:00,330.65
1991-06-17 07:01:00,330.86
1991-06-24 07:01:00,330.64
1991-07-01 07:01:00,330.83
1991-07-08 07:01:00,330.46
1991-07-15 07:01:00,330.52
1991-07-22 07:01:00,330.88
1991-07-29 07:01:00,331.69
1991-08-05 07:01:00,331.54
1991-08-12 07:01:00,330.72
1991-08-19 07:01:00,330.5
1991-08-26 07:01:00,330.38
1991-09-02 07:01:00,330.09
1991-09-09 07:01:00,329.99
1991-09-16 07:01:00,330.06
1991-09-23 07:01:00,330.02
1991-09-24 07:01:00,330.02
1991-09-30 07:01:00,329.93
1991-10-07 07:01:00,329.94
1991-10-14 07:01:00,329.91
1991-10-21 07:01:00,329.93
1991-10-28 07:01:00,329.85
1991-11-04 07:01:00,329.8
1991-11-11 07:01:00,329.86
1991-11-18 07:01:00,330.07
1991-11-25 07:01:00,330.31
1991-12-02 07:01:00,330.11
1991-12-09 07:01:00,329.98
1991-12-16 07:01:00,329.82
1991-12-23 07:01:00,329.95
1991-12-30 07:01:00,330.0
1992-01-06 07:01:00,329.9
1992-01-13 07:01:00,329.89
1992-01-20 07:01:00,329.86
1992-01-27 07:01:00,329.79
1992-02-03 07:01:00,329.78
1992-02-10 07:01:00,329.64
1992-02-17 07:01:00,329.83
1992-02-24 07:01:00,329.78
1992-03-02 07:01:00,329.79
1992-03-09 07:01:00,329.95
1992-03-16 07:01:00,329.97
1992-03-23 07:01:00,329.99
1992-03-30 07:01:00,330.14
1992-04-06 07:01:00,330.25
1992-04-13 07:01:00,330.14
1992-04-20 07:01:00,330.11
1992-04-27 07:01:00,330.77
1992-05-04 07:01:00,331.06
1992-05-11 07:01:00,331.26
1992-05-18 07:01:00,331.23
1992-05-25 07:01:00,330.75
1992-06-01 07:01:00,330.63
1992-06-08 07:01:00,330.73
1992-06-15 07:01:00,331.04
1992-06-22 07:01:00,330.61
1992-06-29 07:01:00,330.39
1992-07-06 07:01:00,330.22
1992-07-13 07:01:00,330.23
1992-07-20 07:01:00,330.02
1992-07-27 07:01:00,329.93
1992-08-03 07:01:00,329.95
1992-08-10 07:01:00,329.78
1992-08-17 07:01:00,329.84
1992-08-24 07:01:00,329.7
1992-08-31 07:01:00,329.6
1992-09-07 07:01:00,329.94
1992-09-14 07:01:00,329.76
1992-09-21 07:01:00,329.72
1992-09-28 07:01:00,329.65
1992-10-05 07:01:00,330.21
1992-10-12 07:01:00,330.14
1992-10-19 07:01:00,330.05
1992-10-26 07:01:00,329.93
1992-11-02 07:01:00,329.99
1992-11-09 07:01:00,330.21
1992-11-16 07:01:00,329.99
1992-11-23 07:01:00,330.24
1992-11-30 07:01:00,330.36
1992-12-07 07:01:00,330.53
1992-12-14 07:01:00,330.28
1992-12-21 07:01:00,330.09
1992-12-28 07:01:00,329.9
1993-01-04 07:01:00,329.78
1993-01-11 07:01:00,329.77
1993-01-18 07:01:00,329.72
1993-01-25 07:01:00,329.74
1993-02-01 07:01:00,329.69
1993-02-08 07:01:00,329.68
1993-02-15 07:01:00,329.61
1993-02-18 07:01:00,329.68
1993-02-22 07:01:00,329.68
1993-03-01 07:01:00,329.64
1993-03-08 07:01:00,329.6
1993-03-15 07:01:00,329.59
1993-03-22 07:01:00,329.95
1993-03-29 07:01:00,329.91
1993-04-05 07:01:00,329.87
1993-04-12 07:01:00,329.8
1993-04-19 07:01:00,329.8
1993-04-26 07:01:00,330.3
1993-05-03 07:01:00,330.28
1993-05-10 07:01:00,330.38
1993-05-17 07:01:00,330.29
1993-05-24 07:01:00,330.18
1993-05-31 07:01:00,330.07
1993-06-07 07:01:00,330.09
1993-06-14 07:01:00,329.96
1993-06-21 07:01:00,330.0
1993-06-28 07:01:00,330.0
1993-07-05 07:01:00,329.9
1993-07-12 07:01:00,329.91
1993-07-19 07:01:00,329.97
1993-07-26 07:01:00,330.55
1993-08-02 07:01:00,330.35
1993-08-09 07:01:00,330.25
1993-08-16 07:01:00,330.05
1993-08-23 07:01:00,329.9
1993-08-30 07:01:00,329.99
1993-09-06 07:01:00,329.94
1993-09-13 07:01:00,329.88
1993-09-20 07:01:00,329.83
1993-09-27 07:01:00,329.94
1993-10-04 07:01:00,330.49
1993-10-11 07:01:00,330.38
1993-10-18 07:01:00,330.12
1993-10-25 07:01:00,331.86
1993-11-01 07:01:00,330.59
1993-11-08 07:01:00,330.31
1993-11-15 07:01:00,330.19
1993-11-22 07:01:00,330.02
1993-11-29 07:01:00,329.93
1993-12-06 07:01:00,329.86
1993-12-13 07:01:00,329.78
1993-12-20 07:01:00,329.77
1993-12-27 07:01:00,329.82
1994-01-03 07:01:00,329.74
1994-01-10 07:01:00,329.9
1994-01-17 07:01:00,329.84
1994-01-24 07:01:00,329.72
1994-01-31 07:01:00,329.72
1994-02-07 07:01:00,329.69
1994-02-14 07:01:00,329.69
1994-02-21 07:01:00,329.59
1994-02-28 07:01:00,329.61
1994-03-07 07:01:00,329.64
1994-03-14 07:01:00,330.01
1994-03-21 07:01:00,329.89
1994-03-28 07:01:00,330.08
1994-04-04 07:01:00,329.97
1994-04-11 07:01:00,329.9
1994-04-18 07:01:00,330.18
1994-04-25 07:01:00,330.29
1994-05-02 07:01:00,330.49
1994-05-09 07:01:00,330.25
1994-05-16 07:01:00,330.22
1994-05-23 07:01:00,330.33
1994-05-30 07:01:00,330.43
1994-06-05 07:01:00,330.34
1994-06-13 07:01:00,330.14
1994-06-20 07:01:00,330.08
1994-06-23 07:01:00,330.1
1994-06-27 07:01:00,330.0
1994-07-04 07:01:00,329.86
1994-07-11 07:01:00,329.87
1994-07-18 07:01:00,329.83
1994-07-25 07:01:00,329.75
1994-08-01 07:01:00,329.67
1994-08-08 07:01:00,329.66
1994-08-15 07:01:00,329.78
1994-08-22 07:01:00,329.75
1994-08-29 07:01:00,329.92
1994-09-05 07:01:00,329.91
1994-09-12 07:01:00,329.82
1994-09-19 07:01:00,330.0
1994-09-26 07:01:00,329.79
1994-10-03 07:01:00,329.72
1994-10-10 07:01:00,329.7
1994-10-17 07:01:00,329.59
1994-10-24 07:01:00,329.58
1994-10-31 07:01:00,329.71
1994-11-07 07:01:00,329.62
1994-11-14 07:01:00,329.86
1994-11-21 07:01:00,329.93
1994-11-23 07:01:00,329.93
1994-11-28 07:01:00,329.83
1994-12-05 07:01:00,329.68
1994-12-12 07:01:00,329.75
1994-12-19 07:01:00,329.58
1994-12-26 07:01:00,329.57
1995-01-02 07:01:00,329.58
1995-01-09 07:01:00,329.45
1995-01-16 07:01:00,329.47
1995-01-23 07:01:00,329.47
1995-01-30 07:01:00,329.5
1995-02-06 07:01:00,329.49
1995-02-13 07:01:00,329.55
1995-02-20 07:01:00,329.64
1995-02-27 07:01:00,329.72
1995-03-06 07:01:00,329.76
1995-03-13 07:01:00,329.7
1995-03-20 07:01:00,329.68
1995-03-27 07:01:00,329.82
1995-04-03 07:01:00,330.02
1995-04-10 07:01:00,330.32
1995-04-17 07:01:00,330.01
1995-04-24 07:01:00,330.46
1995-05-01 07:01:00,330.61
1995-05-08 07:01:00,330.65
1995-05-15 07:01:00,330.6
1995-05-22 07:01:00,330.29
1995-05-29 07:01:00,330.39
1995-06-05 07:01:00,330.42
1995-06-12 07:01:00,330.53
1995-06-19 07:01:00,330.49
1995-06-21 07:01:00,330.41
1995-06-26 07:01:00,330.4
1995-07-03 07:01:00,330.47
1995-07-10 07:01:00,330.25
1995-07-17 07:01:00,330.19
1995-07-24 07:01:00,329.97
1995-07-31 07:01:00,330.01
1995-08-07 07:01:00,329.8
1995-08-14 07:01:00,329.92
1995-08-21 07:01:00,330.07
1995-08-28 07:01:00,330.0
1995-09-04 07:01:00,330.11
1995-09-11 07:01:00,330.08
1995-09-18 07:01:00,330.36
1995-09-25 07:01:00,330.05
1995-10-02 07:01:00,330.0
1995-10-09 07:01:00,329.86
1995-10-16 07:01:00,329.76
1995-10-23 07:01:00,329.68
1995-10-30 07:01:00,329.62
1995-11-06 07:01:00,329.61
1995-11-13 07:01:00,329.64
1995-11-20 07:01:00,329.67
1995-11-27 07:01:00,329.58
1995-12-01 07:01:00,329.56
1995-12-04 07:01:00,329.56
1995-12-11 07:01:00,329.48
1995-12-18 07:01:00,329.52
1995-12-25 07:01:00,329.52
1996-01-01 07:01:00,329.42
1996-01-08 07:01:00,329.46
1996-01-15 07:01:00,329.54
1996-01-22 07:01:00,329.48
1996-01-29 07:01:00,329.44
1996-02-05 07:01:00,329.44
1996-02-12 07:01:00,329.38
1996-02-19 07:01:00,329.36
1996-02-26 07:01:00,329.36
1996-03-04 07:01:00,329.36
1996-03-07 07:01:00,329.38
1996-03-11 07:01:00,329.32
1996-03-18 07:01:00,329.37
1996-03-25 07:01:00,329.68
1996-04-01 07:01:00,329.78
1996-04-08 07:01:00,330.14
1996-04-15 07:01:00,330.2
1996-04-22 07:01:00,330.44
1996-04-29 07:01:00,330.9
1996-05-06 07:01:00,330.69
1996-05-13 07:01:00,331.0
1996-05-20 07:01:00,330.85
1996-05-27 07:01:00,330.7
1996-06-03 07:01:00,330.49
1996-06-10 07:01:00,330.22
1996-06-17 07:01:00,330.05
1996-06-24 07:01:00,330.41
1996-07-01 07:01:00,330.43
1996-07-05 07:01:00,330.58
1996-07-08 07:01:00,330.54
1996-07-15 07:01:00,330.37
1996-07-22 07:01:00,330.08
1996-07-29 07:01:00,330.04
1996-08-05 07:01:00,330.07
1996-08-12 07:01:00,329.98
1996-08-19 07:01:00,329.99
1996-08-26 07:01:00,329.96
1996-09-02 07:01:00,330.03
1996-09-09 07:01:00,330.45
1996-09-16 07:01:00,330.41
1996-09-23 07:01:00,330.32
1996-09-30 07:01:00,330.45
1996-10-07 07:01:00,330.85
1996-10-14 07:01:00,330.51
1996-10-21 07:01:00,330.66
1996-10-25 07:01:00,331.01
1996-10-28 07:01:00,330.74
1996-11-04 07:01:00,330.4
1996-11-11 07:01:00,330.19
1996-11-18 07:01:00,330.67
1996-11-25 07:01:00,330.47
1996-12-02 07:01:00,330.21
1996-12-09 07:01:00,330.06
1996-12-16 07:01:00,329.95
1996-12-23 07:01:00,329.9
1996-12-30 07:01:00,329.7
1997-01-06 07:01:00,329.74
1997-01-13 07:01:00,329.68
1997-01-20 07:01:00,329.64
1997-01-27 07:01:00,329.61
1997-02-03 07:01:00,329.56
1997-02-10 07:01:00,329.55
1997-02-17 07:01:00,329.55
1997-02-24 07:01:00,329.58
1997-02-28 07:01:00,329.63
1997-03-03 07:01:00,329.58
1997-03-10 07:01:00,329.64
1997-03-17 07:01:00,329.82
1997-03-24 07:01:00,329.83
1997-03-31 07:01:00,329.81
1997-04-07 07:01:00,330.08
1997-04-14 07:01:00,330.02
1997-04-21 07:01:00,329.98
1997-04-28 07:01:00,329.97
1997-05-05 07:01:00,330.42
1997-05-12 07:01:00,330.43
1997-05-19 07:01:00,330.81
1997-05-26 07:01:00,330.66
1997-06-02 07:01:00,330.2
1997-06-09 07:01:00,330.24
1997-06-16 07:01:00,330.42
1997-06-23 07:01:00,330.76
1997-06-30 07:01:00,330.53
1997-07-07 07:01:00,330.57
1997-07-08 07:01:00,330.85
1997-07-14 07:01:00,330.53
1997-07-21 07:01:00,330.78
1997-07-28 07:01:00,330.51
1997-08-04 07:01:00,330.77
1997-08-11 07:01:00,330.44
1997-08-18 07:01:00,330.16
1997-08-25 07:01:00,330.14
1997-09-01 07:01:00,330.09
1997-09-08 07:01:00,330.3
1997-09-15 07:01:00,330.06
1997-09-22 07:01:00,329.9
1997-09-29 07:01:00,329.8
1997-10-06 07:01:00,329.9
1997-10-13 07:01:00,329.84
1997-10-20 07:01:00,329.77
1997-10-27 07:01:00,329.73
1997-10-31 07:01:00,329.67
1997-11-03 07:01:00,329.66
1997-11-10 07:01:00,329.81
1997-11-17 07:01:00,329.71
1997-11-24 07:01:00,329.64
1997-12-01 07:01:00,329.78
1997-12-08 07:01:00,329.64
1997-12-15 07:01:00,329.73
1997-12-22 07:01:00,329.82
1997-12-29 07:01:00,329.79
1998-01-05 07:01:00,329.71
1998-01-12 07:01:00,329.62
1998-01-19 07:01:00,329.57
1998-01-26 07:01:00,329.54
1998-02-02 07:01:00,329.52
1998-02-09 07:01:00,329.44
1998-02-16 07:01:00,329.55
1998-02-20 07:01:00,329.56
1998-02-23 07:01:00,329.54
1998-03-02 07:01:00,329.55
1998-03-09 07:01:00,329.57
1998-03-16 07:01:00,329.54
1998-03-23 07:01:00,329.64
1998-03-30 07:01:00,329.64
1998-04-06 07:01:00,330.2
1998-04-13 07:01:00,330.0
1998-04-20 07:01:00,329.94
1998-04-27 07:01:00,330.02
1998-05-04 07:01:00,330.24
1998-05-11 07:01:00,330.21
1998-05-18 07:01:00,330.21
1998-05-25 07:01:00,330.04
1998-06-01 07:01:00,330.06
1998-06-08 07:01:00,330.18
1998-06-15 07:01:00,330.28
1998-06-22 07:01:00,330.03
1998-06-29 07:01:00,330.06
1998-07-06 07:01:00,330.18
1998-07-13 07:01:00,330.24
1998-07-20 07:01:00,330.18
1998-07-27 07:01:00,330.32
1998-08-03 07:01:00,330.33
1998-08-10 07:01:00,330.2
1998-08-17 07:01:00,329.95
1998-08-24 07:01:00,329.95
1998-08-31 07:01:00,329.86
1998-09-07 07:01:00,330.63
1998-09-14 07:01:00,330.67
1998-09-21 07:01:00,330.45
1998-09-28 07:01:00,329.6
1998-10-05 07:01:00,330.16
1998-10-12 07:01:00,330.48
1998-10-19 07:01:00,330.42
1998-10-26 07:01:00,330.34
1998-11-02 07:01:00,330.1
1998-11-06 07:01:00,330.18
1998-11-09 07:01:00,330.07
1998-11-16 07:01:00,330.14
1998-11-23 07:01:00,329.97
1998-11-30 07:01:00,329.89
1998-12-07 07:01:00,329.82
1998-12-14 07:01:00,329.81
1998-12-21 07:01:00,329.79
1998-12-28 07:01:00,329.76
1999-01-04 07:01:00,329.71
1999-01-11 07:01:00,329.66
1999-01-18 07:01:00,329.61
1999-01-25 07:01:00,329.55
1999-02-01 07:01:00,329.48
1999-02-08 07:01:00,329.57
1999-02-15 07:01:00,329.5
1999-02-18 07:01:00,329.49
1999-02-22 07:01:00,329.57
1999-03-01 07:01:00,329.55
1999-03-08 07:01:00,329.73
1999-03-15 07:01:00,329.76
1999-03-22 07:01:00,329.73
1999-03-29 07:01:00,329.79
1999-04-05 07:01:00,329.93
1999-04-12 07:01:00,330.01
1999-04-19 07:01:00,329.96
1999-04-26 07:01:00,330.11
1999-05-03 07:01:00,330.25
1999-05-10 07:01:00,330.51
1999-05-14 07:01:00,330.6
1999-05-17 07:01:00,330.48
1999-05-24 07:01:00,330.47
1999-05-31 07:01:00,330.48
1999-06-07 07:01:00,330.31
1999-06-14 07:01:00,330.24
1999-06-21 07:01:00,330.23
1999-06-28 07:01:00,330.24
1999-07-05 07:01:00,330.02
1999-07-12 07:01:00,330.54
1999-07-19 07:01:00,330.14
1999-07-26 07:01:00,330.63
1999-08-02 07:01:00,330.36
1999-08-09 07:01:00,330.29
1999-08-16 07:01:00,330.3
1999-08-23 07:01:00,330.94
1999-08-30 07:01:00,331.14
1999-09-06 07:01:00,331.06
1999-09-13 07:01:00,330.58
1999-09-20 07:01:00,330.29
1999-09-23 07:01:00,330.37
1999-09-27 07:01:00,330.2
1999-10-04 07:01:00,330.56
1999-10-11 07:01:00,330.3
1999-10-18 07:01:00,330.07
1999-10-25 07:01:00,329.98
1999-11-01 07:01:00,329.91
1999-11-08 07:01:00,329.89
1999-11-15 07:01:00,329.81
1999-11-22 07:01:00,329.71
1999-11-29 07:01:00,329.67
1999-12-06 07:01:00,329.63
1999-12-13 07:01:00,329.58
1999-12-20 07:01:00,329.56
1999-12-27 07:01:00,329.54
2000-01-03 07:01:00,329.51
2000-01-10 07:01:00,329.47
2000-01-17 07:01:00,329.37
2000-01-24 07:01:00,329.5
2000-01-31 07:01:00,329.47
2000-02-07 07:01:00,329.67
2000-02-14 07:01:00,329.63
2000-02-21 07:01:00,329.56
2000-02-25 07:01:00,329.51
2000-02-28 07:01:00,329.55
2000-03-06 07:01:00,329.63
2000-03-13 07:01:00,330.25
2000-03-20 07:01:00,329.98
2000-03-27 07:01:00,329.95
2000-04-03 07:01:00,330.46
2000-04-10 07:01:00,330.23
2000-04-17 07:01:00,330.38
2000-04-24 07:01:00,331.29
2000-05-01 07:01:00,331.15
2000-05-08 07:01:00,330.89
2000-05-15 07:01:00,330.81
2000-05-22 07:01:00,330.56
2000-05-29 07:01:00,330.4
2000-05-30 07:01:00,330.41
2000-06-05 07:01:00,330.34
2000-06-12 07:01:00,330.17
2000-06-19 07:01:00,329.98
2000-06-26 07:01:00,330.36
2000-07-03 07:01:00,329.98
2000-07-10 07:01:00,330.08
2000-07-17 07:01:00,330.13
2000-07-24 07:01:00,330.16
2000-07-31 07:01:00,329.99
2000-08-07 07:01:00,330.49
2000-08-14 07:01:00,330.0
2000-08-21 07:01:00,329.89
2000-08-28 07:01:00,329.69
2000-09-04 07:01:00,329.91
2000-09-11 07:01:00,329.74
2000-09-18 07:01:00,329.78
2000-09-25 07:01:00,329.75
2000-10-02 07:01:00,329.88
2000-10-09 07:01:00,330.4
2000-10-16 07:01:00,330.33
2000-10-23 07:01:00,329.95
2000-10-30 07:01:00,330.33
2000-11-06 07:01:00,330.45
2000-11-13 07:01:00,330.3
2000-11-20 07:01:00,330.51
2000-11-27 07:01:00,330.38
2000-12-04 07:01:00,330.19
2000-12-11 07:01:00,330.04
2000-12-18 07:01:00,329.95
2000-12-25 07:01:00,329.88
2001-01-01 07:01:00,329.68
2001-01-08 07:01:00,329.7
2001-01-15 07:01:00,329.74
2001-01-22 07:01:00,329.76
2001-01-29 07:01:00,329.75
2001-02-05 07:01:00,329.64
2001-02-12 07:01:00,329.69
2001-02-19 07:01:00,329.64
2001-02-26 07:01:00,329.6
2001-03-05 07:01:00,329.64
2001-03-12 07:01:00,329.8
2001-03-19 07:01:00,330.0
2001-03-26 07:01:00,330.19
2001-04-02 07:01:00,330.01
2001-04-09 07:01:00,330.0
2001-04-16 07:01:00,329.92
2001-04-23 07:01:00,329.87
2001-04-30 07:01:00,329.98
2001-05-01 07:01:00,330.02
2001-05-07 07:01:00,330.59
2001-05-14 07:01:00,330.52
2001-05-21 07:01:00,330.34
2001-05-28 07:01:00,330.2
2001-06-04 07:01:00,330.13
2001-06-11 07:01:00,330.18
2001-06-18 07:01:00,330.34
2001-06-25 07:01:00,330.09
2001-07-02 07:01:00,329.9
2001-07-09 07:01:00,329.87
2001-07-16 07:01:00,329.83
2001-07-23 07:01:00,330.19
2001-07-30 07:01:00,329.86
2001-08-06 07:01:00,329.75
2001-08-13 07:01:00,329.72
2001-08-20 07:01:00,329.82
2001-08-27 07:01:00,329.55
2001-09-03 07:01:00,329.68
2001-09-10 07:01:00,329.79
2001-09-17 07:01:00,329.98
2001-09-24 07:01:00,329.87
2001-10-01 07:01:00,329.95
2001-10-08 07:01:00,329.79
2001-10-13 07:01:00,329.73
2001-10-22 07:01:00,329.62
2001-10-29 07:01:00,329.56
2001-11-05 07:01:00,329.57
2001-11-12 07:01:00,329.48
2001-11-19 07:01:00,329.43
2001-11-26 07:01:00,329.39
2001-12-03 07:01:00,329.34
2001-12-10 07:01:00,329.35
2001-12-17 07:01:00,329.28
2001-12-24 07:01:00,329.31
2001-12-31 07:01:00,329.25
2002-01-04 07:01:00,329.22
2002-01-07 07:01:00,329.23
2002-01-14 07:01:00,329.22
2002-01-21 07:01:00,329.21
2002-01-28 07:01:00,329.51
2002-02-04 07:01:00,329.37
2002-02-11 07:01:00,329.41
2002-02-18 07:01:00,329.44
2002-02-23 07:01:00,329.36
2002-03-04 07:01:00,329.43
2002-03-11 07:01:00,329.46
2002-03-18 07:01:00,329.47
2002-03-25 07:01:00,329.96
2002-04-01 07:01:00,329.8
2002-04-08 07:01:00,329.71
2002-04-15 07:01:00,329.73
2002-04-22 07:01:00,329.81
2002-04-29 07:01:00,330.0
2002-05-06 07:01:00,330.43
2002-05-13 07:01:00,330.19
2002-05-20 07:01:00,330.15
2002-05-27 07:01:00,330.21
2002-06-03 07:01:00,329.99
2002-06-10 07:01:00,330.32
2002-06-17 07:01:00,330.05
2002-06-24 07:01:00,329.94
2002-07-01 07:01:00,329.91
2002-07-08 07:01:00,329.83
2002-07-15 07:01:00,330.25
2002-07-22 07:01:00,330.08
2002-07-29 07:01:00,329.88
2002-08-05 07:01:00,329.87
2002-08-12 07:01:00,330.09
2002-08-19 07:01:00,330.39
2002-08-26 07:01:00,330.19
2002-09-02 07:01:00,330.01
2002-09-09 07:01:00,329.83
2002-09-16 07:01:00,329.75
2002-09-23 07:01:00,329.71
2002-09-30 07:01:00,329.87
2002-10-03 07:01:00,329.77
2002-10-07 07:01:00,329.73
2002-10-14 07:01:00,329.93
2002-10-21 07:01:00,329.99
2002-10-28 07:01:00,329.89
2002-11-04 07:01:00,329.87
2002-11-11 07:01:00,329.95
2002-11-18 07:01:00,329.94
2002-11-25 07:01:00,329.99
2002-12-02 07:01:00,330.01
2002-12-09 07:01:00,330.24
2002-12-16 07:01:00,329.99
2002-12-23 07:01:00,329.88
2002-12-30 07:01:00,329.83
2003-01-06 07:01:00,329.8
2003-01-13 07:01:00,329.58
2003-01-20 07:01:00,329.61
2003-01-27 07:01:00,329.59
2003-02-03 07:01:00,329.49
2003-02-07 07:01:00,329.5
2003-02-10 07:01:00,329.47
2003-02-17 07:01:00,329.43
2003-02-24 07:01:00,329.4
2003-03-03 07:01:00,329.38
2003-03-10 07:01:00,329.4
2003-03-17 07:01:00,329.41
2003-03-24 07:01:00,329.37
2003-03-31 07:01:00,329.49
2003-04-07 07:01:00,329.44
2003-04-14 07:01:00,329.41
2003-04-21 07:01:00,329.52
2003-04-28 07:01:00,329.75
2003-05-02 07:01:00,329.95
2003-05-05 07:01:00,329.92
2003-05-12 07:01:00,329.88
2003-05-19 07:01:00,329.79
2003-05-26 07:01:00,329.95
2003-06-02 07:01:00,330.0
2003-06-09 07:01:00,329.86
2003-06-16 07:01:00,329.94
2003-06-23 07:01:00,329.73
2003-06-30 07:01:00,329.69
2003-07-07 07:01:00,329.7
2003-07-14 07:01:00,329.54
2003-07-21 07:01:00,329.47
2003-07-28 07:01:00,329.45
2003-08-04 07:01:00,329.44
2003-08-11 07:01:00,329.35
2003-08-18 07:01:00,329.32
2003-08-25 07:01:00,329.26
2003-09-01 07:01:00,329.72
2003-09-08 07:01:00,329.47
2003-09-15 07:01:00,329.7
2003-09-22 07:01:00,329.46
2003-09-29 07:01:00,329.42
2003-10-06 07:01:00,329.72
2003-10-13 07:01:00,329.88
2003-10-20 07:01:00,329.67
2003-10-27 07:01:00,329.58
2003-11-03 07:01:00,329.87
2003-11-10 07:01:00,329.72
2003-11-17 07:01:00,329.61
2003-11-24 07:01:00,329.54
2003-12-01 07:01:00,329.81
2003-12-08 07:01:00,329.58
2003-12-15 07:01:00,329.55
2003-12-22 07:01:00,329.5
2003-12-29 07:01:00,329.45
2004-01-05 07:01:00,329.42
2004-01-12 07:01:00,329.4
2004-01-19 07:01:00,329.39
2004-01-26 07:01:00,329.3
2004-02-02 07:01:00,329.27
2004-02-09 07:01:00,329.65
2004-02-16 07:01:00,329.45
2004-02-23 07:01:00,329.46
2004-03-01 07:01:00,329.4
2004-03-08 07:01:00,329.35
2004-03-15 07:01:00,329.37
2004-03-22 07:01:00,330.04
2004-03-23 07:01:00,330.07
2004-03-29 07:01:00,329.85
2004-04-05 07:01:00,330.08
2004-04-12 07:01:00,329.99
2004-04-19 07:01:00,329.99
2004-04-26 07:01:00,330.29
2004-05-03 07:01:00,330.39
2004-05-10 07:01:00,330.33
2004-05-17 07:01:00,330.31
2004-05-24 07:01:00,330.52
2004-05-31 07:01:00,330.49
2004-06-07 07:01:00,330.45
2004-06-14 07:01:00,330.78
2004-06-21 07:01:00,330.94
2004-06-28 07:01:00,330.92
2004-07-05 07:01:00,330.69
2004-07-12 07:01:00,330.59
2004-07-19 07:01:00,330.35
2004-07-26 07:01:00,330.25
2004-07-29 07:01:00,330.16
2004-08-02 07:01:00,330.02
2004-08-09 07:01:00,329.91
2004-08-16 07:01:00,329.86
2004-08-23 07:01:00,330.01
2004-08-30 07:01:00,330.05
2004-09-06 07:01:00,329.97
2004-09-13 07:01:00,329.84
2004-09-20 07:01:00,329.84
2004-09-27 07:01:00,329.88
2004-10-02 07:01:00,329.91
2004-10-04 07:01:00,329.79
2004-10-11 07:01:00,329.81
2004-10-18 07:01:00,329.77
2004-10-25 07:01:00,329.74
2004-11-01 07:01:00,329.88
2004-11-08 07:01:00,329.76
2004-11-15 07:01:00,329.79
2004-11-22 07:01:00,329.69
2004-11-29 07:01:00,329.7
2004-12-06 07:01:00,329.63
2004-12-13 07:01:00,329.57
2004-12-20 07:01:00,329.5
2004-12-27 07:01:00,329.67
2005-01-03 07:01:00,329.5
2005-01-10 07:01:00,329.47
2005-01-17 07:01:00,329.36
2005-01-24 07:01:00,329.39
2005-01-31 07:01:00,329.29
2005-02-07 07:01:00,329.27
2005-02-14 07:01:00,329.38
2005-02-18 07:01:00,329.3
2005-02-21 07:01:00,329.31
2005-02-28 07:01:00,329.32
2005-03-07 07:01:00,329.3
2005-03-14 07:01:00,329.27
2005-03-21 07:01:00,330.21
2005-03-28 07:01:00,330.39
2005-04-04 07:01:00,330.28
2005-04-11 07:01:00,330.29
2005-04-18 07:01:00,330.31
2005-04-25 07:01:00,330.29
2005-05-02 07:01:00,330.45
2005-05-09 07:01:00,330.46
2005-05-16 07:01:00,330.17
2005-05-23 07:01:00,330.44
2005-05-30 07:01:00,330.32
2005-06-06 07:01:00,330.26
2005-06-13 07:01:00,330.0
2005-06-20 07:01:00,329.96
2005-06-22 07:01:00,329.91
2005-06-27 07:01:00,329.98
2005-07-04 07:01:00,330.05
2005-07-11 07:01:00,330.27
2005-07-18 07:01:00,330.54
2005-07-25 07:01:00,330.19
2005-08-01 07:01:00,330.44
2005-08-08 07:01:00,330.12
2005-08-15 07:01:00,330.3
2005-08-22 07:01:00,331.85
2005-08-29 07:01:00,330.9
2005-09-05 07:01:00,330.38
2005-09-12 07:01:00,330.1
2005-09-19 07:01:00,330.21
2005-09-26 07:01:00,330.06
2005-10-03 07:01:00,329.97
2005-10-10 07:01:00,330.64
2005-10-17 07:01:00,330.2
2005-10-24 07:01:00,329.99
2005-10-31 07:01:00,329.82
2005-11-07 07:01:00,329.74
2005-11-14 07:01:00,329.65
2005-11-21 07:01:00,329.6
2005-11-28 07:01:00,329.58
2005-12-05 07:01:00,329.53
2005-12-12 07:01:00,329.4
2005-12-19 07:01:00,329.43
2005-12-26 07:01:00,329.41
2006-01-02 07:01:00,329.45
2006-01-09 07:01:00,329.37
2006-01-16 07:01:00,329.27
2006-01-23 07:01:00,329.3
2006-01-30 07:01:00,329.26
2006-02-06 07:01:00,329.26
2006-02-13 07:01:00,329.25
2006-02-14 07:01:00,329.22
2006-02-20 07:01:00,329.28
2006-02-27 07:01:00,329.27
2006-03-06 07:01:00,329.28
2006-03-13 07:01:00,329.25
2006-03-20 07:01:00,329.25
2006-03-27 07:01:00,329.92
2006-04-03 07:01:00,330.23
2006-04-10 07:01:00,329.96
2006-04-17 07:01:00,330.02
2006-04-24 07:01:00,330.31
2006-05-01 07:01:00,330.85
2006-05-08 07:01:00,330.46
2006-05-15 07:01:00,330.38
2006-05-22 07:01:00,330.88
2006-05-29 07:01:00,330.68
2006-06-05 07:01:00,330.67
2006-06-12 07:01:00,330.43
2006-06-19 07:01:00,330.41
2006-06-26 07:01:00,330.29
2006-07-03 07:01:00,330.39
2006-07-10 07:01:00,330.14
2006-07-17 07:01:00,329.94
2006-07-24 07:01:00,329.89
2006-07-31 07:01:00,329.77
2006-08-07 07:01:00,330.06
2006-08-14 07:01:00,329.99
2006-08-21 07:01:00,329.96
2006-08-28 07:01:00,329.95
2006-09-04 07:01:00,329.85
2006-09-11 07:01:00,329.69
2006-09-18 07:01:00,329.89
2006-09-25 07:01:00,329.8
2006-10-02 07:01:00,329.71
2006-10-09 07:01:00,329.71
2006-10-16 07:01:00,329.59
2006-10-23 07:01:00,329.54
2006-10-30 07:01:00,329.6
2006-11-06 07:01:00,329.59
2006-11-13 07:01:00,329.7
2006-11-20 07:01:00,329.71
2006-11-27 07:01:00,329.61
2006-12-04 07:01:00,329.56
2006-12-11 07:01:00,329.6
2006-12-18 07:01:00,329.5
2006-12-25 07:01:00,329.38
2007-01-01 07:01:00,329.37
2007-01-08 07:01:00,329.37
2007-01-15 07:01:00,329.39
2007-01-22 07:01:00,329.58
2007-01-29 07:01:00,329.54
2007-02-05 07:01:00,329.47
2007-02-12 07:01:00,329.43
2007-02-19 07:01:00,329.41
2007-02-26 07:01:00,329.44
2007-03-02 07:01:00,329.48
2007-03-05 07:01:00,329.49
2007-03-12 07:01:00,329.57
2007-03-19 07:01:00,329.66
2007-03-26 07:01:00,329.62
2007-04-02 07:01:00,329.67
2007-04-09 07:01:00,329.81
2007-04-16 07:01:00,330.08
2007-04-23 07:01:00,329.93
2007-04-30 07:01:00,329.89
2007-05-07 07:01:00,329.9
2007-05-14 07:01:00,329.88
2007-05-21 07:01:00,329.78
2007-05-28 07:01:00,329.79
2007-06-04 07:01:00,329.85
2007-06-11 07:01:00,329.81
2007-06-18 07:01:00,329.86
2007-06-25 07:01:00,329.89
2007-07-02 07:01:00,329.88
2007-07-09 07:01:00,329.98
2007-07-16 07:01:00,330.15
2007-07-23 07:01:00,329.8
2007-07-30 07:01:00,329.79
2007-08-06 07:01:00,329.58
2007-08-13 07:01:00,329.63
2007-08-20 07:01:00,329.58
2007-08-27 07:01:00,329.55
2007-09-03 07:01:00,329.83
2007-09-10 07:01:00,330.64
2007-09-17 07:01:00,330.3
2007-09-21 07:01:00,330.22
2007-09-24 07:01:00,330.0
2007-10-01 07:01:00,330.16
2007-10-08 07:01:00,329.94
2007-10-15 07:01:00,329.76
2007-10-22 07:01:00,329.87
2007-10-29 07:01:00,330.05
2007-11-05 07:01:00,329.81
2007-11-12 07:01:00,329.87
2007-11-19 07:01:00,329.69
2007-11-26 07:01:00,329.99
2007-12-03 07:01:00,329.84
2007-12-10 07:01:00,329.82
2007-12-17 07:01:00,329.71
2007-12-24 07:01:00,329.59
2007-12-31 07:01:00,329.52
2008-01-07 07:01:00,329.48
2008-01-14 07:01:00,329.49
2008-01-21 07:01:00,329.57
2008-01-25 07:01:00,329.52
2008-01-28 07:01:00,329.55
2008-02-04 07:01:00,329.47
2008-02-11 07:01:00,329.42
2008-02-18 07:01:00,329.33
2008-02-25 07:01:00,329.55
2008-03-03 07:01:00,329.77
2008-03-10 07:01:00,329.59
2008-03-17 07:01:00,329.7
2008-03-24 07:01:00,329.58
2008-03-31 07:01:00,329.51
2008-04-07 07:01:00,329.56
2008-04-14 07:01:00,329.77
2008-04-21 07:01:00,329.8
2008-04-28 07:01:00,329.98
2008-05-05 07:01:00,329.98
2008-05-12 07:01:00,330.11
2008-05-19 07:01:00,330.25
2008-05-26 07:01:00,330.32
2008-06-02 07:01:00,330.34
2008-06-09 07:01:00,330.29
2008-06-16 07:01:00,330.07
2008-06-23 07:01:00,329.89
2008-06-30 07:01:00,329.93
2008-07-07 07:01:00,329.79
2008-07-14 07:01:00,329.77
2008-07-21 07:01:00,330.26
2008-07-28 07:01:00,330.21
2008-08-04 07:01:00,330.11
2008-08-11 07:01:00,329.96
2008-08-18 07:01:00,330.48
2008-08-25 07:01:00,330.09
2008-09-01 07:01:00,329.83
2008-09-08 07:01:00,329.7
2008-09-15 07:01:00,329.84
2008-09-22 07:01:00,329.69
2008-09-29 07:01:00,329.71
2008-10-06 07:01:00,329.76
2008-10-13 07:01:00,329.69
2008-10-20 07:01:00,329.61
2008-10-27 07:01:00,329.53
2008-11-03 07:01:00,329.72
2008-11-10 07:01:00,329.67
2008-11-17 07:01:00,329.63
2008-11-24 07:01:00,329.57
2008-12-01 07:01:00,329.52
2008-12-08 07:01:00,329.59
2008-12-15 07:01:00,329.76
2008-12-22 07:01:00,329.89
2008-12-29 07:01:00,329.75
2009-01-05 07:01:00,329.54
2009-01-12 07:01:00,329.46
2009-01-19 07:01:00,329.55
2009-01-26 07:01:00,329.45
2009-02-02 07:01:00,329.42
2009-02-09 07:01:00,329.68
2009-02-16 07:01:00,329.47
2009-02-23 07:01:00,329.43
2009-03-02 07:01:00,329.47
2009-03-09 07:01:00,329.74
2009-03-16 07:01:00,329.66
2009-03-23 07:01:00,329.61
2009-03-30 07:01:00,329.88
2009-04-06 07:01:00,330.56
2009-04-13 07:01:00,330.91
2009-04-20 07:01:00,330.69
2009-04-27 07:01:00,330.54
2009-05-04 07:01:00,330.71
2009-05-11 07:01:00,330.69
2009-05-18 07:01:00,330.76
2009-05-25 07:01:00,330.76
2009-06-01 07:01:00,330.51
2009-06-08 07:01:00,330.42
2009-06-15 07:01:00,330.19
2009-06-22 07:01:00,330.47
2009-06-29 07:01:00,331.03
2009-07-06 07:01:00,330.71
2009-07-13 07:01:00,330.38
2009-07-20 07:01:00,330.95
2009-07-27 07:01:00,330.34
2009-08-03 07:01:00,330.14
2009-08-10 07:01:00,330.41
2009-08-17 07:01:00,330.2
2009-08-24 07:01:00,330.44
2009-08-31 07:01:00,330.4
2009-09-07 07:01:00,330.83
2009-09-14 07:01:00,330.45
2009-09-21 07:01:00,330.66
2009-09-28 07:01:00,330.23
2009-10-05 07:01:00,330.01
2009-10-12 07:01:00,330.12
2009-10-19 07:01:00,330.14
2009-10-26 07:01:00,330.1
2009-11-02 07:01:00,329.95
2009-11-09 07:01:00,330.01
2009-11-16 07:01:00,329.89
2009-11-23 07:01:00,329.83
2009-11-30 07:01:00,329.77
2009-12-07 07:01:00,329.77
2009-12-14 07:01:00,329.7
2009-12-21 07:01:00,329.57
2009-12-28 07:01:00,329.78
2010-01-04 07:01:00,329.61
2010-01-11 07:01:00,329.57
2010-01-18 07:01:00,329.48
2010-01-22 07:01:00,329.46
2010-01-25 07:01:00,329.45
2010-02-01 07:01:00,329.41
2010-02-08 07:01:00,329.39
2010-02-15 07:01:00,329.35
2010-02-22 07:01:00,329.37
2010-03-01 07:01:00,329.5
2010-03-08 07:01:00,329.44
2010-03-15 07:01:00,329.41
2010-03-22 07:01:00,329.54
2010-03-29 07:01:00,329.6
2010-04-05 07:01:00,329.72
2010-04-12 07:01:00,329.71
2010-04-19 07:01:00,329.66
2010-04-26 07:01:00,329.84
2010-05-03 07:01:00,330.04
2010-05-10 07:01:00,330.3
2010-05-17 07:01:00,330.31
2010-05-24 07:01:00,330.18
2010-05-31 07:01:00,330.23
2010-06-07 07:01:00,330.25
2010-06-14 07:01:00,330.3
2010-06-21 07:01:00,330.82
2010-06-28 07:01:00,330.23
2010-07-05 07:01:00,329.96
2010-07-12 07:01:00,329.9
2010-07-19 07:01:00,329.98
2010-07-26 07:01:00,329.76
2010-08-02 07:01:00,329.75
2010-08-09 07:01:00,329.76
2010-08-16 07:01:00,330.01
2010-08-23 07:01:00,329.73
2010-08-30 07:01:00,329.81
2010-09-06 07:01:00,330.05
2010-09-13 07:01:00,329.88
2010-09-20 07:01:00,330.18
2010-09-27 07:01:00,330.14
2010-10-04 07:01:00,329.89
2010-10-07 07:01:00,329.81
2010-10-11 07:01:00,329.76
2010-10-18 07:01:00,329.73
2010-10-25 07:01:00,329.68
2010-11-01 07:01:00,329.65
2010-11-08 07:01:00,329.66
2010-11-15 07:01:00,329.68
2010-11-22 07:01:00,329.96
2010-11-29 07:01:00,329.84
2010-12-06 07:01:00,329.69
2010-12-13 07:01:00,329.74
2010-12-20 07:01:00,329.52
2010-12-27 07:01:00,329.8
2011-01-03 07:01:00,329.62
2011-01-10 07:01:00,329.56
2011-01-17 07:01:00,329.87
2011-01-19 07:01:00,329.77
2011-01-24 07:01:00,329.57
2011-01-31 07:01:00,329.49
2011-02-07 07:01:00,329.49
2011-02-14 07:01:00,329.54
2011-02-21 07:01:00,329.47
2011-02-28 07:01:00,329.38
2011-03-07 07:01:00,329.35
2011-03-14 07:01:00,329.35
2011-03-21 07:01:00,329.63
2011-03-28 07:01:00,329.59
2011-04-04 07:01:00,329.69
2011-04-11 07:01:00,329.84
2011-04-18 07:01:00,329.66
2011-04-25 07:01:00,329.7
2011-05-02 07:01:00,329.81
2011-05-09 07:01:00,329.65
2011-05-16 07:01:00,329.85
2011-05-23 07:01:00,329.7
2011-05-30 07:01:00,329.99
2011-06-06 07:01:00,329.95
2011-06-13 07:01:00,329.97
2011-06-20 07:01:00,330.76
2011-06-27 07:01:00,330.34
2011-07-04 07:01:00,329.93
2011-07-11 07:01:00,329.73
2011-07-18 07:01:00,329.61
2011-07-25 07:01:00,330.11
2011-07-29 07:01:00,329.89
2011-08-01 07:01:00,329.77
2011-08-08 07:01:00,329.97
2011-08-15 07:01:00,330.0
2011-08-22 07:01:00,329.74
2011-08-29 07:01:00,329.7
2011-09-05 07:01:00,329.59
2011-09-12 07:01:00,329.5
2011-09-19 07:01:00,329.5
2011-09-26 07:01:00,329.85
2011-10-03 07:01:00,329.65
2011-10-10 07:01:00,329.75
2011-10-17 07:01:00,329.88
2011-10-24 07:01:00,329.74
2011-10-31 07:01:00,329.76
2011-11-07 07:01:00,329.65
2011-11-11 07:01:00,329.58
2011-11-14 07:01:00,329.55
2011-11-21 07:01:00,329.5
2011-11-28 07:01:00,329.92
2011-12-05 07:01:00,330.32
2011-12-12 07:01:00,330.74
2011-12-19 07:01:00,330.73
2011-12-26 07:01:00,330.76
2012-01-02 07:01:00,330.75
2012-01-09 07:01:00,330.76
2012-01-16 07:01:00,330.75
2012-01-23 07:01:00,330.73
2012-01-30 07:01:00,330.74
2012-02-06 07:01:00,330.74
2012-02-09 07:01:00,330.73
2012-02-13 07:01:00,330.73
2012-02-20 07:01:00,330.72
2012-02-27 07:01:00,330.72
2012-03-05 07:01:00,330.77
2012-03-12 07:01:00,330.75
2012-03-19 07:01:00,330.74
2012-03-26 07:01:00,330.76
2012-04-02 07:01:00,330.78
2012-04-09 07:01:00,330.75
2012-04-16 07:01:00,330.76
2012-04-23 07:01:00,330.74
2012-04-30 07:01:00,330.86
2012-05-07 07:01:00,330.88
2012-05-14 07:01:00,330.87
2012-05-21 07:01:00,330.77
2012-05-28 07:01:00,330.85
2012-06-04 07:01:00,330.8
2012-06-11 07:01:00,330.84
2012-06-18 07:01:00,330.82
2012-06-25 07:01:00,331.1
2012-07-02 07:01:00,330.86
2012-07-09 07:01:00,330.78
2012-07-16 07:01:00,331.71
2012-07-23 07:01:00,332.12
2012-07-30 07:01:00,331.33
2012-08-06 07:01:00,331.03
2012-08-13 07:01:00,330.87
2012-08-20 07:01:00,330.81
2012-08-27 07:01:00,330.81
2012-09-03 07:01:00,330.9
2012-09-10 07:01:00,330.8
2012-09-17 07:01:00,330.83
2012-09-24 07:01:00,330.75
2012-10-01 07:01:00,330.83
2012-10-08 07:01:00,330.8
2012-10-15 07:01:00,330.77
2012-10-22 07:01:00,330.8
2012-10-29 07:01:00,330.82
2012-11-05 07:01:00,331.18
2012-11-12 07:01:00,330.94
2012-11-19 07:01:00,330.93
2012-11-26 07:01:00,330.84
2012-12-03 07:01:00,330.83
2012-12-10 07:01:00,330.8
2012-12-17 07:01:00,330.78
2012-12-24 07:01:00,330.79
2012-12-31 07:01:00,330.77
2013-01-07 07:01:00,330.89
2013-01-14 07:01:00,330.78
2013-01-21 07:01:00,330.76
2013-01-28 07:01:00,330.76
2013-02-04 07:01:00,330.75
2013-02-11 07:01:00,330.77
2013-02-18 07:01:00,330.76
2013-02-25 07:01:00,330.76
2013-03-04 07:01:00,330.82
2013-03-11 07:01:00,330.94
2013-03-18 07:01:00,330.82
2013-03-25 07:01:00,330.8
2013-04-01 07:01:00,330.81
2013-04-08 07:01:00,330.82
2013-04-09 07:01:00,330.81
2013-04-15 07:01:00,330.87
2013-04-22 07:01:00,331.42
2013-04-29 07:01:00,331.52
2013-05-06 07:01:00,331.44
2013-05-13 07:01:00,331.52
2013-05-20 07:01:00,331.15
2013-05-27 07:01:00,331.01
2013-06-03 07:01:00,331.33
2013-06-10 07:01:00,331.1
2013-06-17 07:01:00,331.07
2013-06-24 07:01:00,331.03
2013-07-01 07:01:00,331.0
2013-07-08 07:01:00,330.88
2013-07-15 07:01:00,330.84
2013-07-22 07:01:00,330.87
2013-07-29 07:01:00,330.82
2013-08-05 07:01:00,330.82
2013-08-12 07:01:00,330.8
2013-08-19 07:01:00,330.79
2013-08-26 07:01:00,330.82
2013-09-02 07:01:00,330.79
2013-09-09 07:01:00,330.76
2013-09-13 07:01:00,330.78
2013-09-16 07:01:00,330.82
2013-09-23 07:01:00,330.79
2013-09-30 07:01:00,330.78
2013-10-07 07:01:00,330.77
2013-10-14 07:01:00,330.78
2013-10-21 07:01:00,330.76
2013-10-28 07:01:00,330.79
2013-11-04 07:01:00,330.77
2013-11-11 07:01:00,330.94
2013-11-18 07:01:00,330.83
2013-11-25 07:01:00,331.02
2013-12-02 07:01:00,330.82
2013-12-09 07:01:00,330.77
2013-12-16 07:01:00,330.76
2013-12-23 07:01:00,330.74
2013-12-30 07:01:00,330.75
2014-01-06 07:01:00,330.75
2014-01-13 07:01:00,330.73
2014-01-20 07:01:00,330.75
2014-01-27 07:01:00,330.73
2014-02-03 07:01:00,330.74
2014-02-10 07:01:00,330.76
2014-02-17 07:01:00,330.85
2014-02-24 07:01:00,330.82
2014-02-28 07:01:00,330.8
2014-03-03 07:01:00,330.74
2014-03-10 07:01:00,330.79
2014-03-17 07:01:00,330.77
2014-03-24 07:01:00,330.89
2014-03-31 07:01:00,330.88
2014-04-07 07:01:00,330.82
2014-04-14 07:01:00,330.84
2014-04-21 07:01:00,330.86
2014-04-28 07:01:00,330.87
2014-05-05 07:01:00,330.86
2014-05-12 07:01:00,331.15
2014-05-19 07:01:00,331.17
2014-05-26 07:01:00,331.1
2014-06-02 07:01:00,331.02
2014-06-09 07:01:00,330.91
2014-06-16 07:01:00,330.9
2014-06-23 07:01:00,330.99
2014-06-30 07:01:00,330.85
2014-07-07 07:01:00,330.8
2014-07-14 07:01:00,330.75
2014-07-21 07:01:00,330.73
2014-07-28 07:01:00,330.81
2014-08-04 07:01:00,330.82
2014-08-11 07:01:00,330.78
2014-08-18 07:01:00,330.87
2014-08-25 07:01:00,330.84
2014-09-01 07:01:00,330.8
2014-09-08 07:01:00,331.1
2014-09-15 07:01:00,331.5
2014-09-22 07:01:00,331.12
2014-09-26 07:01:00,331.0
2014-09-29 07:01:00,330.97
2014-10-06 07:01:00,330.86
2014-10-13 07:01:00,330.88
2014-10-20 07:01:00,330.81
2014-10-27 07:01:00,330.83
2014-11-03 07:01:00,330.75
2014-11-10 07:01:00,331.01
2014-11-17 07:01:00,330.86
2014-11-24 07:01:00,330.84
2014-12-01 07:01:00,330.79
2014-12-08 07:01:00,330.8
2014-12-15 07:01:00,330.76
2014-12-22 07:01:00,330.71
2014-12-29 07:01:00,330.7
2015-01-05 07:01:00,330.83
2015-01-12 07:01:00,330.81
2015-01-14 07:01:00,330.78
2015-01-19 07:01:00,330.76
2015-01-26 07:01:00,330.71
2015-02-02 07:01:00,330.67
2015-02-09 07:01:00,330.65
2015-02-16 07:01:00,330.64
2015-02-23 07:01:00,330.65
2015-03-02 07:01:00,330.64
2015-03-09 07:01:00,330.63
2015-03-16 07:01:00,330.62
2015-03-23 07:01:00,330.63
2015-03-30 07:01:00,330.65
2015-04-06 07:01:00,330.69
2015-04-13 07:01:00,330.75
2015-04-20 07:01:00,330.85
2015-04-27 07:01:00,330.83
2015-05-04 07:01:00,330.82
2015-05-11 07:01:00,330.92
2015-05-18 07:01:00,330.95
2015-05-25 07:01:00,330.98
2015-06-01 07:01:00,330.87
2015-06-08 07:01:00,330.82
2015-06-15 07:01:00,330.77
2015-06-22 07:01:00,330.74
2015-06-29 07:01:00,330.71
2015-07-06 07:01:00,330.67
2015-07-13 07:01:00,330.67
2015-07-20 07:01:00,330.7
2015-07-27 07:01:00,330.69
2015-08-03 07:01:00,330.77
2015-08-10 07:01:00,330.7
2015-08-17 07:01:00,330.71
2015-08-24 07:01:00,330.64
2015-08-31 07:01:00,330.62
2015-09-07 07:01:00,330.69
2015-09-14 07:01:00,330.61
2015-09-21 07:01:00,330.6
2015-09-28 07:01:00,330.63
2015-10-05 07:01:00,330.59
2015-10-12 07:01:00,330.71
2015-10-19 07:01:00,330.87
2015-10-26 07:01:00,330.72
2015-11-02 07:01:00,330.64
2015-11-09 07:01:00,330.61
2015-11-16 07:01:00,330.6
2015-11-19 07:01:00,330.59
2015-11-23 07:01:00,330.6
2015-11-30 07:01:00,330.57
2015-12-07 07:01:00,330.66
2015-12-14 07:01:00,330.65
2015-12-21 07:01:00,330.64
2015-12-28 07:01:00,330.54
2016-01-04 07:01:00,330.53
2016-01-11 07:01:00,330.53
2016-01-18 07:01:00,330.52
2016-01-25 07:01:00,330.5
2016-02-01 07:01:00,330.49
2016-02-08 07:01:00,330.53
2016-02-15 07:01:00,330.56
2016-02-22 07:01:00,330.57
2016-02-29 07:01:00,330.6
2016-03-07 07:01:00,330.61
2016-03-14 07:01:00,330.61
2016-03-21 07:01:00,330.6
2016-03-28 07:01:00,330.59
2016-04-04 07:01:00,330.65
2016-04-11 07:01:00,330.7
2016-04-18 07:01:00,330.67
2016-04-25 07:01:00,330.66
2016-05-02 07:01:00,330.75
2016-05-09 07:01:00,330.73
2016-05-16 07:01:00,330.78
2016-05-23 07:01:00,330.69
2016-05-30 07:01:00,330.76
2016-06-06 07:01:00,330.82
2016-06-08 07:01:00,330.79
2016-06-13 07:01:00,330.85
2016-06-20 07:01:00,330.88
2016-06-27 07:01:00,330.94
2016-07-04 07:01:00,330.96
2016-07-11 07:01:00,330.98
2016-07-18 07:01:00,330.94
2016-07-25 07:01:00,331.02
2016-08-01 07:01:00,331.11
2016-08-08 07:01:00,331.1
2016-08-15 07:01:00,331.19
2016-08-22 07:01:00,331.16
2016-08-29 07:01:00,330.99
2016-09-05 07:01:00,330.98
2016-09-06 07:01:00,330.97
2016-09-12 07:01:00,330.93
2016-09-19 07:01:00,330.9
2016-09-26 07:01:00,330.85
2016-10-03 07:01:00,330.83
2016-10-10 07:01:00,330.8
2016-10-17 07:01:00,330.79
2016-10-24 07:01:00,330.82
2016-10-31 07:01:00,330.83
2016-11-07 07:01:00,330.8
2016-11-14 07:01:00,330.83
2016-11-21 07:01:00,330.89
2016-11-28 07:01:00,330.83
2016-12-05 07:01:00,330.8
2016-12-12 07:01:00,330.8
2016-12-19 07:01:00,330.79
2016-12-26 07:01:00,330.75
2017-01-02 07:01:00,330.73
2017-01-09 07:01:00,330.72
2017-01-16 07:01:00,330.71
2017-01-23 07:01:00,330.69
2017-01-30 07:01:00,330.68
2017-02-03 07:01:00,330.68
2017-02-06 07:01:00,330.69
2017-02-13 07:01:00,330.69
2017-02-20 07:01:00,330.71
2017-02-27 07:01:00,330.7
2017-03-06 07:01:00,330.71
2017-03-13 07:01:00,330.69
2017-03-20 07:01:00,330.68
2017-03-27 07:01:00,330.68
2017-04-03 07:01:00,330.68
2017-04-10 07:01:00,330.66
2017-04-17 07:01:00,330.75
2017-04-24 07:01:00,330.72
2017-05-01 07:01:00,330.81
2017-05-08 07:01:00,330.82
2017-05-09 07:01:00,330.83
2017-05-15 07:01:00,330.85
2017-05-22 07:01:00,330.85
2017-05-29 07:01:00,330.84
2017-06-05 07:01:00,330.87
2017-06-12 07:01:00,330.84
2017-06-19 07:01:00,330.78
2017-06-26 07:01:00,330.81
2017-07-03 07:01:00,330.78
2017-07-10 07:01:00,330.81
2017-07-17 07:01:00,330.84
2017-07-24 07:01:00,330.86
2017-07-31 07:01:00,330.94
2017-08-07 07:01:00,331.24
2017-08-14 07:01:00,331.14
2017-08-21 07:01:00,331.33
2017-08-28 07:01:00,330.97
2017-09-04 07:01:00,331.0
2017-09-11 07:01:00,331.02
2017-09-18 07:01:00,330.99
2017-09-25 07:01:00,331.1
2017-10-02 07:01:00,330.94
2017-10-09 07:01:00,330.89
2017-10-16 07:01:00,330.83
2017-10-23 07:01:00,330.81
2017-10-30 07:01:00,330.85
2017-11-06 07:01:00,330.8
2017-11-13 07:01:00,330.83
2017-11-20 07:01:00,330.79
2017-11-27 07:01:00,330.77
2017-12-04 07:01:00,330.74
2017-12-11 07:01:00,330.76
2017-12-18 07:01:00,330.77
2017-12-25 07:01:00,330.75
2018-01-01 07:01:00,330.77
2018-01-08 07:01:00,330.75
2018-01-15 07:01:00,330.75
2018-01-22 07:01:00,330.73
2018-01-29 07:01:00,330.74
2018-02-05 07:01:00,330.73
2018-02-12 07:01:00,330.72
2018-02-19 07:01:00,330.71
2018-02-26 07:01:00,330.7
2018-03-05 07:01:00,330.69
2018-03-12 07:01:00,330.71
2018-03-19 07:01:00,330.76
2018-03-26 07:01:00,330.74
2018-04-02 07:01:00,330.79
2018-05-07 07:01:00,331.14
2018-05-14 07:01:00,331.04
2018-05-21 07:01:00,331.1
2018-05-28 07:01:00,331.05
2018-06-04 07:01:00,331.06
2018-06-11 07:01:00,331.03
2018-06-18 07:01:00,330.99
2018-06-25 07:01:00,330.91
2018-07-02 07:01:00,330.88
2018-07-09 07:01:00,330.85
2018-07-16 07:01:00,330.83
2018-07-23 07:01:00,330.81
2018-07-30 07:01:00,330.78
2018-08-06 07:01:00,330.77
2018-08-13 07:01:00,330.78
2018-08-20 07:01:00,330.76
2018-08-27 07:01:00,330.82
2018-09-03 07:01:00,330.96
2018-09-10 07:01:00,330.82
2018-09-17 07:01:00,330.79
2018-09-24 07:01:00,330.77
2018-10-01 07:01:00,330.74
2018-10-08 07:01:00,330.73
2018-10-15 07:01:00,330.72
2018-10-22 07:01:00,330.7
2018-10-29 07:01:00,330.75
2018-11-05 07:01:00,330.84
