,0,1,2,3,4,5,6,7,8,9,10,11,12,13,14,15,16,17,18,19,20,21,22,23,24,25,26,27,28,29,30,31,32,33,34,35,36,37,38,39,40,41,42,43,44,45,46,47,48,49,50
2014-01-02,1.25302474843632,1.18433918605005,0.96124177855689,0.704129957680881,0.648841988164059,0.64997709399371,1.09471362286081,1.16493744798739,1.03870822569601,0.866194590605977,1.13029097154417,1.01634236895918,1.06316028591614,1.24937381982086,0.793611447376051,0.637591251519964,0.859784635923826,0.970196319061405,0.781255447343445,1.11098818545195,0.827892083244028,1.09527430389042,0.855807340497404,1.06209936238278,0.593296855256442,0.895292776142785,1.01716343044024,0.941775876880433,1.23303994316008,0.958480772788956,0.83709525945687,1.1907594670929,0.741173878008372,0.969806163496556,0.692003982886939,0.955681744250548,0.784777673953532,1.3702946319007,0.426366967809669,1.13211987894493,1.11558651055053,0.80379345219656,0.577233833740974,0.637810709516511,1.17910669746023,1.26718683709532,1.03497464222226,0.888226410539429,1.01758028407424,1.16511401694826,0.907600477319844
2014-01-03,1.35963642477303,1.14650411540323,2.17577162871551,0.937020114998807,1.35605220598843,1.23366100579592,1.23647411306655,1.71738518164875,1.12537337449279,0.835188210102504,1.60493653616551,2.16247067177349,0.896820382205274,1.23866497274476,1.09324184112893,0.862015654322561,1.2188211519675,1.17969756001779,1.09955419849576,1.23460434170208,1.39945980994842,1.90473191211842,0.977414608013676,0.062547582696042,2.2111026279383,1.79344246182782,2.11789196166682,1.42599697566588,1.67401771615835,2.24487324724838,1.35174504050396,1.43516696691667,1.28893137951707,1.48263441873606,1.39658694344726,1.00803696565786,1.58776242075256,2.27855218454597,-0.394462367702862,1.74300027278345,1.29931066943072,1.18511599441914,0.631855306698226,1.72714766171695,2.60020487354233,2.12438749697866,1.4357597328919,3.05622390921184,0.95120853126565,1.51654193657421,1.01051181184499
2014-01-04,2.81443241664144,2.29011203529998,2.93323279379713,2.8533924547314,2.76627835250995,2.6172024190917,1.32154272658957,2.53605141238028,1.05180307332794,2.68819511681229,2.43674599346107,3.30483099978969,2.17948812480969,1.81609844989867,2.71760585863795,1.54931475422841,1.83311637853984,2.50833834995007,0.555753346221114,0.557287508455312,2.72138801397333,4.03919421097511,2.93450927229546,1.17211925497683,3.96671239108717,3.79536470713596,2.88802917256364,3.24536191950962,2.10845253018361,2.88400741765447,3.30943401864259,2.7467850428437,1.58824583963916,2.89005725792577,2.91829627491085,0.190395559057237,4.61664508413054,2.87563557561173,1.34259230086775,2.47169071787912,1.85296046727613,2.70595327667781,2.7303382522516,3.51725695591131,2.50208666846035,1.48000189643509,3.69691741186162,4.06547158344373,2.08228715889461,2.95512097492512,2.8290153503852
2014-01-05,1.44073617387707,2.12637680389081,0.793814443393744,3.42624383342807,3.7976265433576,2.93808859044924,-0.91491890588132,0.453823366931,0.129327463543274,1.39787553683528,-0.917504042549789,0.826050597582378,0.756430056965622,0.84472009514048,1.72553295015959,2.96967841833898,1.10022574451603,3.1840066831264,-0.870910743669101,1.25506486365079,3.42978553658122,3.88191256376402,-0.508129799220726,0.111775178962291,4.79556322701697,1.16776977798275,1.8610532933386,3.61393385830201,0.718013538653452,0.698429251058338,1.17052846758268,0.602228981437177,1.24207816112776,1.502606099816,1.03110814511356,0.804100749523325,3.49865749635123,1.73358811182941,1.57157374975637,1.81283303636765,-1.2880251921385,1.52969509574123,1.85350335391226,1.25254896694078,2.16180320223737,1.59763659799824,1.77840324361008,1.69028430856486,2.59509200282271,1.69163283254731,1.76920644744037
2014-01-06,2.47674477979356,3.79961778811059,-1.16939601926362,1.75028997078606,2.55158737440427,0.304906814251131,-4.16937617487417,1.27948467934914,-2.32258829129833,2.51656886823514,-1.37091726791326,-0.556232498089957,3.52960489458847,2.6212027185585,0.573946375296684,3.35536529643781,1.20683741981989,3.10043621599127,-1.46740827005501,0.0349787695814038,2.7964069020434,3.033129649274,0.0734737838935404,3.28692823630121,3.37270916803454,1.322784382714,0.889849262179062,2.20462538104663,1.51628052573919,0.957251756940117,1.1670484583713,0.998932447403505,-0.699975632747051,1.38613187618495,0.579456626668556,1.27000026212486,1.72390652494095,2.42095740237961,3.79777337610846,2.23766843912738,-3.74809970279581,1.9519037111692,1.12214109726636,2.21168125416938,0.929345448209157,1.18638495443222,2.20900217469706,2.60042733402407,2.56375087549693,2.24903293783864,-0.623882207911549
2014-01-07,4.25433791913337,4.01591313209697,0.314285221242206,1.64875974813103,3.15619001606892,2.40851870714101,-0.185825826853436,2.41430528495543,-1.95096740205862,3.79070633941218,0.234663157104504,2.37368576473632,2.47836322130591,3.62948038515128,1.98269221528427,1.34374225435126,4.07213464539848,2.05068754749276,2.64011120311414,3.30788007249011,3.6875570948259,2.25053092249157,1.23869524121658,3.20296091110692,3.63333369923797,2.65921676582812,2.92516028995285,1.51492369553332,2.03155009884892,2.41193831996576,3.54906079919395,3.74709381936579,1.14901713567729,2.07863055362193,2.17706880971013,1.27327648925604,2.238213596,3.82434340142005,2.62494467347705,3.79453755360459,-1.58464565516043,2.61022996355927,2.77721148333152,3.08372799344868,1.97930783418391,0.857078853901626,2.91632628862727,3.39428456698931,3.43997725025883,3.99579817997953,-0.813125354519741
2014-01-08,5.22543325077581,3.07804465350931,0.86807608474164,-0.0465080242870437,2.82446977308355,2.62988666140099,-0.842375698838228,1.97709480063808,-3.00269205137587,2.57102589433176,2.8418263801176,2.44967334283962,1.3144545578738,3.9097096210714,3.81689100152422,1.15300859607795,3.23016969176781,0.798072419543659,0.617478373786435,2.20669754092389,1.96327072829274,1.33542623802307,2.42808097916241,1.82320643494818,2.52424564247994,2.03209812669817,2.95656177185244,0.675349925220414,2.48978019278326,1.53185973390979,3.56452282780238,4.1460286400581,2.11601455896014,2.2560816786618,2.72094527811427,0.859194259110791,2.21308920752194,3.39894036108991,3.06418542820159,2.84313666047105,-1.89119523000001,2.94359990304353,3.04675608572633,1.73276258738695,1.40425180583183,0.954766623347067,4.49555786422224,3.39914458202622,3.82582485119767,3.81079058705506,0.612336208995659
2014-01-09,2.75739595045748,2.57455257564753,1.39861735317167,1.40108145940222,0.704580019582559,4.11993813120787,1.625229489791,1.65856364112678,-1.65741742350302,2.58705005096383,2.75711895242808,2.16787906999824,1.77361928548229,3.55707315370131,3.78990281320674,2.84109954743833,2.26946180073376,0.388565603766155,0.613049312366033,2.41809514469615,2.36012197748237,2.95107714466109,2.90341291167563,3.12148266328833,3.25927793321802,3.17663495639173,2.45544855163362,3.06372141154371,2.80975564212089,0.906178538103556,2.72361622283349,3.04759699804009,1.63958560278796,2.1039002520668,3.5314351990977,2.25029330472384,3.41299570683445,3.66485008499407,2.45931132946602,1.2607443444869,1.79902709429499,1.84290391893769,3.03644403098299,2.90538606305522,0.682344918831448,2.23032151415799,5.79398354112573,3.77644530662526,2.71065344443942,2.52566405440161,0.810344148265215
2014-01-10,2.96600372836433,0.0960414632177664,0.120228650076532,2.0701838344007,-0.23958687904113,0.490201751513879,3.25136076504476,2.32476927333853,-0.794339058134213,3.53937821773654,2.83617912201851,0.625654698511037,2.83789190550887,3.81475046877434,1.43896184960609,3.61438197120958,1.28319806958227,1.23164615182905,0.623847187354726,0.739427913729257,3.00091045566855,0.399975353472443,2.29373516975997,1.32336709456955,0.18968819490763,3.38376210590573,1.51525631682998,1.78901095105616,3.87951573789924,-1.76515831773849,1.44296322576357,1.04095751856127,1.38856025845617,0.971944513526714,2.46792546709426,2.07327559085997,0.296430520857554,1.73273548979091,1.6021866108052,0.389667240875238,2.44030088697184,1.75995056587138,2.25956026081641,3.81867408266538,0.411793456151111,3.30432801320123,4.18363828180004,3.08775464102104,2.3221337730979,2.28726485854164,0.389857233564072
2014-01-11,0.73287464172919,-2.62461607895771,0.456987531032178,1.17910062893739,-0.37576078029198,-0.376051468610728,1.4116033989362,1.52666159237809,-1.34676343132433,2.94914001228001,2.6977258815535,0.105952121052402,1.35889342128896,1.8099601063509,-0.355728675299288,4.98871557121166,-0.204423092683224,0.983603046171019,0.781780289127191,-0.0672221858506823,2.11903760349787,-0.946489341144492,4.58759560168211,-0.688899081637532,1.67888435491339,0.885612748784812,0.366921047368023,-1.2034769904083,2.81611393310935,-0.67562847982036,1.8767525594335,0.829974942373525,-0.576921394573329,0.602422066587918,-0.347378964053824,0.551698173695903,-1.8356501935484,1.04518284005287,1.56319747491899,-0.0694148682455783,2.61403962326354,2.58752767104654,2.66740062704822,3.49683589754312,-1.05901289697298,1.38796459853956,-0.306739478449837,2.88195446638895,2.05526262683707,-1.17680877651494,4.7036815781159
2014-01-12,0.142868381251106,-2.35493042264838,0.408845506476731,0.656541825416482,0.117706327659862,0.896283245903177,-0.941542435847755,-0.35167803591018,0.0267244807438666,0.723468606380042,1.67925908761113,0.376274633944882,0.0595231941977798,2.18577905890261,-0.244590808665172,3.76540921025042,-0.981978882722699,0.835550570372102,0.307502019494103,-0.0339968496653639,1.20644931349415,-1.15366113948133,-0.863860024194161,-0.394423819729161,1.05224559669956,0.129749914656545,-0.822888927239845,-3.42054694068577,1.63503786209529,0.33952206475035,0.405217674883317,1.75823889710843,-0.271105443456211,1.33551834897495,-0.361725887501043,0.474955325470032,1.38546875742043,-0.0297944992246819,0.876350104061126,-0.297686720761641,0.5547908929977,-0.0251841620857302,0.146873079966131,1.69733991793679,-1.20005117182386,1.39678262584935,-0.350147473372454,2.2971053128071,1.84886863849054,-0.862013959519961,1.21723975963916
2014-01-13,-1.15365924566535,0.0905650235017348,-1.70821620196331,-0.415897075314681,-0.486161685711366,-0.482838065356523,-2.83384826664293,0.424222412131853,-2.28198540893316,-3.66593613567122,1.83677659911712,-1.25529229958865,-1.15039459939958,-0.660734788546149,-0.302868407568429,-0.255844658090105,-3.06936419051326,-0.549064640498145,-0.833121027568363,0.955823654133226,0.0965023570962077,-1.7087894576676,-1.92431927607897,-4.30853773865834,-2.10809155054164,0.341434083525639,-1.61116185457057,-2.9760336308832,-0.876579480649847,-0.180445360698447,-1.45010515731039,1.34893963408275,-0.282382061886118,0.936667052278116,-0.473053780227687,0.250105724118262,0.519068900978719,-1.88691429336847,-1.46909190408395,-0.899220513808758,-1.8907875900509,-0.0659604197877467,-1.43967739458658,0.427084101447505,-0.300429337212796,0.32801863582961,-0.66484148494724,-0.0384803832677624,-0.325001497651711,-2.37988601264001,-1.03253189285073
2014-01-14,-1.41444401229686,-0.5882838976953,-3.7663450229266,0.500527162105334,-1.80481216071461,-1.71428765000163,-1.15992389731636,1.43212914125768,-2.85790991713282,-5.67858097947219,-0.23332542614232,-1.10062032103467,2.27503139901213,-2.60358826308659,-1.25241342897689,-1.18087186586981,-3.88655696459903,-0.306612172726587,-1.27067148666844,-1.44614313244591,-0.00184940268769564,-2.81466088216615,-1.47814363410752,-8.74584405227658,-3.04693167122157,-0.418430063498904,-3.23849140211845,-4.4271822401158,-0.207859046532005,-1.10856739214495,-1.16770175093665,-0.660907015380005,-2.1345912872724,-1.53859808125565,-1.38892501794046,1.29133425716479,-0.890625034747116,-2.55620677549728,-2.10138736129081,-2.78198115515195,-3.00085850708918,-0.0271073234681868,-0.51697071249879,0.0417495771141955,-1.71326260933528,-1.41850990496011,1.78691227308811,-1.71354478021362,-0.317000273790425,-4.46597525067096,-0.823555602662378
2014-01-15,1.301322323861,-2.16856243149321,-4.37655016989749,0.548998126698539,-1.4730615924572,-1.19086759836116,-0.198774885182229,2.69109870174232,-0.232766655395535,-5.18222487525427,-1.99841946676316,0.71879255483196,-0.49651185663572,-5.47984486445272,-3.31698785058247,0.301341727015828,-1.48477524748199,0.370256744001971,0.871917340667499,-1.79357042540396,-1.12826349203752,-2.31600529735424,-2.51216948640368,-6.45292331800468,-0.391399115463914,-1.09004530071151,-1.64372723473625,-4.02393285535006,-0.612630252080217,-1.49213055798486,-0.0124341874599989,-2.20237960412995,-1.30467706615021,-1.94961315744537,-3.77465892633835,0.552929242201692,-2.17151034460965,-0.428347927857997,-3.82096396163707,-4.06367595894905,0.321100938116059,2.43545857384142,2.60231300997892,-2.50747352404188,-1.24883552548846,-3.02512463498851,-0.0110186775480336,-1.74661398387522,-0.204350042414724,-7.34950904105288,0.609388024234508
2014-01-16,1.26888472995657,-3.95435890418172,-3.75171826278716,1.76596325633625,-0.221569324943868,-2.02192460911606,-2.65976057801816,2.78795054406793,-2.89154895114368,-7.9776105281317,1.42005255042591,-0.730253257453516,-1.03677445741526,-4.49570694383742,-1.63403857513335,4.0886225178711,-1.23651021029491,1.96437559577727,3.80259696315419,-1.50211805302549,-1.47501730730121,-1.83694972573788,-3.81880422220911,-2.81079696905228,0.559510153645744,-1.49153590298042,-6.6862469502589,-3.07953286485222,-0.82450923002708,-1.49406939463716,2.09295040222993,0.411301581617719,-2.70774915794954,-0.289646015597713,-1.00223752858355,0.397204296065772,0.429665556289101,1.25452432710485,-6.25068423148609,-3.95239543694089,0.88833895138504,0.371775801604336,4.65538693291029,-2.85008216597769,-1.08500059285554,-1.45703591176006,-1.3814687817296,0.954581746016372,0.397988726207916,-7.07408915607193,-1.14093595401526
2014-01-17,-0.721643574597886,-5.50821705437527,-4.67814793623169,-1.10976122326878,-1.10971986170608,-0.112271807202529,-2.09882821192415,5.09422501677295,-2.65442395386186,-9.07866070291988,1.87940418833318,0.849525966262482,-0.826919756780709,0.899553130362322,0.604794853776995,3.15866422686764,2.618311895738,4.39373225799137,3.89301288026014,-0.992383982217624,-1.61194110284157,0.225192020983536,-5.51976343796308,-1.07972463006296,2.25801425166406,1.01343050075329,-6.08099811598033,0.25354577881466,2.56017312832563,0.0595984380396361,3.13783006659499,-1.45838303594771,-2.18758839764155,-1.7231114735004,0.977002590523563,-1.50332046177572,-0.560554351963365,3.17914355060942,-4.14349086414262,-4.84290740531695,-1.73194250712206,0.91439543035746,1.06847062670978,-2.09357738165508,0.933398904105783,0.971365277203764,-0.653229459284955,-0.626056316663177,0.0344048559622623,-9.4406111658476,1.00980697340357
2014-01-18,-0.598899008059287,-1.52757543531028,-7.2270215320703,-2.54909793265218,0.219096516243754,-1.04926871403149,-0.753898996978944,4.97300602123863,-3.69663161369979,-3.27908800033222,0.942682936341172,2.59864334238766,-3.69634961612221,2.27399511551261,2.60635642498756,-2.07743342328884,0.244105372401823,2.77562463137087,1.5037998338794,0.24667473675154,-1.74849302184414,-2.07362617516242,-7.06532812629663,-0.0769559184506314,2.13845602143208,5.80922792792664,-5.107673210799,-1.20862963344307,0.14992502116289,0.783934867777446,1.47714345903819,0.0953328989970255,-0.753135714898051,-2.28315565761546,-1.58978681259266,-2.26523553983411,4.12112817415347,2.75338854366666,-2.52288252716167,-4.51835355096559,-0.378671859371923,1.26707239104098,-2.85988532225027,-0.333028610796093,0.651573103486267,-1.91089309935812,0.699312953910442,2.4448018169468,0.296592660843722,-6.48463998871136,2.28165261928356
2014-01-19,-1.63262995556026,-0.189910866156042,-4.98873987850236,-3.65993082912486,-4.3906599456601,-1.92451245931949,-1.08051857804192,1.84241894381123,-3.35335690812926,-2.02135774518021,-0.342907863186253,1.78211067025436,-4.4725534082811,1.50398885822526,-3.21967236149823,-5.1174598613764,0.442619480397338,2.66045265291862,2.8758700379536,0.45032836977046,-0.990752157050721,-5.96563187600671,-12.6398104003194,1.84997075227729,3.29480537739123,6.26051698356946,-10.0401790619721,-5.79711896097499,2.76754737064648,1.31183079960286,-0.37814590546279,1.02657618397537,0.342403176987669,-1.64289702892597,0.462875476693947,-1.61882828305355,1.49988531418117,4.40924236925799,-3.38104615980071,-2.13785349025063,0.79854093278455,-1.51327398603802,-4.77642963275241,0.0775900386138662,0.004722083077339,-5.97718934894749,1.51178675276986,0.321416643272209,-0.245066762849675,0.574880338292495,0.0978025607132408
2014-01-20,-0.19606561480095,-1.60046849511542,-5.37700459045075,-4.25894796483634,-6.53477675209818,-2.08467419297566,-0.2575280338958,4.307779040031,0.179549747382131,-4.04198201076678,-1.507793999121,-1.34123501382496,-4.41659987638132,5.47011947984273,-7.57099053951995,-3.89126151496803,-1.50857342176437,3.4037561455778,2.74568149419387,0.929841556588868,-0.804838529496502,-4.24003555670594,-7.31063212496755,1.85222583136724,-1.1748515735703,4.71150193369707,-14.4107836930245,-6.41119505302582,0.101871563320629,3.03402242370055,-0.380145831289541,3.12044630145236,-0.222145476089328,0.70011318741032,1.03549371634558,-2.04101985670224,1.11570231358767,-1.36133138169338,-4.49480624600584,-1.82026678898176,-0.619740952975518,-2.51995499010808,-5.3062490219088,1.33140239190672,3.64835275731937,-3.98120312359493,2.03147430629777,-1.88925761876256,-0.720091655015018,1.47557529493039,-3.33898266046985
2014-01-21,3.34412283244078,-4.14246342822427,-4.90885592176518,-5.2424132848827,-8.27800867569739,-1.99526140665025,1.11209988873603,5.34452833698683,-2.09844159203855,-5.17278221426197,-0.470829657607367,-4.38357143230635,-9.63234600338397,1.80230125448695,-2.62486910268682,-3.54010582857586,-1.24599585843848,2.60810170728541,4.06363067613678,0.115098420460067,-2.03243547917626,-1.05918307998939,-0.508178119956347,1.18032564881302,-0.809956215979507,2.68446073505989,-18.2506514969742,-4.22920436667275,-2.00113526462801,1.58326477374332,-0.649963085444267,4.08259575860134,0.150001071810456,1.54662322425835,3.17801754763116,-1.17534043937437,0.777471621646576,-6.08883763816268,-5.55781497414546,-3.47033516448729,-1.3833571785777,-2.87236525130395,-1.47212261159234,-0.0962280143901296,2.90483045696994,-1.14925627152576,0.647802461055245,-2.01760649074796,-1.30541370433381,-0.350698458016425,-7.37205278297639
2014-01-22,4.96753440537005,-0.942286852978301,-6.69733421932934,-1.56638615350393,-12.3478387863924,-3.04674490185379,0.765262942022319,3.39841709228268,-2.34005886437102,-6.39345143415202,-1.06959092201831,0.0682668708440736,-2.3917813742594,3.96063762321728,2.24419052125854,-1.83912290894169,-0.773228137042715,-0.24000492383393,1.74997327404928,-0.474816333953583,-1.84856055125788,-1.62962143563689,-1.7397705414075,0.56174779621674,1.50259085012084,1.51526099357354,-16.4036623643567,-6.36332910348751,2.20675026483374,0.245913747056717,0.483413191329936,1.21689040599762,-0.356923837881241,1.88054092409706,1.70641273612277,-2.84423973180441,0.538123950631415,-8.50443805077381,-7.5688180731758,-3.31167105662265,-2.08958440979875,-5.94446988387339,-2.47323745627088,-1.03935196659967,2.44414188592715,0.121455040056148,0.783772203541672,-1.43323201160231,0.0286073128546196,0.0152648376796016,-11.6642116958457
2014-01-23,5.20424091799001,-1.56915281754675,-10.0340491776057,-0.611778977522896,-13.7946021865616,-2.71215774155816,0.457250134886187,1.4797906904607,-1.69891891928011,-0.619725501088095,-1.46944337667133,1.27616229594413,0.3874101786552,2.53937075137347,-1.40291387437069,-0.574589914872418,-3.15366027702518,-0.835502016069544,-0.920507130620435,-1.36108843010398,-4.34194210731605,-2.0223405343563,-2.36538424236246,-1.07181366262615,1.3824286165795,1.41248621828947,-11.4001926816472,-3.85659406187666,4.42285475139278,-0.297965206893585,0.687026569703421,-0.641212869805474,-6.72853789149871,1.31148644435039,-2.44525408293011,-3.73491838952046,-0.8123078019539,-6.63271324265002,-13.7336397095586,-3.84465380736765,-0.422711287786068,-9.67451935663405,-3.73212115646209,1.23900843671418,3.59184510822533,-0.0887385246105502,0.831284531804187,-0.227572286996204,-0.977959265427784,0.403618866789095,-9.34608921194667
2014-01-24,1.8224925144564,-0.837965527393812,-7.89401220865315,-4.2877419200469,-2.44972909129366,-2.61761974200607,0.28621677950496,0.626231873247225,-0.408629697283633,-0.296182707461422,-1.03206634508142,-0.235717531918623,-2.35681821542095,2.96581746479665,-3.85850033249284,-5.29296885336241,0.538678948271077,-4.87876389736109,-0.947695568979473,-0.909133097013313,-5.93652079404623,-0.955084443969754,1.10736662102802,-0.98063180022205,-4.7551933339353,-0.847890064095619,-7.64982964270678,-5.25821247737188,3.79780948333229,0.631118681767677,0.503101976685461,-1.51934455768923,-3.50424062979611,0.0723204648032357,-0.997217148415977,-0.752598311086573,-0.905221897902105,-4.24341986349372,-8.28622484318491,-6.07821870863738,-1.06369894978372,-10.0147085613518,-12.1035570418895,-3.39893274032602,0.9767758375926,-3.13038191972922,2.62955412826835,1.02163215726392,-2.70840435251828,-0.226412918259621,-5.59899002740317
2014-01-25,0.573138125807093,0.421688304551316,-11.8777095196486,-7.59896837366007,0.753474949826785,-3.28648290764997,0.862794920168597,-0.806130793518412,1.11967055075855,-5.10521523787695,0.638890594172734,-1.87849790939041,-5.2956927958979,3.86025646693,-4.48943690799657,-8.00295953319024,1.55737217947082,-6.93941527087033,2.5864607204709,-1.96726536628796,-11.9041346101814,-3.80983452914631,2.0967527014251,0.489029116695762,-9.21193164244154,-0.784579494213081,-3.52337969267267,-1.77219839695269,2.66248327303303,2.31318583944025,3.11200343192646,-0.326808752889998,-1.39903614287444,-0.128525196298064,-2.6854611358056,-0.055068058583983,-1.02441941845574,-3.97422396585319,0.731807618802828,-8.04563789533981,0.452029463576366,-4.09705369447759,-17.3212684070753,-3.70894792295009,-3.21811931104447,-1.06640832228395,0.497107494028149,-0.478148076449565,-3.32124118252964,2.89099532109608,-1.47230971238676
2014-01-26,2.03906149781093,-2.35033568080297,-10.1197702284076,-4.1925272490086,0.279803411795277,-8.01991668775796,-0.0877277548396926,-1.15625777688374,0.671330843582178,-3.92397515303428,-0.381766275661151,-0.75195439815547,-10.188471267055,7.37218724570366,-0.211146319158214,-0.108634316811235,1.01548575234776,-2.65120572130532,8.0021178348262,-0.994346555083454,-4.19287943195524,-10.2822781917281,1.52663814407954,0.616515104981456,-11.6955364105782,0.936123370381846,-5.17013945038471,-2.54625103846086,2.68108993663632,2.10113241706541,2.9090159847121,0.683679909585522,-1.23882356857743,2.92279236545166,-1.56239722303114,-0.415598560577605,-1.72185320966726,-3.12397757850649,-0.0364646797020693,-11.5213884342916,3.00569496331673,-2.67096593044357,-14.3465983162879,-1.43954236333281,-2.79986659552665,-0.258241617620011,-1.62343793910944,-5.61656783022129,-2.11717272092875,2.77136789396547,-0.795257122700025
2014-01-27,2.87094786078469,-3.95852401885601,-8.7836032198387,-1.21052203688595,1.34104430016491,-3.83228129895753,-0.400085242764281,-1.158732787435,-0.0966356264963094,-3.92813726636622,-2.77102228586819,-1.08230918901982,-16.4096730036676,4.48698222632928,-0.792648315377933,2.1129072659533,0.621222236563017,1.32235339316676,6.168334963973,-0.872585057847708,-0.92737452782672,-10.9045765535165,0.991398769848793,2.71849344580682,-8.28994037963694,-0.745969493979499,-11.852779039682,-0.469585018035417,5.13699768310859,2.12582350439186,4.33191723939717,-1.71875850762919,0.408137813605896,4.91432341809885,-0.347813203525597,-4.36229589467621,-1.17246201243902,-1.94060107257243,-2.45571226050653,-12.2116131572,3.13956249525309,-5.13130657441986,-5.81110117447422,-1.31975683671049,0.240030266352864,-1.66598058374054,-2.78812971274458,-7.25227309847639,-1.3902169425411,1.7704878047359,0.0531055947820078
2014-01-28,4.05763430656364,-0.450636169120832,-2.26946024228892,-1.94713444378444,-1.38682971932055,-10.4705908636137,-0.0967132807527808,-1.98080440508397,0.518670211102075,0.29011236992744,-1.34384185463996,-1.46365874039342,-16.0184928850681,5.78732098204505,3.60700696846235,-3.45852126622435,0.211655650306034,1.80940659691681,3.51531870077431,-1.88372502794984,-4.3621212764394,-8.74728682921107,1.23698830038523,3.45704025271379,-4.61873337603258,-0.646181751915014,-5.69548408392293,2.16967068265337,2.99797890368373,2.96628849612941,-0.222375635265916,-3.8809791585526,-0.454719971995977,5.84104824772886,0.99496622476415,-11.2030562549391,-0.686215674467867,-1.34276781676739,-7.06552382094519,-12.8577774255975,7.49864037911491,-3.83896210027718,-3.41855931841965,-1.75492445722399,0.565760915209755,-3.85824036496495,0.856596867436457,-5.32526965691599,-1.01603622757827,2.71333583001413,1.9609430091284
2014-01-29,7.23423095685581,-0.743638558008836,1.67456023699939,-0.374789675592844,0.773005218072749,-10.7108498280411,-0.310307076252112,-2.88246261146501,2.59862623654179,1.82055018298864,1.50688454443564,-3.10097207377274,-6.7320712803412,1.54731282048766,-1.0866285237858,-0.522177326337516,-2.16948225895575,-5.47386788770567,0.944795418705303,1.45856187413683,-3.56735090592517,-6.2342659329186,1.43522590431719,2.27673883321089,-2.6712187066241,0.747007175232188,-2.57723696095968,2.33268284371668,1.73640477955131,3.88721270062429,0.589664109893699,-2.88264196224306,-1.18387430221165,0.934589092210029,-1.95637702075882,-10.9508233662145,0.560251054767037,-2.31984824760192,-2.3752670808091,-8.81705721554598,8.38595448504992,-4.16712789924483,-0.696580654189756,-2.20973828897662,2.21827221332265,0.373379701157239,-0.380835993246656,-3.14738573106896,-1.13468513368275,3.43155143774626,-0.0837646776732178
2014-01-30,4.76286403773058,2.84119018227666,1.76562451950458,0.648895376271521,1.48313094786523,-10.4185679033665,1.54481506679278,-1.99164208206341,5.36080720742947,1.00681623230551,0.550544189076293,2.08367626744545,-6.60472052253131,0.5573119722645,-2.75016953787021,1.79732072112751,-2.66495085565835,-5.81909058526643,0.169538212531992,2.08622067560992,-5.12683083878323,-6.51997432583432,0.743226848751445,0.496971133037561,-2.35754381234013,1.18348117713663,-0.123711740525132,0.183248922210548,0.871634137175,3.64707007887957,-0.909898555767615,0.494561543225358,-3.69616719035987,-2.69086003437738,-3.10302789159265,-13.2160497634855,0.445629242851813,-2.25386446170233,1.61445082605732,-0.85502502108736,9.24988539278786,-3.20554281519747,-1.82083224820585,-1.27821065684023,1.13190403025239,1.73704847649981,-0.216588117665547,-3.83639183027079,-1.79974580121905,0.45220437968633,0.986122067832308
2014-01-31,3.43413164266867,-0.360669552554884,3.57483023029672,0.944070895665874,2.78217296413702,-7.20636540885072,2.05074804838692,-2.05305808728953,2.38269393423696,1.20309966774934,-1.4205613402106,1.91530206859687,-6.53089293875239,4.09447891849568,-1.95624343381365,1.87217142781059,-1.62140330120658,-1.12716715128632,3.95752386981704,0.314559249904295,-3.88051429847338,-8.4389648214619,0.356333965600042,0.122988721155104,-1.55832455461893,4.03404975929489,1.953058488113,-1.41115940573347,-0.787222538104124,2.91119127906432,-2.0911960871305,2.29192087515777,-5.13923955163427,-5.71958284034025,0.206723074335528,-14.2690979572385,0.940647481792249,-0.640216417434877,-3.81001426446267,-1.91730491119,7.89202997986371,-1.06146875280917,-2.87973495062513,-0.536038326170264,-0.586215239673206,3.77495085986082,-0.910765338537639,-2.44333044881778,-0.243941906603353,0.592152398291098,2.17090981768777
2014-02-01,3.74434713895175,-0.86452351152101,-0.369108115350361,-0.0381420646763385,0.924709000003712,0.675001531216977,1.56519764835037,-1.88869444590241,2.4915445373612,0.459925871699369,0.155183081559616,0.901589753324871,-6.41771994856103,0.231119317026347,-0.0454467156878516,1.00220535970973,-1.46312120942474,-3.02610506747046,1.05991426034253,1.79286061365267,-0.688803934439977,-13.0387377677009,-2.83929025716217,1.48756541911494,-0.558921170075155,5.28158088624466,3.48163237974606,-1.13641457486075,-1.73949632369318,-1.12411058385603,-1.60457295110841,1.57138950324021,-8.84831569939936,-8.35452260989839,0.511356884524314,-14.6512684176356,-0.748043818555583,0.493246365328778,-0.953877659238086,0.0846519588159504,6.44172949032554,-0.916052693623481,-4.68180900489035,-2.02792056166753,-0.792177497615243,4.4593855600025,-3.40647314350706,-1.97791469965392,-2.57716260993484,1.24888906735661,2.47848809834012
2014-02-02,1.98449696870455,-1.70175595448941,-0.763632379741161,-0.374296249855075,-0.485501284363841,-0.337879582065354,1.83471051457987,-1.29099695766891,2.09596516790759,-1.59207018479483,0.241495938402363,-1.88177502978367,-3.4184451776953,-1.47595634511613,2.30736942180274,0.431941847378547,0.357128322862245,-3.80936498276763,-2.34107333813597,1.44493535652139,0.0885624493330302,-10.5820349600222,-6.93569838481111,1.36726517082719,-2.55256306696809,4.05241392284101,3.5755509277343,-3.24766418664923,-3.58526236198057,2.67661369817511,-5.01258584804891,1.89250702980506,-6.28125510066128,-4.17066598998503,0.43107170076805,-9.22990329467646,-3.02778132799101,-1.00582017473723,-1.2569451275668,-1.30991617020853,1.18611049903661,-2.528035805072,-0.535486270423567,-0.116714835389525,1.7576464538034,1.70992794444408,-3.84408578425709,-1.72149444790757,-6.32882738152001,0.420258527783205,-1.23901919709005
